State,Capital,Scenario_Code,Scenario,Period,Rated_MVA,Hot_Spot_Limit_C,Ambient_Margin_C,Daily_Records,Hourly_Records,Minute_Records,Mean_Temperature_C,Min_Temperature_C,Max_Temperature_C,Mean_DTR_MVA,Min_DTR_MVA,Max_DTR_MVA,P10_DTR_MVA,Median_DTR_MVA,P90_DTR_MVA,Capacity_Gain_Percent,DTR_Below_22MVA_Percent,DTR_Below_21MVA_Percent,DTR_GE_25MVA_Percent,Lower_Candidate_Percent,Upper_Candidate_Percent,QC_PASS,Candidate_Boundary_Warning,Elapsed_Seconds
Alabama,Montgomery,ssp126,SSP1-2.6,2026-2050,22.0,110.0,5.0,9131,219121,13147201,20.71464262113622,-9.708923,36.079987,22.80886968479617,20.10877192982456,27.783959899749373,21.228070175438596,22.667167919799496,24.74586466165414,3.676680385437143,34.4581938010988,4.43881553191436,6.315732147093514,0.0,0.0,True,False,2.4909274578094482
Alaska,Juneau,ssp126,SSP1-2.6,2026-2050,22.0,110.0,5.0,9131,219121,13147201,4.35044314996264,-30.332855,26.71634,25.56080576407523,21.707769423558894,30.82205513784461,23.946365914786966,25.5453634085213,27.304260651629072,16.1854807457965,0.04691492888866611,0.0,63.60904499748654,0.0,0.0,True,False,8.949930906295776
Arizona,Phoenix,ssp126,SSP1-2.6,2026-2050,22.0,110.0,5.0,9131,219121,13147201,24.12527116140023,0.3100891,40.91623,22.20478817561763,19.14937343358396,26.18496240601504,20.268671679197993,22.347368421052632,24.1062656641604,0.9308553437164978,44.91384135680286,28.40228121559867,1.0179581189943014,0.0,0.0,True,False,6.8055500984191895
Arkansas,Little Rock,ssp126,SSP1-2.6,2026-2050,22.0,110.0,5.0,9131,219121,13147201,19.56543158301743,-11.411011,37.70114,23.00071442726076,19.788972431077692,28.103759398496244,21.068170426065162,22.986967418546364,25.065664160401,4.5487019420943655,31.11232573381969,9.076631596337501,11.484102205480848,0.0,0.0,True,False,3.455171585083008
California,Sacramento,ssp126,SSP1-2.6,2026-2050,22.0,110.0,5.0,9131,219121,13147201,18.653885674111958,-4.493744,34.640167,23.171553781761432,20.268671679197993,26.984461152882204,21.54786967418546,23.306766917293235,24.74586466165414,5.3252444625519635,21.411340710467574,1.0154556852063037,4.267569956525348,0.0,0.0,True,False,3.740821599960327
Colorado,Denver,ssp126,SSP1-2.6,2026-2050,22.0,110.0,5.0,9131,219121,13147201,12.117401232874274,-17.277954,30.624664,24.273640889222822,21.068170426065162,28.90325814536341,22.187468671679195,24.426065162907268,26.18496240601504,10.334731314649192,3.8227908738901917,0.0,38.22772619054048,0.0,0.0,True,False,9.501400470733643
Connecticut,Hartford,ssp126,SSP1-2.6,2026-2050,22.0,110.0,5.0,9131,219121,13147201,13.289694309733438,-14.88446,34.651154,24.070990581959258,20.268671679197993,28.58345864661654,21.86766917293233,23.946365914786966,26.18496240601504,9.413593554360263,10.396897408049059,0.22735637798494143,34.269263853195824,0.0,0.0,True,False,2.738724946975708
Delaware,Dover,ssp126,SSP1-2.6,2026-2050,22.0,110.0,5.0,9131,219121,13147201,16.083534186827084,-15.4096985,38.68741,23.5974243508224,19.62907268170426,28.743358395989976,21.38796992481203,23.466666666666665,25.86516290726817,7.261019776465457,19.123066575159232,2.5228944168420337,23.614737463890602,0.0,0.0,True,False,2.5636491775512695
Florida,Tallahassee,ssp126,SSP1-2.6,2026-2050,22.0,110.0,5.0,9131,219121,13147201,22.19879339759454,-4.153351,35.487823,22.55536754674357,20.10877192982456,26.984461152882204,21.228070175438596,22.347368421052632,24.266165413533837,2.524397939743508,38.74366110322646,3.1701348446715008,2.5877675407868184,0.0,0.0,True,False,2.509855270385742
Georgia,Atlanta,ssp126,SSP1-2.6,2026-2050,22.0,110.0,5.0,9131,219121,13147201,19.13936846968296,-12.668854,35.6445,23.080134179199213,20.10877192982456,28.263659147869674,21.38796992481203,22.986967418546364,25.065664160401,4.9097008145418775,29.144081694651202,1.7152091916750951,10.72105766086637,0.0,0.0,True,False,2.8907394409179688
Hawaii,Honolulu,ssp126,SSP1-2.6,2026-2050,22.0,110.0,5.0,9131,219121,13147201,24.390261959505768,18.481476,27.805298,22.187354261247492,21.54786967418546,23.146867167919797,21.86766917293233,22.187468671679195,22.667167919799496,0.8516102783976914,26.731857221928834,0.0,0.0,0.0,0.0,True,False,2.8991477489471436
Idaho,Boise,ssp126,SSP1-2.6,2026-2050,22.0,110.0,5.0,9131,219121,13147201,12.468255890620867,-24.150345,34.082672,24.20905807958535,20.428571428571427,30.022556390977442,21.86766917293233,24.5859649122807,26.18496240601504,10.041173089024321,11.252714551180894,0.06648563447078963,39.42500764991727,0.0,0.0,True,False,2.843644380569458
Illinois,Springfield,ssp126,SSP1-2.6,2026-2050,22.0,110.0,5.0,9131,219121,13147201,14.270552617818671,-21.044159,36.187897,23.89551247857888,20.10877192982456,29.54285714285714,21.54786967418546,23.6265664160401,26.504761904761903,8.61596581172218,17.351366271801886,1.8696374992669542,30.10523684851247,0.0,0.0,True,False,11.516059160232544
Indiana,Indianapolis,ssp126,SSP1-2.6,2026-2050,22.0,110.0,5.0,9131,219121,13147201,14.094190275242045,-21.385437,38.822968,23.927471555573494,19.469172932330824,29.54285714285714,21.54786967418546,23.786466165413536,26.344862155388473,8.761234343515879,16.06487190695571,1.7157416243959456,30.205204894943037,0.0,0.0,True,False,2.956519842147827
Iowa,Des Moines,ssp126,SSP1-2.6,2026-2050,22.0,110.0,5.0,9131,219121,13147201,12.734531414507332,-23.306946,37.560944,24.146921052894346,19.788972431077692,29.86265664160401,21.54786967418546,23.946365914786966,26.824561403508774,9.758732058610663,15.998644882663617,2.1834761634814894,36.45239773849963,0.0,0.0,True,False,8.21815299987793
Kansas,Topeka,ssp126,SSP1-2.6,2026-2050,22.0,110.0,5.0,9131,219121,13147201,15.597202471447918,-20.337494,36.811615,23.668196561706225,19.948872180451126,29.382957393483707,21.228070175438596,23.466666666666665,26.344862155388473,7.582711644119203,22.837096656543093,5.394425779297054,27.950032862508152,0.0,0.0,True,False,3.0250425338745117
Kentucky,Frankfort,ssp126,SSP1-2.6,2026-2050,22.0,110.0,5.0,9131,219121,13147201,15.369238877370165,-16.826813,38.804718,23.71674451886283,19.469172932330824,28.90325814536341,21.54786967418546,23.6265664160401,26.0250626566416,7.803384176649221,18.305812773380435,2.2339736039633076,25.081216906929466,0.0,0.0,True,False,2.908297300338745
Louisiana,Baton Rouge,ssp126,SSP1-2.6,2026-2050,22.0,110.0,5.0,9131,219121,13147201,22.420562014716246,-2.2930603,34.78827,22.516021413730318,20.268671679197993,26.66466165413534,21.068170426065162,22.347368421052632,24.266165413533837,2.3455518805923536,39.80603932350316,5.278750967601393,1.7089797288411428,0.0,0.0,True,False,7.2529380321502686
Maine,Augusta,ssp126,SSP1-2.6,2026-2050,22.0,110.0,5.0,9131,219121,13147201,9.593752519325674,-22.441727,33.891815,24.685156688999204,20.428571428571427,29.70275689223058,22.347368421052632,24.5859649122807,26.984461152882204,12.205257677269108,3.499452088699336,0.016452171074284178,45.061583830657185,0.0,0.0,True,False,4.696725845336914
Maryland,Annapolis,ssp126,SSP1-2.6,2026-2050,22.0,110.0,5.0,9131,219121,13147201,16.587404698092993,-16.283752,39.825714,23.50997690769137,19.30927318295739,28.743358395989976,21.38796992481203,23.466666666666665,25.705263157894738,6.86353139859714,21.17087888136798,4.096400442953599,22.43441018358204,0.0,0.0,True,False,7.983144283294678
Massachusetts,Boston,ssp126,SSP1-2.6,2026-2050,22.0,110.0,5.0,9131,219121,13147201,12.797651521245987,-14.406403,30.478363,24.15592987404619,21.068170426065162,28.58345864661654,22.027568922305765,24.1062656641604,26.18496240601504,9.799681245664503,7.519729864934749,0.0,35.26382535719961,0.0,0.0,True,False,4.28423810005188
Michigan,Lansing,ssp126,SSP1-2.6,2026-2050,22.0,110.0,5.0,9131,219121,13147201,11.641070693276646,-19.861053,36.319458,24.340483459955696,19.948872180451126,29.382957393483707,22.027568922305765,24.266165413533837,26.824561403508774,10.638561181616799,9.57621321831164,0.838155589163047,37.97222694016772,0.0,0.0,True,False,2.4417452812194824
Minnesota,Saint Paul,ssp126,SSP1-2.6,2026-2050,22.0,110.0,5.0,9131,219121,13147201,10.484349947345377,-27.87741,37.255585,24.519675335436354,19.788972431077692,30.502255639097744,21.86766917293233,24.426065162907268,27.304260651629072,11.453069706528881,11.492088696293607,0.9364883065224301,42.621931466629285,0.0,0.0,True,False,2.593400239944458
Mississippi,Jackson,ssp126,SSP1-2.6,2026-2050,22.0,110.0,5.0,9131,219121,13147201,20.51479598039097,-10.801056,36.45694,22.842191592291105,19.948872180451126,27.943859649122807,21.068170426065162,22.827067669172934,24.74586466165414,3.8281436013232035,33.53456754787578,6.130947568231444,6.989518149148248,0.0,0.0,True,False,2.463836669921875
Missouri,Jefferson City,ssp126,SSP1-2.6,2026-2050,22.0,110.0,5.0,9131,219121,13147201,15.461077322062637,-18.604004,36.522644,23.696259590727237,19.948872180451126,29.223057644110277,21.38796992481203,23.466666666666665,26.18496240601504,7.710270866941987,20.077688018917485,3.1133927289922774,26.545315615087954,0.0,0.0,True,False,2.4824166297912598
Montana,Helena,ssp126,SSP1-2.6,2026-2050,22.0,110.0,5.0,9131,219121,13147201,10.301301307289124,-28.625107,30.990875,24.57027602760473,21.068170426065162,30.662155388471177,22.187468671679195,24.90576441102757,26.504761904761903,11.683072852748776,5.392524233865444,0.0,47.930087932785085,0.0,0.0,True,False,2.5055932998657227
Nebraska,Lincoln,ssp126,SSP1-2.6,2026-2050,22.0,110.0,5.0,9131,219121,13147201,13.35297872194482,-23.767319,35.713135,24.043320004921995,20.10877192982456,29.86265664160401,21.54786967418546,23.946365914786966,26.66466165413534,9.287818204190886,18.570576353095994,2.6567327905004268,35.809158162258264,0.0,0.0,True,False,2.533106803894043
Nevada,Carson City,ssp126,SSP1-2.6,2026-2050,22.0,110.0,5.0,9131,219121,13147201,10.531996856837395,-15.783356,28.024689,24.54539004990672,21.54786967418546,28.743358395989976,22.827067669172934,24.74586466165414,26.0250626566416,11.56995477230328,0.5063891546192989,0.0,45.66123237942434,0.0,0.0,True,False,2.5116264820098877
New Hampshire,Concord,ssp126,SSP1-2.6,2026-2050,22.0,110.0,5.0,9131,219121,13147201,11.169917522437082,-18.699326,32.583252,24.424700678338855,20.748370927318295,29.223057644110277,22.187468671679195,24.426065162907268,26.66466165413534,11.021366719722069,6.121797331614539,0.05728976076352678,40.80248716057509,0.0,0.0,True,False,2.6255767345428467
New Jersey,Trenton,ssp126,SSP1-2.6,2026-2050,22.0,110.0,5.0,9131,219121,13147201,14.955853893819016,-14.147003,36.085846,23.789518371081,20.10877192982456,28.423558897243108,21.707769423558894,23.786466165413536,26.0250626566416,8.134174414004553,15.369195313892286,0.8845761162394947,27.861010111581923,0.0,0.0,True,False,2.6011223793029785
New Mexico,Santa Fe,ssp126,SSP1-2.6,2026-2050,22.0,110.0,5.0,9131,219121,13147201,10.758769340503424,-19.994705,29.055939,24.50605044803005,21.38796992481203,29.382957393483707,22.667167919799496,24.5859649122807,26.18496240601504,11.391138400136585,0.3787346067044993,0.0,42.15520854971336,0.0,0.0,True,False,2.60516357421875
New York,Albany,ssp126,SSP1-2.6,2026-2050,22.0,110.0,5.0,9131,219121,13147201,12.27591165215099,-17.760956,35.55194,24.236463324638112,20.10877192982456,29.06315789473684,21.86766917293233,24.1062656641604,26.504761904761903,10.165742384718692,10.53755092053434,0.830922110341205,37.83498099709588,0.0,0.0,True,False,6.691955089569092
North Carolina,Raleigh,ssp126,SSP1-2.6,2026-2050,22.0,110.0,5.0,9131,219121,13147201,18.015946466864108,-11.500702,36.632355,23.270030259158066,19.948872180451126,28.103759398496244,21.38796992481203,23.146867167919797,25.38546365914787,5.772864814354845,25.25587005173192,3.4295132477247434,15.52620211708941,0.0,0.0,True,False,2.4714298248291016
North Dakota,Bismarck,ssp126,SSP1-2.6,2026-2050,22.0,110.0,5.0,9131,219121,13147201,8.447085245206424,-30.692535,33.24716,24.854563219161555,20.58847117794486,30.981954887218045,22.027568922305765,24.90576441102757,27.783959899749373,12.975287359825252,8.498759545853144,0.19821709579095959,48.11421077383696,0.0,0.0,True,False,2.567417621612549
Ohio,Columbus,ssp126,SSP1-2.6,2026-2050,22.0,110.0,5.0,9131,219121,13147201,13.912829444757644,-18.87741,38.063385,23.961408983163953,19.62907268170426,29.223057644110277,21.707769423558894,23.786466165413536,26.344862155388473,8.915495378017967,14.032089415838398,1.5478199504213863,30.190616238391733,0.0,0.0,True,False,2.5349626541137695
Oklahoma,Oklahoma City,ssp126,SSP1-2.6,2026-2050,22.0,110.0,5.0,9131,219121,13147201,18.738759143212853,-15.959015,37.075043,23.140143952677608,19.788972431077692,28.743358395989976,21.068170426065162,22.986967418546364,25.225563909774436,5.182472512170945,29.528817578737865,9.753460071082811,15.565936810428319,0.0,0.0,True,False,2.5844614505767822
Oregon,Salem,ssp126,SSP1-2.6,2026-2050,22.0,110.0,5.0,9131,219121,13147201,13.869866270475438,-10.298706,31.768585,23.992638226929397,20.90827067669173,27.943859649122807,22.507268170426066,24.266165413533837,25.225563909774436,9.057446486042716,1.2606561655214672,0.01557746017574387,18.177154209477745,0.0,0.0,True,False,3.456528663635254
Pennsylvania,Harrisburg,ssp126,SSP1-2.6,2026-2050,22.0,110.0,5.0,9131,219121,13147201,13.715794390759783,-17.524567,38.886047,23.995489876838466,19.469172932330824,29.06315789473684,21.707769423558894,23.946365914786966,26.344862155388473,9.070408531083936,13.553584523428219,1.6107382856624768,31.665698272963194,0.0,0.0,True,False,2.8214566707611084
Rhode Island,Providence,ssp126,SSP1-2.6,2026-2050,22.0,110.0,5.0,9131,219121,13147201,13.235467163123618,-12.935638,30.701263,24.083462194700154,21.068170426065162,28.263659147869674,22.027568922305765,24.1062656641604,26.18496240601504,9.470282703182518,7.883929058360027,0.0,33.51218255505488,0.0,0.0,True,False,2.80363392829895
South Carolina,Columbia,ssp126,SSP1-2.6,2026-2050,22.0,110.0,5.0,9131,219121,13147201,19.647549910178743,-11.596161,36.10263,22.99149854353848,20.10877192982456,28.103759398496244,21.228070175438596,22.827067669172934,24.90576441102757,4.506811561538545,31.300373364642404,3.9264098875494486,9.569010164216703,0.0,0.0,True,False,9.206267356872559
South Dakota,Pierre,ssp126,SSP1-2.6,2026-2050,22.0,110.0,5.0,9131,219121,13147201,11.687622403022774,-25.674484,37.28299,24.315687178965884,19.788972431077692,30.18245614035088,21.54786967418546,24.426065162907268,27.14436090225564,10.525850813481293,17.284789363150377,3.736399861841315,42.42679487443753,0.0,0.0,True,False,2.9125592708587646
Tennessee,Nashville,ssp126,SSP1-2.6,2026-2050,22.0,110.0,5.0,9131,219121,13147201,17.515810085380696,-13.273285,36.42044,23.353879617658365,19.948872180451126,28.423558897243108,21.38796992481203,23.306766917293235,25.38546365914787,6.1539982620834754,24.31076394131344,3.338809530636978,17.361687860404658,0.0,0.0,True,False,2.8276684284210205
Texas,Austin,ssp126,SSP1-2.6,2026-2050,22.0,110.0,5.0,9131,219121,13147201,22.463005225424936,-6.9405823,37.77411,22.50410617598778,19.788972431077692,27.304260651629072,20.90827067669173,22.347368421052632,24.426065162907268,2.2913917090353597,41.41492930700611,12.790783376628987,3.1801978230955776,0.0,0.0,True,False,6.860236644744873
Utah,Salt Lake City,ssp126,SSP1-2.6,2026-2050,22.0,110.0,5.0,9131,219121,13147201,11.677055863157136,-18.956146,32.214935,24.341316052166217,20.748370927318295,29.223057644110277,22.027568922305765,24.5859649122807,26.344862155388473,10.642345691664623,6.334983393043128,0.01285444711767927,43.915096452849546,0.0,0.0,True,False,4.371284246444702
Vermont,Montpelier,ssp126,SSP1-2.6,2026-2050,22.0,110.0,5.0,9131,219121,13147201,8.163023313163619,-25.724258,31.899658,24.919501860201258,20.90827067669173,30.18245614035088,22.667167919799496,24.90576441102757,27.304260651629072,13.270463000914809,2.4077748564124026,0.016649931799171548,48.04916270771246,0.0,0.0,True,False,2.796461582183838
Virginia,Richmond,ssp126,SSP1-2.6,2026-2050,22.0,110.0,5.0,9131,219121,13147201,17.356988645358683,-15.665436,37.735046,23.380669877755246,19.788972431077692,28.743358395989976,21.38796992481203,23.306766917293235,25.5453634085213,6.275772171614752,23.242315988019048,4.183240219724335,18.617103366716613,0.0,0.0,True,False,3.526691198348999
Washington,Olympia,ssp126,SSP1-2.6,2026-2050,22.0,110.0,5.0,9131,219121,13147201,13.621405140487443,-10.45047,32.241608,24.03561439484485,20.748370927318295,27.943859649122807,22.667167919799496,24.266165413533837,25.225563909774436,9.252792703840223,1.0486794869873823,0.06415814286249978,17.121682402208652,0.0,0.0,True,False,6.451831579208374
West Virginia,Charleston,ssp126,SSP1-2.6,2026-2050,22.0,110.0,5.0,9131,219121,13147201,15.488118780000715,-19.935349,36.314545,23.698774345881464,19.948872180451126,29.382957393483707,21.54786967418546,23.6265664160401,25.86516290726817,7.721701572188473,17.120039466955742,1.5119187726726016,24.082373122613703,0.0,0.0,True,False,2.6418070793151855
Wisconsin,Madison,ssp126,SSP1-2.6,2026-2050,22.0,110.0,5.0,9131,219121,13147201,10.743541504104977,-27.35942,37.21286,24.483973053658918,19.788972431077692,30.502255639097744,22.027568922305765,24.266165413533837,27.14436090225564,11.290786607540536,9.643314953502271,0.7175900026172871,40.542218834259856,0.0,0.0,True,False,2.636813163757324
Wyoming,Cheyenne,ssp126,SSP1-2.6,2026-2050,22.0,110.0,5.0,9131,219121,13147201,10.077716346352076,-18.473602,29.67038,24.61282038644529,21.228070175438596,29.06315789473684,22.507268170426066,24.90576441102757,26.504761904761903,11.876456302024042,1.2595456629894075,0.0,47.22628793763783,0.0,0.0,True,False,6.593370676040649
Alabama,Montgomery,ssp126,SSP1-2.6,2051-2075,22.0,110.0,5.0,9131,219121,13147201,21.07587038735955,-8.395172,39.151093,22.74374272323718,19.469172932330824,27.624060150375943,21.068170426065162,22.667167919799496,24.74586466165414,3.38064874198718,38.1685500967088,6.9300758389561405,6.579446073730827,0.0,0.0,True,False,4.047902584075928
Alaska,Juneau,ssp126,SSP1-2.6,2051-2075,22.0,110.0,5.0,9131,219121,13147201,5.544144690788379,-28.129715,25.38971,25.37068109433599,22.027568922305765,30.502255639097744,23.786466165413536,25.5453634085213,26.824561403508774,15.321277701527222,0.0,0.0,61.885841708816955,0.0,0.0,True,False,4.354121685028076
Arizona,Phoenix,ssp126,SSP1-2.6,2051-2075,22.0,110.0,5.0,9131,219121,13147201,24.586267828007795,2.2165222,42.790436,22.12236328597924,18.82957393483709,25.86516290726817,20.10877192982456,22.187468671679195,24.1062656641604,0.5561967544510923,45.34537047087056,29.26953805604706,0.4711345023172613,0.0,0.0,True,False,7.7817981243133545
Arkansas,Little Rock,ssp126,SSP1-2.6,2051-2075,22.0,110.0,5.0,9131,219121,13147201,20.14318412901543,-7.966095,39.400238,22.89856568757608,19.469172932330824,27.464160401002506,20.90827067669173,22.827067669172934,25.065664160401,4.084389488982187,35.29235614485547,12.368670715538615,11.375896664240548,0.0,0.0,True,False,3.1582305431365967
California,Sacramento,ssp126,SSP1-2.6,2051-2075,22.0,110.0,5.0,9131,219121,13147201,19.246803151872566,-0.4694519,35.444824,23.069273069333626,20.10877192982456,26.344862155388473,21.38796992481203,23.146867167919797,24.5859649122807,4.860332133334663,23.86609895140418,2.1486246388109533,2.6757406386347937,0.0,0.0,True,False,7.971075534820557
Colorado,Denver,ssp126,SSP1-2.6,2051-2075,22.0,110.0,5.0,9131,219121,13147201,12.716251850949615,-12.683136,32.06302,24.172436439995163,20.748370927318295,28.263659147869674,22.187468671679195,24.426065162907268,26.0250626566416,9.874711090887105,6.812986277459363,0.01267189875624477,36.038469328946896,0.0,0.0,True,False,5.137918472290039
Connecticut,Hartford,ssp126,SSP1-2.6,2051-2075,22.0,110.0,5.0,9131,219121,13147201,14.15506014666508,-12.311005,34.65091,23.925635965650255,20.268671679197993,28.263659147869674,21.86766917293233,23.946365914786966,26.0250626566416,8.752890752955702,12.928729088419658,0.5254198212988453,32.870616338793326,0.0,0.0,True,False,2.380523204803467
Delaware,Dover,ssp126,SSP1-2.6,2051-2075,22.0,110.0,5.0,9131,219121,13147201,16.890962367606452,-11.127411,36.901825,23.45917334893417,19.948872180451126,28.103759398496244,21.38796992481203,23.466666666666665,25.705263157894738,6.632606131518948,23.39167097239937,3.9150538582318775,21.593067604275618,0.0,0.0,True,False,2.6926355361938477
Florida,Tallahassee,ssp126,SSP1-2.6,2051-2075,22.0,110.0,5.0,9131,219121,13147201,22.413093000889567,-1.4891968,36.409393,22.51558387622832,19.948872180451126,26.504761904761903,21.068170426065162,22.347368421052632,24.266165413533837,2.343563073765089,42.03991404710402,5.392957786223851,2.455283067475731,0.0,0.0,True,False,8.782993793487549
Georgia,Atlanta,ssp126,SSP1-2.6,2051-2075,22.0,110.0,5.0,9131,219121,13147201,19.55976624014754,-9.376678,37.31961,23.005953031238015,19.788972431077692,27.783959899749373,21.228070175438596,22.827067669172934,25.065664160401,4.572513778354613,33.41458003114123,2.9275356785067785,10.677672000298772,0.0,0.0,True,False,2.426354169845581
Hawaii,Honolulu,ssp126,SSP1-2.6,2051-2075,22.0,110.0,5.0,9131,219121,13147201,24.70341485217088,19.348663,27.967804,22.130613558792998,21.54786967418546,23.146867167919797,21.707769423558894,22.027568922305765,22.507268170426066,0.593697994513627,36.85548733909217,0.0,0.0,0.0,0.0,True,False,2.5312232971191406
Idaho,Boise,ssp126,SSP1-2.6,2051-2075,22.0,110.0,5.0,9131,219121,13147201,13.318494780238844,-16.731445,33.598175,24.067554170324087,20.58847117794486,28.90325814536341,21.707769423558894,24.426065162907268,26.0250626566416,9.397973501473121,13.83311930805652,0.5759400803258428,35.3221419524962,0.0,0.0,True,False,7.755967378616333
Illinois,Springfield,ssp126,SSP1-2.6,2051-2075,22.0,110.0,5.0,9131,219121,13147201,15.165223178681066,-19.567413,35.999176,23.743328239366676,20.10877192982456,29.382957393483707,21.38796992481203,23.6265664160401,26.344862155388473,7.924219269848526,21.341941908395558,2.9695750449087988,28.868745522335892,0.0,0.0,True,False,3.8710806369781494
Indiana,Indianapolis,ssp126,SSP1-2.6,2051-2075,22.0,110.0,5.0,9131,219121,13147201,15.012775881251486,-19.877716,37.154297,23.77157147667586,19.788972431077692,29.382957393483707,21.38796992481203,23.6265664160401,26.18496240601504,8.052597621253907,19.920810520809713,2.6062277438368824,28.7668987490189,0.0,0.0,True,False,2.685061454772949
Iowa,Des Moines,ssp126,SSP1-2.6,2051-2075,22.0,110.0,5.0,9131,219121,13147201,13.55901079935279,-23.874023,36.048615,24.008779742478854,20.10877192982456,30.022556390977442,21.38796992481203,23.786466165413536,26.66466165413534,9.130817011267519,18.73246632496149,3.1734663522676803,35.11739114660223,0.0,0.0,True,False,3.7795231342315674
Kansas,Topeka,ssp126,SSP1-2.6,2051-2075,22.0,110.0,5.0,9131,219121,13147201,16.302604331392963,-18.18187,37.09372,23.547377929580446,19.788972431077692,29.06315789473684,21.068170426065162,23.466666666666665,26.18496240601504,7.033536043547479,26.478594188983646,6.9790292245474905,27.17706225074067,0.0,0.0,True,False,4.674952507019043
Kentucky,Frankfort,ssp126,SSP1-2.6,2051-2075,22.0,110.0,5.0,9131,219121,13147201,16.155239771252695,-18.757874,38.288483,23.58208064340407,19.62907268170426,29.223057644110277,21.38796992481203,23.466666666666665,25.86516290726817,7.191275651836677,21.85262094950857,3.0478046239652072,23.72347543785175,0.0,0.0,True,False,3.0404512882232666
Louisiana,Baton Rouge,ssp126,SSP1-2.6,2051-2075,22.0,110.0,5.0,9131,219121,13147201,22.76856972336805,0.66415405,36.544037,22.45390512370205,19.948872180451126,26.18496240601504,21.068170426065162,22.347368421052632,24.266165413533837,2.0632051077365916,43.05845023590953,7.871637468690104,1.150465410850568,0.0,0.0,True,False,3.4036808013916016
Maine,Augusta,ssp126,SSP1-2.6,2051-2075,22.0,110.0,5.0,9131,219121,13147201,10.74051373470412,-18.456482,32.203033,24.495728163013663,20.748370927318295,29.06315789473684,22.347368421052632,24.5859649122807,26.66466165413534,11.344218922789375,4.786471280084636,0.03477546285327196,43.14525958795336,0.0,0.0,True,False,14.488107919692993
Maryland,Annapolis,ssp126,SSP1-2.6,2051-2075,22.0,110.0,5.0,9131,219121,13147201,17.445914769771214,-11.946564,37.67697,23.36298061662054,19.788972431077692,28.103759398496244,21.228070175438596,23.306766917293235,25.5453634085213,6.195366439184272,25.69248770137461,5.902290533171281,20.329703638059538,0.0,0.0,True,False,4.003342866897583
Massachusetts,Boston,ssp126,SSP1-2.6,2051-2075,22.0,110.0,5.0,9131,219121,13147201,13.695408851626011,-11.647797,31.39914,24.005161310377954,20.90827067669173,28.103759398496244,21.86766917293233,23.946365914786966,26.0250626566416,9.114369592627062,10.385290374734515,0.007781123906145497,33.79668417635054,0.0,0.0,True,False,3.03667950630188
Michigan,Lansing,ssp126,SSP1-2.6,2051-2075,22.0,110.0,5.0,9131,219121,13147201,12.741210291341623,-20.383759,36.51541,24.15565814470999,19.948872180451126,29.382957393483707,21.707769423558894,24.1062656641604,26.504761904761903,9.79844611231813,12.833271507752867,1.7188829774489642,36.992824556344736,0.0,0.0,True,False,9.675884485244751
Minnesota,Saint Paul,ssp126,SSP1-2.6,2051-2075,22.0,110.0,5.0,9131,219121,13147201,11.566610458033662,-23.062714,35.46393,24.3400352074978,20.10877192982456,29.86265664160401,21.707769423558894,24.266165413533837,26.984461152882204,10.636523670444541,14.472616642888475,2.5485880987139393,41.15294198362069,0.0,0.0,True,False,3.039576292037964
Mississippi,Jackson,ssp126,SSP1-2.6,2051-2075,22.0,110.0,5.0,9131,219121,13147201,20.971365647359473,-4.2169495,38.26779,22.761218731208295,19.62907268170426,26.984461152882204,21.068170426065162,22.667167919799496,24.74586466165414,3.460085141855887,37.3739398979296,8.26848239408525,6.708348035448762,0.0,0.0,True,False,9.28719162940979
Missouri,Jefferson City,ssp126,SSP1-2.6,2051-2075,22.0,110.0,5.0,9131,219121,13147201,16.23742324653862,-14.766449,36.13333,23.563341438211786,20.10877192982456,28.58345864661654,21.228070175438596,23.466666666666665,26.0250626566416,7.10609744641721,23.8900127867521,4.260739605335006,25.588997992804703,0.0,0.0,True,False,3.5322673320770264
Montana,Helena,ssp126,SSP1-2.6,2051-2075,22.0,110.0,5.0,9131,219121,13147201,11.111789742773945,-26.78717,32.54837,24.43628124702117,20.748370927318295,30.34235588972431,22.187468671679195,24.74586466165414,26.344862155388473,11.07400566827805,7.261979184770964,0.12902366062555823,45.59662547183997,0.0,0.0,True,False,2.9870853424072266
Nebraska,Lincoln,ssp126,SSP1-2.6,2051-2075,22.0,110.0,5.0,9131,219121,13147201,14.048998430250931,-21.763184,35.276337,23.925609087043465,20.268671679197993,29.70275689223058,21.38796992481203,23.786466165413536,26.66466165413534,8.752768577470297,21.054625999861113,4.108273692628568,34.76978864170404,0.0,0.0,True,False,2.6875483989715576
Nevada,Carson City,ssp126,SSP1-2.6,2051-2075,22.0,110.0,5.0,9131,219121,13147201,11.020117165700066,-10.441986,29.194305,24.4635022459136,21.38796992481203,27.943859649122807,22.667167919799496,24.74586466165414,26.0250626566416,11.19773748142545,1.045302342300844,0.0,43.33301818387047,0.0,0.0,True,False,2.6393027305603027
New Hampshire,Concord,ssp126,SSP1-2.6,2051-2075,22.0,110.0,5.0,9131,219121,13147201,12.284075060277802,-15.470154,34.86093,24.238420050725875,20.268671679197993,28.743358395989976,22.027568922305765,24.266165413533837,26.344862155388473,10.17463659420852,8.776255873778762,0.29365185791257015,38.92237594907083,0.0,0.0,True,False,2.5409467220306396
New Jersey,Trenton,ssp126,SSP1-2.6,2051-2075,22.0,110.0,5.0,9131,219121,13147201,15.759985642794142,-11.102936,34.885834,23.652800021406485,20.268671679197993,27.943859649122807,21.54786967418546,23.6265664160401,25.86516290726817,7.512727370029476,19.074219676112047,1.627700070912432,26.064749447429914,0.0,0.0,True,False,2.3352932929992676
New Mexico,Santa Fe,ssp126,SSP1-2.6,2051-2075,22.0,110.0,5.0,9131,219121,13147201,11.2737808728399,-15.403778,29.936218,24.419329979995798,21.228070175438596,28.743358395989976,22.667167919799496,24.426065162907268,26.18496240601504,10.996954454526353,0.8674089640829253,0.0,40.661681524455275,0.0,0.0,True,False,2.4712438583374023
New York,Albany,ssp126,SSP1-2.6,2051-2075,22.0,110.0,5.0,9131,219121,13147201,13.411910004219536,-17.212418,36.1456,24.04589435517726,20.10877192982456,28.90325814536341,21.707769423558894,24.1062656641604,26.344862155388473,9.299519796260276,13.476838149808465,1.4716820713397476,36.41492208113347,0.0,0.0,True,False,2.6001272201538086
North Carolina,Raleigh,ssp126,SSP1-2.6,2051-2075,22.0,110.0,5.0,9131,219121,13147201,18.678669610214488,-14.043793,36.52707,23.154975798989344,19.948872180451126,28.423558897243108,21.228070175438596,23.146867167919797,25.225563909774436,5.24988999540611,29.791398184297936,4.585843024686395,13.850149548942014,0.0,0.0,True,False,2.5214266777038574
North Dakota,Bismarck,ssp126,SSP1-2.6,2051-2075,22.0,110.0,5.0,9131,219121,13147201,9.528047123741601,-26.923645,36.50763,24.67620049397027,19.948872180451126,30.34235588972431,21.86766917293233,24.74586466165414,27.464160401002506,12.164547699864867,12.102971575470702,0.8226694031680203,47.25337355076567,0.0,0.0,True,False,2.3427274227142334
Ohio,Columbus,ssp126,SSP1-2.6,2051-2075,22.0,110.0,5.0,9131,219121,13147201,14.821324129731941,-18.518799,37.13452,23.80768592546944,19.788972431077692,29.223057644110277,21.54786967418546,23.786466165413536,26.18496240601504,8.216754206679267,17.36606141489736,2.2276300484034586,28.6573697321582,0.0,0.0,True,False,2.5199756622314453
Oklahoma,Oklahoma City,ssp126,SSP1-2.6,2051-2075,22.0,110.0,5.0,9131,219121,13147201,19.46765361191102,-11.239227,38.157257,23.011661658128478,19.62907268170426,28.103759398496244,20.748370927318295,22.986967418546364,25.225563909774436,4.598462082402173,34.14793764847742,13.828578417565836,15.295521837690016,0.0,0.0,True,False,2.293355703353882
Oregon,Salem,ssp126,SSP1-2.6,2051-2075,22.0,110.0,5.0,9131,219121,13147201,14.522191171174907,-9.1658325,31.1008,23.883440140852656,20.90827067669173,27.783959899749373,22.507268170426066,24.1062656641604,25.065664160401,8.561091549330255,1.5671700767334433,0.0006389192650207447,12.98487031574249,0.0,0.0,True,False,3.416062116622925
Pennsylvania,Harrisburg,ssp126,SSP1-2.6,2051-2075,22.0,110.0,5.0,9131,219121,13147201,14.684088861062182,-14.982025,37.378326,23.83139479046156,19.788972431077692,28.58345864661654,21.54786967418546,23.786466165413536,26.18496240601504,8.324521774825268,17.155788521069997,2.3995221492392185,30.04558156523202,0.0,0.0,True,False,2.6378536224365234
Rhode Island,Providence,ssp126,SSP1-2.6,2051-2075,22.0,110.0,5.0,9131,219121,13147201,14.020897930376371,-10.427368,31.599396,23.95158736996987,20.90827067669173,27.943859649122807,21.86766917293233,23.946365914786966,25.86516290726817,8.870851681681234,10.21307120808452,0.007377996274644314,32.116471026798784,0.0,0.0,True,False,2.8177895545959473
South Carolina,Columbia,ssp126,SSP1-2.6,2051-2075,22.0,110.0,5.0,9131,219121,13147201,20.115642432330993,-6.8976135,36.933197,22.90880328673765,19.948872180451126,27.304260651629072,21.068170426065162,22.827067669172934,24.90576441102757,4.130924030625687,35.35986861385933,5.578845261436256,9.22901384104495,0.0,0.0,True,False,6.4783971309661865
South Dakota,Pierre,ssp126,SSP1-2.6,2051-2075,22.0,110.0,5.0,9131,219121,13147201,12.460113356517697,-23.27031,40.15155,24.186334236477432,19.30927318295739,29.86265664160401,21.228070175438596,24.266165413533837,26.984461152882204,9.937882893079236,19.516435475505396,5.789437614896128,40.89140342495715,0.0,0.0,True,False,5.583115577697754
Tennessee,Nashville,ssp126,SSP1-2.6,2051-2075,22.0,110.0,5.0,9131,219121,13147201,18.160658251104646,-12.20816,37.249847,23.241441297289285,19.788972431077692,28.263659147869674,21.228070175438596,23.146867167919797,25.38546365914787,5.642914987678567,28.824203722145874,5.053075555777994,16.154700913144936,0.0,0.0,True,False,2.6910340785980225
Texas,Austin,ssp126,SSP1-2.6,2051-2075,22.0,110.0,5.0,9131,219121,13147201,22.890698511565784,-3.9311218,36.715607,22.428129026277613,19.948872180451126,26.984461152882204,20.748370927318295,22.187468671679195,24.266165413533837,1.9460410285346053,43.889068098981674,17.471992707801455,2.5643861381597497,0.0,0.0,True,False,3.9431612491607666
Utah,Salt Lake City,ssp126,SSP1-2.6,2051-2075,22.0,110.0,5.0,9131,219121,13147201,12.35619020681331,-16.357697,31.520172,24.22917745866853,20.90827067669173,28.743358395989976,22.027568922305765,24.5859649122807,26.18496240601504,10.132624812129686,9.101480992037773,0.010557380236295164,41.96538107236666,0.0,0.0,True,False,6.809053659439087
Vermont,Montpelier,ssp126,SSP1-2.6,2051-2075,22.0,110.0,5.0,9131,219121,13147201,9.517858668626475,-25.215637,33.62082,24.697681256244138,20.58847117794486,30.18245614035088,22.507268170426066,24.74586466165414,26.984461152882204,12.262187528382446,3.518665303740317,0.08566842478486485,46.09233554731536,0.0,0.0,True,False,2.859809637069702
Virginia,Richmond,ssp126,SSP1-2.6,2051-2075,22.0,110.0,5.0,9131,219121,13147201,18.130346468911448,-13.956085,37.211853,23.247372712559507,19.788972431077692,28.423558897243108,21.228070175438596,23.146867167919797,25.38546365914787,5.669875966179577,27.468204068683516,5.83794223576562,16.531959920594506,0.0,0.0,True,False,2.6540448665618896
Washington,Olympia,ssp126,SSP1-2.6,2051-2075,22.0,110.0,5.0,9131,219121,13147201,14.358465695031288,-7.1662292,32.038116,23.912438618363662,20.748370927318295,27.464160401002506,22.667167919799496,24.1062656641604,25.065664160401,8.69290281074392,1.2859619321253246,0.016687962707803736,12.954993233921044,0.0,0.0,True,False,7.414636135101318
West Virginia,Charleston,ssp126,SSP1-2.6,2051-2075,22.0,110.0,5.0,9131,219121,13147201,16.26028106656847,-14.663971,35.47934,23.567158334161395,20.10877192982456,28.58345864661654,21.54786967418546,23.466666666666665,25.86516290726817,7.123446973460884,20.660998489336247,2.148898461353105,22.43133728616456,0.0,0.0,True,False,2.653717279434204
Wisconsin,Madison,ssp126,SSP1-2.6,2051-2075,22.0,110.0,5.0,9131,219121,13147201,11.716530143070637,-23.291733,36.822296,24.322210799268685,19.948872180451126,29.86265664160401,21.86766917293233,24.266165413533837,26.824561403508774,10.555503633039477,12.271577805800641,1.472800180053534,39.26821381980849,0.0,0.0,True,False,2.8254120349884033
Wyoming,Cheyenne,ssp126,SSP1-2.6,2051-2075,22.0,110.0,5.0,9131,219121,13147201,10.772149529240679,-18.063416,29.720612,24.496781913860374,21.228070175438596,29.06315789473684,22.347368421052632,24.74586466165414,26.344862155388473,11.349008699365339,3.3009915950931306,0.0,45.667849757526334,0.0,0.0,True,False,7.006786346435547
Alabama,Montgomery,ssp245,SSP2-4.5,2026-2050,22.0,110.0,5.0,9131,219121,13147201,20.72935170807702,-11.676086,37.374542,22.80524523237385,19.788972431077692,28.103759398496244,21.228070175438596,22.667167919799496,24.74586466165414,3.660205601699315,35.49747965365403,4.55372211925565,7.02217909348157,0.0,0.0,True,False,3.356344699859619
Alaska,Juneau,ssp245,SSP2-4.5,2026-2050,22.0,110.0,5.0,9131,219121,13147201,4.34142277028928,-30.492676,27.980011,25.562668402876977,21.54786967418546,30.981954887218045,23.946365914786966,25.5453634085213,27.304260651629072,16.193947285804438,0.07772757106246417,0.0,63.686795387094186,0.0,0.0,True,False,12.40806770324707
Arizona,Phoenix,ssp245,SSP2-4.5,2026-2050,22.0,110.0,5.0,9131,219121,13147201,24.143206207934274,1.8935242,41.105377,22.200827181146185,19.14937343358396,26.0250626566416,20.10877192982456,22.347368421052632,24.1062656641604,0.9128508233917482,44.24009338565676,27.70531917782348,1.259294658992435,0.0,0.0,True,False,6.960503816604614
Arkansas,Little Rock,ssp245,SSP2-4.5,2026-2050,22.0,110.0,5.0,9131,219121,13147201,19.503106311924768,-13.11911,39.074432,23.010325803533117,19.469172932330824,28.263659147869674,21.068170426065162,22.986967418546364,25.225563909774436,4.592390016059624,32.17819519150883,8.670651646688905,12.33654981010787,0.0,0.0,True,False,6.109942197799683
California,Sacramento,ssp245,SSP2-4.5,2026-2050,22.0,110.0,5.0,9131,219121,13147201,18.6262348657999,-2.2660828,36.998077,23.175681374945977,19.948872180451126,26.66466165413534,21.54786967418546,23.146867167919797,24.74586466165414,5.344006249754442,20.656602116298366,1.3809631418885282,5.017965420928759,0.0,0.0,True,False,2.7428133487701416
Colorado,Denver,ssp245,SSP2-4.5,2026-2050,22.0,110.0,5.0,9131,219121,13147201,12.022639969267374,-21.001526,31.638031,24.287719416970667,20.90827067669173,29.54285714285714,22.187468671679195,24.426065162907268,26.18496240601504,10.39872462259394,4.204385404923832,0.011698307495260778,37.44096557130297,0.0,0.0,True,False,9.166635751724243
Connecticut,Hartford,ssp245,SSP2-4.5,2026-2050,22.0,110.0,5.0,9131,219121,13147201,13.142046672027966,-16.260193,33.69992,24.095419671990836,20.428571428571427,28.743358395989976,21.86766917293233,24.1062656641604,26.18496240601504,9.524634872685619,10.294183530015248,0.17306345282163102,35.32710878916356,0.0,0.0,True,False,16.02188467979431
Delaware,Dover,ssp245,SSP2-4.5,2026-2050,22.0,110.0,5.0,9131,219121,13147201,15.963800211730321,-12.900269,36.610687,23.617341824135703,19.948872180451126,28.263659147869674,21.54786967418546,23.466666666666665,25.86516290726817,7.351553746071379,19.39656205149674,2.5437581733176513,24.086959650194746,0.0,0.0,True,False,13.563360691070557
Florida,Tallahassee,ssp245,SSP2-4.5,2026-2050,22.0,110.0,5.0,9131,219121,13147201,22.289224325790762,-3.5255127,36.022858,22.53922442577506,20.10877192982456,26.824561403508774,21.228070175438596,22.347368421052632,24.266165413533837,2.451020117159366,40.362766188788015,3.6784255447224092,2.7363619069945004,0.0,0.0,True,False,2.8777921199798584
Georgia,Atlanta,ssp245,SSP2-4.5,2026-2050,22.0,110.0,5.0,9131,219121,13147201,19.14395105330807,-13.962677,35.524536,23.079061686301365,20.10877192982456,28.423558897243108,21.38796992481203,22.986967418546364,25.065664160401,4.904825846824388,29.860104823832845,2.036631219070888,11.11985737496521,0.0,0.0,True,False,2.8500945568084717
Hawaii,Honolulu,ssp245,SSP2-4.5,2026-2050,22.0,110.0,5.0,9131,219121,13147201,24.386032017397884,18.328857,28.223907,22.187777106732717,21.54786967418546,23.306766917293235,21.86766917293233,22.187468671679195,22.667167919799496,0.8535323033305336,27.640248293153807,0.0,0.0,0.0,0.0,True,False,9.028831720352173
Idaho,Boise,ssp245,SSP2-4.5,2026-2050,22.0,110.0,5.0,9131,219121,13147201,12.364190139311402,-18.091629,34.595,24.22627994485619,20.268671679197993,29.06315789473684,21.86766917293233,24.426065162907268,26.18496240601504,10.11945429480087,11.535748179403358,0.27910883845162177,38.16841318543772,0.0,0.0,True,False,2.6872165203094482
Illinois,Springfield,ssp245,SSP2-4.5,2026-2050,22.0,110.0,5.0,9131,219121,13147201,14.141978299085318,-24.581238,35.551605,23.916519362501425,20.10877192982456,30.022556390977442,21.54786967418546,23.786466165413536,26.504761904761903,8.711451647733751,17.51504369637309,1.3059357653389494,31.253762683022796,0.0,0.0,True,False,2.796771287918091
Indiana,Indianapolis,ssp245,SSP2-4.5,2026-2050,22.0,110.0,5.0,9131,219121,13147201,13.922194159595291,-23.500702,35.917328,23.95606073636302,20.10877192982456,29.86265664160401,21.707769423558894,23.786466165413536,26.504761904761903,8.89118516528646,15.583727669486455,1.1856440013353413,31.623704543651538,0.0,0.0,True,False,8.63815951347351
Iowa,Des Moines,ssp245,SSP2-4.5,2026-2050,22.0,110.0,5.0,9131,219121,13147201,12.533297925000273,-26.358276,35.599762,24.18124415808667,20.10877192982456,30.34235588972431,21.707769423558894,23.946365914786966,26.984461152882204,9.914746173121229,15.32666154567805,1.2839462939678188,37.05953837626731,0.0,0.0,True,False,3.454136848449707
Kansas,Topeka,ssp245,SSP2-4.5,2026-2050,22.0,110.0,5.0,9131,219121,13147201,15.449810384145845,-21.619263,37.024506,23.692572356690288,19.948872180451126,29.54285714285714,21.38796992481203,23.6265664160401,26.344862155388473,7.693510712228583,23.46208900282273,4.469506475180535,28.512068842638065,0.0,0.0,True,False,2.7543931007385254
Kentucky,Frankfort,ssp245,SSP2-4.5,2026-2050,22.0,110.0,5.0,9131,219121,13147201,15.190331913630004,-17.877182,36.69937,23.746937428145774,19.948872180451126,29.06315789473684,21.54786967418546,23.6265664160401,26.0250626566416,7.940624673389881,17.944747326826448,1.7033815790904845,26.44869428861702,0.0,0.0,True,False,9.780583381652832
Louisiana,Baton Rouge,ssp245,SSP2-4.5,2026-2050,22.0,110.0,5.0,9131,219121,13147201,22.501839292673946,-2.0857239,36.065155,22.500519377939508,20.10877192982456,26.66466165413534,21.068170426065162,22.347368421052632,24.266165413533837,2.2750880815432173,41.4782507698787,6.370032678438552,1.9000318014457982,0.0,0.0,True,False,4.551931619644165
Maine,Augusta,ssp245,SSP2-4.5,2026-2050,22.0,110.0,5.0,9131,219121,13147201,9.539510741284012,-22.569275,33.021088,24.694439428694988,20.58847117794486,29.70275689223058,22.347368421052632,24.74586466165414,26.984461152882204,12.247451948613582,3.0927267332415473,0.02053669066138108,45.356878623822666,0.0,0.0,True,False,8.06877613067627
Maryland,Annapolis,ssp245,SSP2-4.5,2026-2050,22.0,110.0,5.0,9131,219121,13147201,16.48449219097415,-12.907074,36.818634,23.52707708949571,19.948872180451126,28.263659147869674,21.38796992481203,23.466666666666665,25.705263157894738,6.941259497707768,21.53370135590077,3.8707174249484737,22.67754938864934,0.0,0.0,True,False,2.8406403064727783
Massachusetts,Boston,ssp245,SSP2-4.5,2026-2050,22.0,110.0,5.0,9131,219121,13147201,12.64496403541916,-15.475616,30.940613,24.180844493879498,21.068170426065162,28.743358395989976,22.027568922305765,24.1062656641604,26.344862155388473,9.912929517634081,7.276811239137516,0.0,36.15889039803986,0.0,0.0,True,False,2.7198076248168945
Michigan,Lansing,ssp245,SSP2-4.5,2026-2050,22.0,110.0,5.0,9131,219121,13147201,11.519478181524805,-20.857544,37.296844,24.360161056906232,19.788972431077692,29.54285714285714,22.027568922305765,24.266165413533837,26.824561403508774,10.728004804119239,9.573459780526669,0.735494954401321,38.974409838261394,0.0,0.0,True,False,6.229266166687012
Minnesota,Saint Paul,ssp245,SSP2-4.5,2026-2050,22.0,110.0,5.0,9131,219121,13147201,10.380238035775564,-28.515152,36.074158,24.536035078516015,20.10877192982456,30.662155388471177,21.86766917293233,24.426065162907268,27.304260651629072,11.527432175072795,11.2896577758262,1.2217809707176457,43.00313808239488,0.0,0.0,True,False,4.511094570159912
Mississippi,Jackson,ssp245,SSP2-4.5,2026-2050,22.0,110.0,5.0,9131,219121,13147201,20.562433283720743,-10.806793,38.439392,22.832438440489586,19.62907268170426,27.943859649122807,21.068170426065162,22.667167919799496,24.74586466165414,3.7838110931344815,35.37446487659236,6.032843036323853,7.713117035329422,0.0,0.0,True,False,2.703758478164673
Missouri,Jefferson City,ssp245,SSP2-4.5,2026-2050,22.0,110.0,5.0,9131,219121,13147201,15.352260762566166,-18.884857,35.333008,23.71448299423891,20.268671679197993,29.223057644110277,21.38796992481203,23.6265664160401,26.18496240601504,7.793104519267774,20.361375778768423,2.7518556991712533,27.35017134065266,0.0,0.0,True,False,2.7183284759521484
Montana,Helena,ssp245,SSP2-4.5,2026-2050,22.0,110.0,5.0,9131,219121,13147201,10.236729304563424,-26.708542,32.31314,24.57921558465445,20.748370927318295,30.34235588972431,22.187468671679195,24.74586466165414,26.66466165413534,11.723707202974767,5.902024316810856,0.01617074235040599,46.76098737670474,0.0,0.0,True,False,7.4388744831085205
Nebraska,Lincoln,ssp245,SSP2-4.5,2026-2050,22.0,110.0,5.0,9131,219121,13147201,13.175672688295801,-25.820892,36.19812,24.072836157102458,20.10877192982456,30.18245614035088,21.54786967418546,23.946365914786966,26.824561403508774,9.4219825322839,18.434463731101395,2.2949371505007035,36.260539410631964,0.0,0.0,True,False,2.7333545684814453
Nevada,Carson City,ssp245,SSP2-4.5,2026-2050,22.0,110.0,5.0,9131,219121,13147201,10.447024092670581,-13.227753,29.645844,24.558847122373447,21.228070175438596,28.423558897243108,22.667167919799496,24.74586466165414,26.0250626566416,11.631123283515667,0.8065062669993408,0.0,44.893616519592264,0.0,0.0,True,False,2.730260133743286
New Hampshire,Concord,ssp245,SSP2-4.5,2026-2050,22.0,110.0,5.0,9131,219121,13147201,11.079202616688987,-19.204254,33.590057,24.4389477750868,20.58847117794486,29.223057644110277,22.187468671679195,24.426065162907268,26.66466165413534,11.08612625039454,5.985722740528574,0.1078632630626093,41.43240831261346,0.0,0.0,True,False,3.041249990463257
New Jersey,Trenton,ssp245,SSP2-4.5,2026-2050,22.0,110.0,5.0,9131,219121,13147201,14.797140280168705,-14.323273,34.92572,23.816017065186635,20.268671679197993,28.58345864661654,21.707769423558894,23.786466165413536,26.0250626566416,8.254623023575615,15.366130022656533,0.9465664973099598,29.001754822186104,0.0,0.0,True,False,8.144276857376099
New Mexico,Santa Fe,ssp245,SSP2-4.5,2026-2050,22.0,110.0,5.0,9131,219121,13147201,10.856258344759265,-19.859055,28.59079,24.48822426411015,21.38796992481203,29.382957393483707,22.667167919799496,24.426065162907268,26.344862155388473,11.31011029140978,0.6874467044354156,0.0,40.784452903701705,0.0,0.0,True,False,3.204075336456299
New York,Albany,ssp245,SSP2-4.5,2026-2050,22.0,110.0,5.0,9131,219121,13147201,12.194301940966122,-19.92633,37.15927,24.249693704637835,19.788972431077692,29.382957393483707,21.86766917293233,24.266165413533837,26.504761904761903,10.225880475626523,10.111772079851827,0.9276575295380363,38.20121864722385,0.0,0.0,True,False,2.992387533187866
North Carolina,Raleigh,ssp245,SSP2-4.5,2026-2050,22.0,110.0,5.0,9131,219121,13147201,17.965959259596453,-13.276489,36.755463,23.277859267581096,19.948872180451126,28.423558897243108,21.38796992481203,23.146867167919797,25.38546365914787,5.80845121627771,25.699508207108114,3.317215580715622,15.835096763181761,0.0,0.0,True,False,8.138556003570557
North Dakota,Bismarck,ssp245,SSP2-4.5,2026-2050,22.0,110.0,5.0,9131,219121,13147201,8.330004135546357,-35.61093,34.540405,24.87144589100938,20.268671679197993,31.62155388471178,22.027568922305765,24.90576441102757,27.783959899749373,13.052026777315362,9.066097034646386,0.6153933449408737,48.40635660776769,0.0,0.0,True,False,2.5207321643829346
Ohio,Columbus,ssp245,SSP2-4.5,2026-2050,22.0,110.0,5.0,9131,219121,13147201,13.722118209927224,-19.10057,37.114105,23.993782878548565,19.788972431077692,29.223057644110277,21.707769423558894,23.786466165413536,26.344862155388473,9.062649447948022,13.608318607131661,1.1642097812302405,31.542835619536053,0.0,0.0,True,False,2.5903451442718506
Oklahoma,Oklahoma City,ssp245,SSP2-4.5,2026-2050,22.0,110.0,5.0,9131,219121,13147201,18.60590064337413,-18.067062,39.2276,23.161797808314347,19.469172932330824,29.06315789473684,21.068170426065162,22.986967418546364,25.38546365914787,5.280899128701577,30.16971445100748,9.44785129549628,16.96943706877228,0.0,0.0,True,False,2.543707847595215
Oregon,Salem,ssp245,SSP2-4.5,2026-2050,22.0,110.0,5.0,9131,219121,13147201,13.782614207227812,-10.495331,31.75122,24.007040672294778,20.90827067669173,27.943859649122807,22.507268170426066,24.1062656641604,25.225563909774436,9.122912146794446,1.4060255106771395,0.013287999476086203,19.13408793248084,0.0,0.0,True,False,2.6262166500091553
Pennsylvania,Harrisburg,ssp245,SSP2-4.5,2026-2050,22.0,110.0,5.0,9131,219121,13147201,13.58188368766943,-16.980743,38.376923,24.017476783954137,19.62907268170426,28.90325814536341,21.707769423558894,23.946365914786966,26.344862155388473,9.170349017973352,13.309897673276616,1.568957529439156,32.69419095364861,0.0,0.0,True,False,2.547734022140503
Rhode Island,Providence,ssp245,SSP2-4.5,2026-2050,22.0,110.0,5.0,9131,219121,13147201,13.060501582172067,-14.290497,31.079163,24.11275910988243,20.90827067669173,28.58345864661654,22.027568922305765,24.1062656641604,26.18496240601504,9.603450499465586,7.689644358521636,0.00015212363452874874,34.75868361638344,0.0,0.0,True,False,2.5826339721679688
South Carolina,Columbia,ssp245,SSP2-4.5,2026-2050,22.0,110.0,5.0,9131,219121,13147201,19.668519199658068,-11.618378,36.208435,22.987326922952793,19.948872180451126,28.103759398496244,21.228070175438596,22.827067669172934,24.90576441102757,4.487849649785422,31.98952385378454,3.940937694646944,9.97879320472852,0.0,0.0,True,False,2.5189409255981445
South Dakota,Pierre,ssp245,SSP2-4.5,2026-2050,22.0,110.0,5.0,9131,219121,13147201,11.504560310151414,-27.012054,38.232025,24.345618113049593,19.62907268170426,30.34235588972431,21.54786967418546,24.426065162907268,27.14436090225564,10.661900513861786,16.97652603014132,3.5435299118040406,42.19978838081201,0.0,0.0,True,False,3.448659658432007
Tennessee,Nashville,ssp245,SSP2-4.5,2026-2050,22.0,110.0,5.0,9131,219121,13147201,17.395651212016148,-13.912659,38.295868,23.37366037494505,19.62907268170426,28.423558897243108,21.38796992481203,23.306766917293235,25.5453634085213,6.243910795204774,24.679929971406082,2.9304488461080043,18.020657020456294,0.0,0.0,True,False,3.5836400985717773
Texas,Austin,ssp245,SSP2-4.5,2026-2050,22.0,110.0,5.0,9131,219121,13147201,22.336359222871014,-9.652374,36.92038,22.52503814035475,19.948872180451126,27.783959899749373,20.90827067669173,22.347368421052632,24.426065162907268,2.3865370016124934,41.1158009982505,14.518398250699901,4.123158990267206,0.0,0.0,True,False,2.750128984451294
Utah,Salt Lake City,ssp245,SSP2-4.5,2026-2050,22.0,110.0,5.0,9131,219121,13147201,11.611266055272331,-20.384857,31.701965,24.35179964531017,20.90827067669173,29.382957393483707,22.027568922305765,24.5859649122807,26.504761904761903,10.689998387773498,7.411425443332006,0.029397892372680694,42.89807389420759,0.0,0.0,True,False,2.7871994972229004
Vermont,Montpelier,ssp245,SSP2-4.5,2026-2050,22.0,110.0,5.0,9131,219121,13147201,8.220558173149849,-26.296204,33.862823,24.91005272855091,20.428571428571427,30.34235588972431,22.667167919799496,24.90576441102757,27.304260651629072,13.22751240250413,2.3656290034662133,0.07406899765204776,48.18922293802308,0.0,0.0,True,False,3.123703956604004
Virginia,Richmond,ssp245,SSP2-4.5,2026-2050,22.0,110.0,5.0,9131,219121,13147201,17.246026263142205,-13.193878,37.07016,23.398955637202246,19.788972431077692,28.263659147869674,21.38796992481203,23.306766917293235,25.5453634085213,6.358889260010208,23.565677591755083,4.04417639921988,18.836617771341597,0.0,0.0,True,False,11.083599328994751
Washington,Olympia,ssp245,SSP2-4.5,2026-2050,22.0,110.0,5.0,9131,219121,13147201,13.568228514455964,-10.095947,32.44644,24.044273283293236,20.748370927318295,27.943859649122807,22.667167919799496,24.1062656641604,25.225563909774436,9.292151287696528,1.1808368944842327,0.024172445526618177,18.34747183069613,0.0,0.0,True,False,9.853046655654907
West Virginia,Charleston,ssp245,SSP2-4.5,2026-2050,22.0,110.0,5.0,9131,219121,13147201,15.30744287225299,-17.004852,35.80374,23.729492397464963,20.10877192982456,28.90325814536341,21.707769423558894,23.6265664160401,26.0250626566416,7.861329079386194,16.630855495401644,1.3345958580841655,24.896903911334437,0.0,0.0,True,False,6.194920539855957
Wisconsin,Madison,ssp245,SSP2-4.5,2026-2050,22.0,110.0,5.0,9131,219121,13147201,10.528962437930788,-29.23761,34.464203,24.51937588829707,20.428571428571427,30.662155388471177,22.027568922305765,24.426065162907268,27.14436090225564,11.451708583168498,9.15667905282653,0.5127098916339683,41.59476226156427,0.0,0.0,True,False,4.448235273361206
Wyoming,Cheyenne,ssp245,SSP2-4.5,2026-2050,22.0,110.0,5.0,9131,219121,13147201,9.973561948235306,-20.613617,29.778534,24.628072317408005,21.228070175438596,29.382957393483707,22.507268170426066,24.90576441102757,26.504761904761903,11.945783260945477,1.4741160494922074,0.0,47.38817790950332,0.0,0.0,True,False,5.240698575973511
Alabama,Montgomery,ssp245,SSP2-4.5,2051-2075,22.0,110.0,5.0,9131,219121,13147201,21.45707778513881,-8.425507,38.60428,22.67581848925824,19.62907268170426,27.624060150375943,20.90827067669173,22.507268170426066,24.74586466165414,3.071902223901094,38.85118208811138,10.451372881573805,6.255749797998829,0.0,0.0,True,False,2.721881151199341
Alaska,Juneau,ssp245,SSP2-4.5,2051-2075,22.0,110.0,5.0,9131,219121,13147201,5.945778533344528,-27.113861,26.743622,25.302032792041715,21.707769423558894,30.34235588972431,23.6265664160401,25.38546365914787,26.984461152882204,15.009239963825975,0.07868594995999528,0.0,58.96515159386397,0.0,0.0,True,False,10.920621633529663
Arizona,Phoenix,ssp245,SSP2-4.5,2051-2075,22.0,110.0,5.0,9131,219121,13147201,25.260154587684273,1.0133667,43.123383,22.000661661214608,18.66967418546366,26.18496240601504,19.948872180451126,22.027568922305765,23.946365914786966,0.003007550975488791,47.458770882106386,33.10244515163341,0.4229037039899215,0.0,0.0,True,False,3.5652294158935547
Arkansas,Little Rock,ssp245,SSP2-4.5,2051-2075,22.0,110.0,5.0,9131,219121,13147201,20.45894970115086,-12.78006,42.57309,22.842423271286922,18.82957393483709,28.263659147869674,20.748370927318295,22.827067669172934,25.065664160401,3.8291966876678267,35.95616283648512,14.42840951469442,10.733257976355576,0.0,0.0,True,False,10.39104676246643
California,Sacramento,ssp245,SSP2-4.5,2051-2075,22.0,110.0,5.0,9131,219121,13147201,19.669004598314654,1.7402039,37.544464,22.994593657678703,19.788972431077692,26.0250626566416,21.38796992481203,23.146867167919797,24.5859649122807,4.520880262175921,28.18456947604285,3.452400248539594,2.3749846069897314,0.0,0.0,True,False,3.039926290512085
Colorado,Denver,ssp245,SSP2-4.5,2051-2075,22.0,110.0,5.0,9131,219121,13147201,13.201986198423686,-13.9600525,33.829285,24.090136894665196,20.428571428571427,28.423558897243108,22.027568922305765,24.266165413533837,26.0250626566416,9.500622248478164,8.092954538384253,0.10067542133112592,34.51182498845192,0.0,0.0,True,False,3.7728307247161865
Connecticut,Hartford,ssp245,SSP2-4.5,2051-2075,22.0,110.0,5.0,9131,219121,13147201,14.29819091519816,-11.820282,35.713013,23.90266542314862,20.10877192982456,28.103759398496244,21.707769423558894,23.946365914786966,25.86516290726817,8.648479196130086,13.436403687750722,0.43476934748316387,31.872403867560863,0.0,0.0,True,False,7.59134840965271
Delaware,Dover,ssp245,SSP2-4.5,2051-2075,22.0,110.0,5.0,9131,219121,13147201,17.01889495455606,-8.215332,36.371704,23.437528432562594,19.948872180451126,27.624060150375943,21.228070175438596,23.466666666666665,25.705263157894738,6.534220148011792,23.483584072381642,3.862168076687958,20.60684247544401,0.0,0.0,True,False,2.8313868045806885
Florida,Tallahassee,ssp245,SSP2-4.5,2051-2075,22.0,110.0,5.0,9131,219121,13147201,22.8428018751219,-2.9999695,36.482635,22.44005313031172,19.948872180451126,26.824561403508774,21.068170426065162,22.347368421052632,24.266165413533837,2.0002415014169146,42.920496917937136,8.346833672049282,2.4554580096554393,0.0,0.0,True,False,2.9377334117889404
Georgia,Atlanta,ssp245,SSP2-4.5,2051-2075,22.0,110.0,5.0,9131,219121,13147201,19.846543005967966,-11.4340515,37.8555,22.95544628040851,19.788972431077692,28.103759398496244,21.228070175438596,22.827067669172934,25.065664160401,4.342937638220496,34.048106513317926,4.734019050899123,10.186343085497818,0.0,0.0,True,False,8.91707730293274
Hawaii,Honolulu,ssp245,SSP2-4.5,2051-2075,22.0,110.0,5.0,9131,219121,13147201,25.038435994441855,19.39746,28.778473,22.072209167876128,21.38796992481203,22.986967418546364,21.707769423558894,22.027568922305765,22.507268170426066,0.3282234903460367,42.907596833729094,0.0,0.0,0.0,0.0,True,False,2.8616979122161865
Idaho,Boise,ssp245,SSP2-4.5,2051-2075,22.0,110.0,5.0,9131,219121,13147201,13.763209024564093,-13.611938,34.323822,23.98840045578154,20.428571428571427,28.423558897243108,21.54786967418546,24.266165413533837,26.0250626566416,9.038183889916095,17.023874511388392,1.304399316630209,34.77781316342543,0.0,0.0,True,False,9.619870662689209
Illinois,Springfield,ssp245,SSP2-4.5,2051-2075,22.0,110.0,5.0,9131,219121,13147201,15.24040596810094,-17.62172,38.055023,23.73114642908853,19.62907268170426,29.06315789473684,21.38796992481203,23.6265664160401,26.344862155388473,7.86884740494786,21.58597864290658,2.842498566805208,28.066057558563223,0.0,0.0,True,False,4.103856801986694
Indiana,Indianapolis,ssp245,SSP2-4.5,2051-2075,22.0,110.0,5.0,9131,219121,13147201,15.056874556293069,-16.444275,37.492584,23.764478686671367,19.788972431077692,28.90325814536341,21.54786967418546,23.6265664160401,26.344862155388473,8.020357666688033,19.728632733309546,2.5686227813813756,28.137411149338938,0.0,0.0,True,False,2.714637517929077
Iowa,Des Moines,ssp245,SSP2-4.5,2051-2075,22.0,110.0,5.0,9131,219121,13147201,13.730002714885885,-20.976044,36.402313,23.980590675900284,19.948872180451126,29.54285714285714,21.54786967418546,23.786466165413536,26.66466165413534,9.002684890455837,19.533222318575643,1.9539900546131455,34.72514796115158,0.0,0.0,True,False,7.0404112339019775
Kansas,Topeka,ssp245,SSP2-4.5,2051-2075,22.0,110.0,5.0,9131,219121,13147201,16.709248859135368,-17.770355,37.17746,23.477162774781828,19.788972431077692,29.06315789473684,21.068170426065162,23.306766917293235,26.18496240601504,6.714376249008308,28.40545299337859,7.6988554445923505,25.553294575780804,0.0,0.0,True,False,4.4225969314575195
Kentucky,Frankfort,ssp245,SSP2-4.5,2051-2075,22.0,110.0,5.0,9131,219121,13147201,16.209876148894786,-14.771332,40.587067,23.57206665965628,19.14937343358396,28.58345864661654,21.38796992481203,23.6265664160401,26.0250626566416,7.145757543892178,21.971467538984154,3.6630306329080993,22.795178989048694,0.0,0.0,True,False,2.9371845722198486
Louisiana,Baton Rouge,ssp245,SSP2-4.5,2051-2075,22.0,110.0,5.0,9131,219121,13147201,23.151664839271856,-2.8105774,38.515015,22.38518315456555,19.62907268170426,26.66466165413534,20.90827067669173,22.187468671679195,24.1062656641604,1.7508325207524968,43.96302300390783,12.352963950273523,1.5782294649636832,0.0,0.0,True,False,4.788031816482544
Maine,Augusta,ssp245,SSP2-4.5,2051-2075,22.0,110.0,5.0,9131,219121,13147201,11.070558074087682,-18.53392,33.756622,24.441832226625976,20.428571428571427,29.223057644110277,22.187468671679195,24.5859649122807,26.504761904761903,11.099237393754438,5.734916504281026,0.04851983323294441,43.04764185167626,0.0,0.0,True,False,3.977433443069458
Maryland,Annapolis,ssp245,SSP2-4.5,2051-2075,22.0,110.0,5.0,9131,219121,13147201,17.55570289071477,-8.430206,38.282196,23.344402488472806,19.62907268170426,27.624060150375943,21.228070175438596,23.306766917293235,25.5453634085213,6.110920402149118,25.641138368539433,6.246264889385961,19.483470283903014,0.0,0.0,True,False,2.683744430541992
Massachusetts,Boston,ssp245,SSP2-4.5,2051-2075,22.0,110.0,5.0,9131,219121,13147201,13.866662602696112,-11.954376,31.871918,23.977308129086186,20.90827067669173,28.103759398496244,21.86766917293233,24.1062656641604,25.86516290726817,8.987764223119028,10.982375640259855,0.03546762539037777,33.077238265392,0.0,0.0,True,False,6.394678115844727
Michigan,Lansing,ssp245,SSP2-4.5,2051-2075,22.0,110.0,5.0,9131,219121,13147201,12.86801672342028,-17.583801,35.569733,24.136087393262027,20.10877192982456,29.06315789473684,21.86766917293233,24.1062656641604,26.504761904761903,9.709488151191033,12.101397095853331,1.1518421297430532,36.48368196394046,0.0,0.0,True,False,6.459848642349243
Minnesota,Saint Paul,ssp245,SSP2-4.5,2051-2075,22.0,110.0,5.0,9131,219121,13147201,11.705975308599065,-21.89775,35.964508,24.31738185688082,20.10877192982456,29.70275689223058,21.707769423558894,24.1062656641604,27.14436090225564,10.533553894912826,14.458826635418443,1.540236587240128,41.087977585495196,0.0,0.0,True,False,2.9298574924468994
Mississippi,Jackson,ssp245,SSP2-4.5,2051-2075,22.0,110.0,5.0,9131,219121,13147201,21.356699371194097,-7.8608704,39.371124,22.692453075214075,19.469172932330824,27.464160401002506,20.90827067669173,22.667167919799496,24.74586466165414,3.1475139782457973,38.40928574835054,11.9157606246379,6.808323688061056,0.0,0.0,True,False,7.613896131515503
Missouri,Jefferson City,ssp245,SSP2-4.5,2051-2075,22.0,110.0,5.0,9131,219121,13147201,16.44333880881668,-16.160645,37.680573,23.528245591317575,19.788972431077692,28.743358395989976,21.228070175438596,23.466666666666665,26.0250626566416,6.946570869625339,25.054275811254428,4.964638480844706,24.15157416396083,0.0,0.0,True,False,2.959146499633789
Montana,Helena,ssp245,SSP2-4.5,2051-2075,22.0,110.0,5.0,9131,219121,13147201,11.564211275368896,-19.415146,32.880157,24.357826826259053,20.58847117794486,29.223057644110277,21.86766917293233,24.74586466165414,26.344862155388473,10.71739466481388,10.2296374718847,0.1553258370355789,44.65774121807372,0.0,0.0,True,False,2.667966842651367
Nebraska,Lincoln,ssp245,SSP2-4.5,2051-2075,22.0,110.0,5.0,9131,219121,13147201,14.447755145818824,-21.385101,36.592865,23.85699334313396,19.948872180451126,29.54285714285714,21.38796992481203,23.6265664160401,26.504761904761903,8.440878832427098,23.243837224364334,4.314964074862779,34.011931513026994,0.0,0.0,True,False,6.180751800537109
Nevada,Carson City,ssp245,SSP2-4.5,2051-2075,22.0,110.0,5.0,9131,219121,13147201,11.546219871751264,-9.324493,30.423492,24.37413709324259,21.068170426065162,27.783959899749373,22.507268170426066,24.5859649122807,26.0250626566416,10.79153224201178,1.9088169413398335,0.0,42.93160194325773,0.0,0.0,True,False,4.50733494758606
New Hampshire,Concord,ssp245,SSP2-4.5,2051-2075,22.0,110.0,5.0,9131,219121,13147201,12.571995032560013,-14.818176,33.907013,24.191610579964614,20.428571428571427,28.58345864661654,22.027568922305765,24.266165413533837,26.344862155388473,9.961866272566427,9.342733864036916,0.21177131162747115,38.480464396946545,0.0,0.0,True,False,2.745619535446167
New Jersey,Trenton,ssp245,SSP2-4.5,2051-2075,22.0,110.0,5.0,9131,219121,13147201,15.885180757633488,-9.106659,35.480835,23.632334297488175,20.10877192982456,27.783959899749373,21.54786967418546,23.6265664160401,25.705263157894738,7.419701352218976,19.21459175987345,1.428790812584367,24.583582467477296,0.0,0.0,True,False,2.6780240535736084
New Mexico,Santa Fe,ssp245,SSP2-4.5,2051-2075,22.0,110.0,5.0,9131,219121,13147201,11.881258862887709,-16.379944,31.74588,24.316109939315286,20.90827067669173,28.90325814536341,22.507268170426066,24.266165413533837,26.0250626566416,10.527772451433117,1.7160915087553616,0.019045879042999342,38.871384106776794,0.0,0.0,True,False,6.829221487045288
New York,Albany,ssp245,SSP2-4.5,2051-2075,22.0,110.0,5.0,9131,219121,13147201,13.65778023182592,-15.044342,36.553467,24.00582214707484,19.948872180451126,28.58345864661654,21.707769423558894,24.1062656641604,26.18496240601504,9.117373395794734,13.773775878226857,1.3727560718057021,35.50302456013261,0.0,0.0,True,False,3.1894428730010986
North Carolina,Raleigh,ssp245,SSP2-4.5,2051-2075,22.0,110.0,5.0,9131,219121,13147201,18.84260541152596,-9.773224,38.24289,23.125590269540496,19.62907268170426,27.783959899749373,21.228070175438596,23.146867167919797,25.225563909774436,5.116319407002252,30.18615140971831,6.244112339957379,13.79573492487108,0.0,0.0,True,False,2.681040048599243
North Dakota,Bismarck,ssp245,SSP2-4.5,2051-2075,22.0,110.0,5.0,9131,219121,13147201,9.830857300939686,-26.561783,36.1196,24.6244737097999,20.10877192982456,30.34235588972431,21.707769423558894,24.5859649122807,27.464160401002506,11.929425953635912,13.315404548846557,0.6208393710570029,46.58329936539344,0.0,0.0,True,False,2.6781680583953857
Ohio,Columbus,ssp245,SSP2-4.5,2051-2075,22.0,110.0,5.0,9131,219121,13147201,14.827868416977342,-15.053467,36.959076,23.806794504380584,19.948872180451126,28.58345864661654,21.54786967418546,23.786466165413536,26.18496240601504,8.212702292639017,17.095699685431143,2.183788016932273,27.962963371443095,0.0,0.0,True,False,7.366013288497925
Oklahoma,Oklahoma City,ssp245,SSP2-4.5,2051-2075,22.0,110.0,5.0,9131,219121,13147201,19.9138222704251,-13.032562,40.643097,22.93349845065195,19.14937343358396,28.263659147869674,20.748370927318295,22.827067669172934,25.225563909774436,4.24317477569068,35.55165848609145,15.206217658039915,13.717003337820726,0.0,0.0,True,False,3.0061726570129395
Oregon,Salem,ssp245,SSP2-4.5,2051-2075,22.0,110.0,5.0,9131,219121,13147201,14.987851237558564,-5.582489,34.077576,23.801665664849597,20.428571428571427,27.14436090225564,22.347368421052632,23.946365914786966,25.065664160401,8.18938938567999,4.169001447532445,0.08188815246682545,13.243670648984526,0.0,0.0,True,False,2.6688039302825928
Pennsylvania,Harrisburg,ssp245,SSP2-4.5,2051-2075,22.0,110.0,5.0,9131,219121,13147201,14.782320616656598,-13.649231,39.000763,23.81543883459714,19.469172932330824,28.423558897243108,21.54786967418546,23.786466165413536,26.0250626566416,8.251994702714265,17.113353633218203,2.2147147518319676,29.050951605592708,0.0,0.0,True,False,3.7700746059417725
Rhode Island,Providence,ssp245,SSP2-4.5,2051-2075,22.0,110.0,5.0,9131,219121,13147201,14.131304699129343,-10.920593,32.433258,23.934064062948167,20.748370927318295,27.943859649122807,21.86766917293233,23.946365914786966,25.86516290726817,8.791200286128031,10.707511051211585,0.020551903024833954,31.258988129868857,0.0,0.0,True,False,6.6333699226379395
South Carolina,Columbia,ssp245,SSP2-4.5,2051-2075,22.0,110.0,5.0,9131,219121,13147201,20.359050452608436,-8.005066,39.67569,22.865904008664774,19.30927318295739,27.464160401002506,21.068170426065162,22.827067669172934,24.90576441102757,3.9359273121126104,36.03216380429568,7.750341688698606,9.045545131621552,0.0,0.0,True,False,2.951786994934082
South Dakota,Pierre,ssp245,SSP2-4.5,2051-2075,22.0,110.0,5.0,9131,219121,13147201,12.782191006151171,-26.085815,37.17331,24.13194445129842,19.788972431077692,30.34235588972431,21.228070175438596,24.1062656641604,26.984461152882204,9.690656596811,20.718044852284528,5.617712850058351,40.12128513133708,0.0,0.0,True,False,2.7514712810516357
Tennessee,Nashville,ssp245,SSP2-4.5,2051-2075,22.0,110.0,5.0,9131,219121,13147201,18.33976727094159,-10.073029,39.0076,23.209958628397267,19.469172932330824,27.783959899749373,21.068170426065162,23.146867167919797,25.38546365914787,5.499811947260304,29.306245489058853,6.411509187392815,15.766078270196065,0.0,0.0,True,False,7.866487503051758
Texas,Austin,ssp245,SSP2-4.5,2051-2075,22.0,110.0,5.0,9131,219121,13147201,23.272935209836092,-4.5162964,40.743805,22.359679394590565,19.14937343358396,26.984461152882204,20.58847117794486,22.187468671679195,24.266165413533837,1.6349063390480205,45.855342137083014,19.381958182581982,3.105109597092187,0.0,0.0,True,False,2.9661834239959717
Utah,Salt Lake City,ssp245,SSP2-4.5,2051-2075,22.0,110.0,5.0,9131,219121,13147201,12.83496128135966,-17.565063,32.96518,24.14462222660209,20.58847117794486,29.06315789473684,21.86766917293233,24.426065162907268,26.18496240601504,9.74828284819131,13.667274121693278,0.17707191059146354,40.81911427382908,0.0,0.0,True,False,2.808277130126953
Vermont,Montpelier,ssp245,SSP2-4.5,2051-2075,22.0,110.0,5.0,9131,219121,13147201,9.887823803617406,-22.847443,33.08258,24.638166900489367,20.58847117794486,29.86265664160401,22.347368421052632,24.74586466165414,26.824561403508774,11.991667729497122,3.7694639338061386,0.05014755612240202,46.26538378777354,0.0,0.0,True,False,4.051418304443359
Virginia,Richmond,ssp245,SSP2-4.5,2051-2075,22.0,110.0,5.0,9131,219121,13147201,18.258476026113524,-8.066711,40.604126,23.224546864530687,19.14937343358396,27.624060150375943,21.068170426065162,23.146867167919797,25.38546365914787,5.566122111503124,27.71577767769733,6.481379572731869,16.18675336294014,0.0,0.0,True,False,6.417736768722534
Washington,Olympia,ssp245,SSP2-4.5,2051-2075,22.0,110.0,5.0,9131,219121,13147201,14.87733624324375,-6.765106,35.05713,23.82214884161897,20.268671679197993,27.304260651629072,22.347368421052632,23.946365914786966,25.065664160401,8.282494734631674,3.451806966364932,0.11230527319084876,13.499276385901455,0.0,0.0,True,False,2.733565330505371
West Virginia,Charleston,ssp245,SSP2-4.5,2051-2075,22.0,110.0,5.0,9131,219121,13147201,16.299221971717394,-12.933563,38.728363,23.559955293220003,19.62907268170426,28.263659147869674,21.54786967418546,23.466666666666665,25.86516290726817,7.090705878272742,21.055964687844963,2.6177739276976144,22.16640637045102,0.0,0.0,True,False,2.7615625858306885
Wisconsin,Madison,ssp245,SSP2-4.5,2051-2075,22.0,110.0,5.0,9131,219121,13147201,11.819408095571557,-22.091522,35.183624,24.305879430754505,20.268671679197993,29.70275689223058,21.86766917293233,24.266165413533837,26.824561403508774,10.481270139793205,11.425466150551742,0.7508746538521773,39.18874443313067,0.0,0.0,True,False,9.391335248947144
Wyoming,Cheyenne,ssp245,SSP2-4.5,2051-2075,22.0,110.0,5.0,9131,219121,13147201,11.197707596106262,-16.819366,31.323639,24.42495809268855,20.90827067669173,28.90325814536341,22.347368421052632,24.74586466165414,26.344862155388473,11.022536784947947,3.539909369302257,0.029428317099586446,44.38942555149191,0.0,0.0,True,False,3.1606853008270264
Alabama,Montgomery,ssp585,SSP5-8.5,2026-2050,22.0,110.0,5.0,9131,219121,13147201,20.891806476346417,-7.553192,36.66696,22.777390822693288,19.948872180451126,27.464160401002506,21.228070175438596,22.667167919799496,24.74586466165414,3.5335946486058556,36.598352759648236,4.908938412062005,6.687575553153861,0.0,0.0,True,False,6.40990686416626
Alaska,Juneau,ssp585,SSP5-8.5,2026-2050,22.0,110.0,5.0,9131,219121,13147201,4.643126019177875,-27.838959,28.412262,25.5142092789077,21.54786967418546,30.502255639097744,23.786466165413536,25.5453634085213,27.14436090225564,15.973678540489544,0.1368352092586095,0.0,64.06423694290518,0.0,0.0,True,False,4.274234771728516
Arizona,Phoenix,ssp585,SSP5-8.5,2026-2050,22.0,110.0,5.0,9131,219121,13147201,24.237801461411486,2.1547546,42.13492,22.184250037570383,18.82957393483709,25.86516290726817,20.268671679197993,22.347368421052632,24.1062656641604,0.8375001707744674,44.69450950053931,29.47789419207936,0.8769471159678778,0.0,0.0,True,False,2.8725764751434326
Arkansas,Little Rock,ssp585,SSP5-8.5,2026-2050,22.0,110.0,5.0,9131,219121,13147201,19.681981250511356,-11.93988,37.29843,22.980001395835384,19.788972431077692,28.103759398496244,21.068170426065162,22.827067669172934,25.065664160401,4.454551799251744,32.75280419003254,8.992066067902972,11.92314622709427,0.0,0.0,True,False,2.7963857650756836
California,Sacramento,ssp585,SSP5-8.5,2026-2050,22.0,110.0,5.0,9131,219121,13147201,18.78656273693812,-1.8083191,34.77481,23.148592458257017,20.268671679197993,26.504761904761903,21.54786967418546,23.306766917293235,24.74586466165414,5.220874810259168,21.64989338795383,1.4122017302390069,4.0425714948756015,0.0,0.0,True,False,8.507683038711548
Colorado,Denver,ssp585,SSP5-8.5,2026-2050,22.0,110.0,5.0,9131,219121,13147201,12.335060564103069,-16.945404,31.011292,24.23668166162866,21.068170426065162,28.90325814536341,22.187468671679195,24.426065162907268,26.18496240601504,10.166734825584811,4.615750531234748,0.0,37.28424019682973,0.0,0.0,True,False,2.331620216369629
Connecticut,Hartford,ssp585,SSP5-8.5,2026-2050,22.0,110.0,5.0,9131,219121,13147201,13.694335007842259,-14.052551,34.565186,24.002417053273387,20.268671679197993,28.423558897243108,21.86766917293233,23.946365914786966,26.18496240601504,9.101895696697214,12.144349204062523,0.3046580028707251,34.34124875705483,0.0,0.0,True,False,2.2692620754241943
Delaware,Dover,ssp585,SSP5-8.5,2026-2050,22.0,110.0,5.0,9131,219121,13147201,16.400261201138495,-12.361176,36.186127,23.542839628851667,20.10877192982456,28.263659147869674,21.38796992481203,23.466666666666665,25.705263157894738,7.012907403871211,21.42943581679477,2.874239163149632,22.94752320284751,0.0,0.0,True,False,2.400078058242798
Florida,Tallahassee,ssp585,SSP5-8.5,2026-2050,22.0,110.0,5.0,9131,219121,13147201,22.35969786460487,-2.2757263,35.387634,22.526737914258906,20.10877192982456,26.66466165413534,21.228070175438596,22.347368421052632,24.266165413533837,2.3942632466313896,40.90574107751148,3.186488135383341,2.596651561043297,0.0,0.0,True,False,2.422363042831421
Georgia,Atlanta,ssp585,SSP5-8.5,2026-2050,22.0,110.0,5.0,9131,219121,13147201,19.350766442163714,-8.735016,33.710785,23.04361723239062,20.428571428571427,27.624060150375943,21.38796992481203,22.827067669172934,25.065664160401,4.743714692684636,30.871924754173914,1.5636179898671967,10.653066002413745,0.0,0.0,True,False,2.35663104057312
Hawaii,Honolulu,ssp585,SSP5-8.5,2026-2050,22.0,110.0,5.0,9131,219121,13147201,24.640539786061304,18.33664,28.493103,22.14158951693189,21.38796992481203,23.306766917293235,21.86766917293233,22.027568922305765,22.507268170426066,0.6435887133267765,31.517301667480403,0.0,0.0,0.0,0.0,True,False,3.4373390674591064
Idaho,Boise,ssp585,SSP5-8.5,2026-2050,22.0,110.0,5.0,9131,219121,13147201,12.822717246058415,-17.079071,33.665985,24.14871810059816,20.428571428571427,28.90325814536341,21.707769423558894,24.426065162907268,26.18496240601504,9.766900457264361,13.025342808708865,0.43811606744279635,38.0122126375036,0.0,0.0,True,False,2.8095595836639404
Illinois,Springfield,ssp585,SSP5-8.5,2026-2050,22.0,110.0,5.0,9131,219121,13147201,14.41625366500088,-17.554,35.987762,23.871077502010795,20.10877192982456,29.06315789473684,21.54786967418546,23.6265664160401,26.504761904761903,8.504897736412707,18.54136100908475,1.2993259934186752,30.428050807164205,0.0,0.0,True,False,2.7926418781280518
Indiana,Indianapolis,ssp585,SSP5-8.5,2026-2050,22.0,110.0,5.0,9131,219121,13147201,14.240770530724475,-18.40245,37.07364,23.902445091546483,19.788972431077692,29.06315789473684,21.54786967418546,23.786466165413536,26.344862155388473,8.647477688847648,16.68460077548065,1.490332428932972,30.11834990580885,0.0,0.0,True,False,6.311707258224487
Iowa,Des Moines,ssp585,SSP5-8.5,2026-2050,22.0,110.0,5.0,9131,219121,13147201,12.891170440212223,-21.70111,35.12616,24.1213848804818,20.268671679197993,29.54285714285714,21.54786967418546,23.946365914786966,26.824561403508774,9.642658547644539,16.69807132331817,1.1268025794996213,36.8095460014645,0.0,0.0,True,False,5.102729320526123
Kansas,Topeka,ssp585,SSP5-8.5,2026-2050,22.0,110.0,5.0,9131,219121,13147201,15.808445664630199,-19.487076,36.002533,23.631702711039857,20.10877192982456,29.223057644110277,21.228070175438596,23.466666666666665,26.18496240601504,7.416830504726622,25.242270198805056,4.779450774351133,28.219268877078857,0.0,0.0,True,False,2.2536685466766357
Kentucky,Frankfort,ssp585,SSP5-8.5,2026-2050,22.0,110.0,5.0,9131,219121,13147201,15.515392203138799,-13.488861,36.466614,23.69191740652992,19.948872180451126,28.423558897243108,21.54786967418546,23.6265664160401,26.0250626566416,7.690533666045095,18.67939038887441,1.9945614279419628,25.046015497899514,0.0,0.0,True,False,2.7946255207061768
Louisiana,Baton Rouge,ssp585,SSP5-8.5,2026-2050,22.0,110.0,5.0,9131,219121,13147201,22.615332066612503,-4.038849,34.659485,22.481116733325486,20.268671679197993,26.984461152882204,21.068170426065162,22.347368421052632,24.266165413533837,2.1868942423885716,42.281060432558995,6.700817915539589,1.463223997259949,0.0,0.0,True,False,3.250502586364746
Maine,Augusta,ssp585,SSP5-8.5,2026-2050,22.0,110.0,5.0,9131,219121,13147201,9.96137355277169,-20.094818,32.248688,24.624580749898698,20.748370927318295,29.382957393483707,22.347368421052632,24.5859649122807,26.824561403508774,11.929912499539535,3.8461266394269016,0.010572592599748038,44.76730065966132,0.0,0.0,True,False,3.3193199634552
Maryland,Annapolis,ssp585,SSP5-8.5,2026-2050,22.0,110.0,5.0,9131,219121,13147201,16.900482386820517,-12.666107,37.27646,23.456282645990512,19.788972431077692,28.263659147869674,21.38796992481203,23.466666666666665,25.705263157894738,6.619466572684147,23.45020054078431,4.365362634982153,21.694655767413913,0.0,0.0,True,False,6.182002305984497
Massachusetts,Boston,ssp585,SSP5-8.5,2026-2050,22.0,110.0,5.0,9131,219121,13147201,13.171431032877267,-13.2526245,30.94873,24.092283899396993,21.068170426065162,28.423558897243108,22.027568922305765,24.1062656641604,26.18496240601504,9.51038136089542,9.223940517833414,0.0,35.373597771875545,0.0,0.0,True,False,15.118119955062866
Michigan,Lansing,ssp585,SSP5-8.5,2026-2050,22.0,110.0,5.0,9131,219121,13147201,11.937486158093893,-20.581406,34.66812,24.290333525671944,20.268671679197993,29.382957393483707,21.86766917293233,24.266165413533837,26.66466165413534,10.41060693487247,10.381563345688562,0.8818987402717887,38.541222576577326,0.0,0.0,True,False,15.026480197906494
Minnesota,Saint Paul,ssp585,SSP5-8.5,2026-2050,22.0,110.0,5.0,9131,219121,13147201,10.75758041574012,-29.28273,35.31433,24.473392284013503,20.268671679197993,30.662155388471177,21.86766917293233,24.266165413533837,27.304260651629072,11.242692200061377,12.544160540330978,0.9633381280167543,43.02976732461914,0.0,0.0,True,False,11.499288082122803
Mississippi,Jackson,ssp585,SSP5-8.5,2026-2050,22.0,110.0,5.0,9131,219121,13147201,20.71959551569149,-11.177643,36.215576,22.806312422523956,19.948872180451126,28.103759398496244,21.068170426065162,22.667167919799496,24.74586466165414,3.6650564660179796,35.571031430948686,6.1317766420396245,7.222343371794499,0.0,0.0,True,False,3.526158332824707
Missouri,Jefferson City,ssp585,SSP5-8.5,2026-2050,22.0,110.0,5.0,9131,219121,13147201,15.624870439109813,-16.749847,36.057465,23.66811638805192,20.10877192982456,28.90325814536341,21.38796992481203,23.466666666666665,26.18496240601504,7.582347218417822,21.3494339973961,2.646692630621529,26.76332399573111,0.0,0.0,True,False,9.243550777435303
Montana,Helena,ssp585,SSP5-8.5,2026-2050,22.0,110.0,5.0,9131,219121,13147201,10.665555336691673,-27.407684,32.353485,24.50841271269923,20.748370927318295,30.502255639097744,22.187468671679195,24.74586466165414,26.504761904761903,11.401875966814679,7.313343729969596,0.0342962734045064,47.0617129836229,0.0,0.0,True,False,3.075326442718506
Nebraska,Lincoln,ssp585,SSP5-8.5,2026-2050,22.0,110.0,5.0,9131,219121,13147201,13.5373823096505,-22.243134,34.679474,24.012118661393618,20.268671679197993,29.70275689223058,21.54786967418546,23.946365914786966,26.66466165413534,9.145993915425537,20.145375430101055,1.754297359567257,35.95385816342201,0.0,0.0,True,False,3.700568437576294
Nevada,Carson City,ssp585,SSP5-8.5,2026-2050,22.0,110.0,5.0,9131,219121,13147201,10.66602906119558,-13.509186,28.379852,24.5226122185022,21.54786967418546,28.423558897243108,22.667167919799496,24.74586466165414,26.0250626566416,11.46641917501,0.7470259258986001,0.0,44.55850336508889,0.0,0.0,True,False,8.39010763168335
New Hampshire,Concord,ssp585,SSP5-8.5,2026-2050,22.0,110.0,5.0,9131,219121,13147201,11.58543179603212,-17.618866,33.87961,24.354666327779437,20.428571428571427,29.06315789473684,22.187468671679195,24.426065162907268,26.504761904761903,10.703028762633805,7.226618045924756,0.1529070712465718,40.46850732714895,0.0,0.0,True,False,3.0306284427642822
New Jersey,Trenton,ssp585,SSP5-8.5,2026-2050,22.0,110.0,5.0,9131,219121,13147201,15.284981023910076,-13.48764,34.434906,23.7328717802371,20.428571428571427,28.423558897243108,21.54786967418546,23.786466165413536,25.86516290726817,7.876689910168641,17.416726191377162,1.0387229951074757,27.419030103822102,0.0,0.0,True,False,3.123166084289551
New Mexico,Santa Fe,ssp585,SSP5-8.5,2026-2050,22.0,110.0,5.0,9131,219121,13147201,10.960998443210261,-17.40152,28.55478,24.471679922164487,21.38796992481203,28.90325814536341,22.667167919799496,24.5859649122807,26.18496240601504,11.234908737111304,0.5012321634087743,0.0,40.757329259665234,0.0,0.0,True,False,11.274681329727173
New York,Albany,ssp585,SSP5-8.5,2026-2050,22.0,110.0,5.0,9131,219121,13147201,12.699266165056637,-18.124084,36.729675,24.164946734455537,19.948872180451126,29.06315789473684,21.86766917293233,24.1062656641604,26.504761904761903,9.840666974797895,11.465801732247039,0.8422629272953233,37.57916228709061,0.0,0.0,True,False,3.3698232173919678
North Carolina,Raleigh,ssp585,SSP5-8.5,2026-2050,22.0,110.0,5.0,9131,219121,13147201,18.280665177058925,-9.649994,36.64508,23.224058014430483,19.948872180451126,27.783959899749373,21.38796992481203,23.146867167919797,25.225563909774436,5.563900065593104,27.081848067889126,3.3923722623545496,14.951866941107845,0.0,0.0,True,False,9.46325135231018
North Dakota,Bismarck,ssp585,SSP5-8.5,2026-2050,22.0,110.0,5.0,9131,219121,13147201,8.816000072635244,-33.980087,37.660065,24.791347022488953,19.788972431077692,31.461654135338343,21.86766917293233,24.74586466165414,27.624060150375943,12.687941011313422,10.410329924977948,0.46893631579832085,47.775248891379995,0.0,0.0,True,False,9.81503963470459
Ohio,Columbus,ssp585,SSP5-8.5,2026-2050,22.0,110.0,5.0,9131,219121,13147201,14.119570052595122,-18.720398,36.40985,23.92657966015629,19.948872180451126,29.223057644110277,21.707769423558894,23.786466165413536,26.344862155388473,8.757180273437678,14.700125144507945,1.4983341321091843,29.901444421516032,0.0,0.0,True,False,2.722430944442749
Oklahoma,Oklahoma City,ssp585,SSP5-8.5,2026-2050,22.0,110.0,5.0,9131,219121,13147201,18.841690802495354,-14.250305,36.574554,23.12172532047987,19.948872180451126,28.423558897243108,21.068170426065162,22.986967418546364,25.38546365914787,5.098751456726689,30.516655218095472,9.765926602932442,16.076775581357584,0.0,0.0,True,False,2.289708137512207
Oregon,Salem,ssp585,SSP5-8.5,2026-2050,22.0,110.0,5.0,9131,219121,13147201,14.128916349222411,-10.04715,29.73285,23.94879801518476,21.228070175438596,27.783959899749373,22.507268170426066,24.1062656641604,25.225563909774436,8.858172796294363,1.8648075738706664,0.0,16.172757988563497,0.0,0.0,True,False,2.328500270843506
Pennsylvania,Harrisburg,ssp585,SSP5-8.5,2026-2050,22.0,110.0,5.0,9131,219121,13147201,14.032023633594878,-16.959991,37.240692,23.941767787874117,19.788972431077692,28.90325814536341,21.707769423558894,23.946365914786966,26.18496240601504,8.82621721760962,14.652609327262892,1.5974959232767494,31.293923322538387,0.0,0.0,True,False,2.2391469478607178
Rhode Island,Providence,ssp585,SSP5-8.5,2026-2050,22.0,110.0,5.0,9131,219121,13147201,13.617989219094328,-12.402344,31.344818,24.01839429310252,20.90827067669173,28.263659147869674,22.027568922305765,23.946365914786966,26.0250626566416,9.174519514102366,9.860692021062126,0.0014679930732024254,33.6609898943509,0.0,0.0,True,False,2.2540082931518555
South Carolina,Columbia,ssp585,SSP5-8.5,2026-2050,22.0,110.0,5.0,9131,219121,13147201,19.88589849272368,-8.291351,36.147247,22.949427625207743,20.10877192982456,27.624060150375943,21.228070175438596,22.827067669172934,24.90576441102757,4.315580114580652,33.32087947845325,4.023228974745271,9.4875023208362,0.0,0.0,True,False,2.264402151107788
South Dakota,Pierre,ssp585,SSP5-8.5,2026-2050,22.0,110.0,5.0,9131,219121,13147201,11.885189711269094,-26.733063,37.351044,24.28218267937876,19.788972431077692,30.34235588972431,21.38796992481203,24.266165413533837,26.984461152882204,10.37355763353982,18.1507303341601,3.5108689674707185,42.17127280551959,0.0,0.0,True,False,2.244147777557373
Tennessee,Nashville,ssp585,SSP5-8.5,2026-2050,22.0,110.0,5.0,9131,219121,13147201,17.66071329776091,-12.097229,36.117096,23.328460896243918,20.10877192982456,28.103759398496244,21.38796992481203,23.306766917293235,25.5453634085213,6.0384586192905365,26.01304262405359,3.045674893081805,17.175906871736423,0.0,0.0,True,False,2.277949094772339
Texas,Austin,ssp585,SSP5-8.5,2026-2050,22.0,110.0,5.0,9131,219121,13147201,22.540729554891634,-8.409393,37.68802,22.490179433313592,19.788972431077692,27.624060150375943,20.90827067669173,22.347368421052632,24.426065162907268,2.228088333243602,42.24970014530089,14.157439290690089,3.1500241001868003,0.0,0.0,True,False,2.255692720413208
Utah,Salt Lake City,ssp585,SSP5-8.5,2026-2050,22.0,110.0,5.0,9131,219121,13147201,11.991223939222058,-22.654404,32.383087,24.28870578886642,20.748370927318295,29.70275689223058,22.027568922305765,24.5859649122807,26.344862155388473,10.403208131210997,7.877007432988968,0.039536932614021796,42.62439586950865,0.0,0.0,True,False,2.2848994731903076
Vermont,Montpelier,ssp585,SSP5-8.5,2026-2050,22.0,110.0,5.0,9131,219121,13147201,8.63236616044012,-26.44487,34.310486,24.84255767659753,20.428571428571427,30.34235588972431,22.507268170426066,24.74586466165414,27.14436090225564,12.920716711806952,2.7749024298023586,0.026720516404974717,47.570011289855536,0.0,0.0,True,False,2.2417566776275635
Virginia,Richmond,ssp585,SSP5-8.5,2026-2050,22.0,110.0,5.0,9131,219121,13147201,17.64185151146999,-10.75235,36.729095,23.331396246864294,19.948872180451126,27.943859649122807,21.228070175438596,23.306766917293235,25.5453634085213,6.051801122110428,25.04308711793484,4.221430858172778,18.0351011595548,0.0,0.0,True,False,2.2530338764190674
Washington,Olympia,ssp585,SSP5-8.5,2026-2050,22.0,110.0,5.0,9131,219121,13147201,13.88254896137159,-10.75943,32.035797,23.992292538856592,20.748370927318295,27.943859649122807,22.667167919799496,24.1062656641604,25.225563909774436,9.055875176620875,1.2778233176780367,0.014474563825410442,15.942305894615897,0.0,0.0,True,False,2.2427709102630615
West Virginia,Charleston,ssp585,SSP5-8.5,2026-2050,22.0,110.0,5.0,9131,219121,13147201,15.650199433952375,-13.775787,35.049347,23.67126370263575,20.268671679197993,28.423558897243108,21.54786967418546,23.6265664160401,25.86516290726817,7.596653193798857,17.81937463342958,1.3266778229069442,23.93796976253729,0.0,0.0,True,False,2.266404151916504
Wisconsin,Madison,ssp585,SSP5-8.5,2026-2050,22.0,110.0,5.0,9131,219121,13147201,10.861605197972303,-27.065079,35.014923,24.464262801025455,20.268671679197993,30.34235588972431,22.027568922305765,24.426065162907268,27.14436090225564,11.201194550115707,9.595388402443989,0.4452582720839211,41.44502696809762,0.0,0.0,True,False,2.2556991577148438
Wyoming,Cheyenne,ssp585,SSP5-8.5,2026-2050,22.0,110.0,5.0,9131,219121,13147201,10.356763500199305,-20.55243,29.629486,24.565755337836404,21.228070175438596,29.382957393483707,22.507268170426066,24.74586466165414,26.504761904761903,11.662524262892743,1.575445602451807,0.0,46.61008833743395,0.0,0.0,True,False,2.2623250484466553
Alabama,Montgomery,ssp585,SSP5-8.5,2051-2075,22.0,110.0,5.0,9131,219121,13147201,22.29123022046098,-9.059967,37.70758,22.52844616526217,19.788972431077692,27.783959899749373,20.748370927318295,22.347368421052632,24.5859649122807,2.4020280239189584,42.32801339235629,17.22954566527126,5.739548668952426,0.0,0.0,True,False,2.246659278869629
Alaska,Juneau,ssp585,SSP5-8.5,2051-2075,22.0,110.0,5.0,9131,219121,13147201,7.115653732208778,-29.524445,27.02069,25.111844756899153,21.707769423558894,30.82205513784461,23.466666666666665,25.225563909774436,26.66466165413534,14.144748894996148,0.02973256436864394,0.0,55.92676342287609,0.0,0.0,True,False,2.319974422454834
Arizona,Phoenix,ssp585,SSP5-8.5,2051-2075,22.0,110.0,5.0,9131,219121,13147201,26.125056365635732,1.5602112,45.47348,21.845375436182174,18.189974937343358,26.0250626566416,19.788972431077692,21.86766917293233,23.946365914786966,-0.702838926444665,51.194258002140536,36.30170406613545,0.36270077562516917,0.0,0.0,True,False,2.237333297729492
Arkansas,Little Rock,ssp585,SSP5-8.5,2051-2075,22.0,110.0,5.0,9131,219121,13147201,21.250066059756136,-12.420166,43.91153,22.702112760005058,18.509774436090222,28.263659147869674,20.58847117794486,22.667167919799496,25.065664160401,3.1914216363866257,39.46144886656863,19.972197884553523,10.152191329546115,0.0,0.0,True,False,2.4002456665039062
California,Sacramento,ssp585,SSP5-8.5,2051-2075,22.0,110.0,5.0,9131,219121,13147201,20.71608009937219,1.9075623,37.469543,22.811152517709303,19.788972431077692,26.0250626566416,21.068170426065162,22.827067669172934,24.426065162907268,3.6870568986786494,33.133174125808225,6.790928350452694,1.7967702783276835,0.0,0.0,True,False,2.73032808303833
Colorado,Denver,ssp585,SSP5-8.5,2051-2075,22.0,110.0,5.0,9131,219121,13147201,14.192570060936655,-16.683258,34.83548,23.920423486219303,20.268671679197993,28.90325814536341,21.86766917293233,24.1062656641604,25.86516290726817,8.729197664633194,12.799880369973806,0.4925459038771827,31.394515075870522,0.0,0.0,True,False,4.9886391162872314
Connecticut,Hartford,ssp585,SSP5-8.5,2051-2075,22.0,110.0,5.0,9131,219121,13147201,15.105104612879115,-10.402191,36.601868,23.761943511073326,19.948872180451126,27.943859649122807,21.54786967418546,23.786466165413536,25.86516290726817,8.008834141242392,18.072987550734183,2.20403567268805,30.666162326110324,0.0,0.0,True,False,7.58322548866272
Delaware,Dover,ssp585,SSP5-8.5,2051-2075,22.0,110.0,5.0,9131,219121,13147201,17.798257877771572,-9.891937,40.056763,23.300689056183927,19.30927318295739,27.783959899749373,21.068170426065162,23.306766917293235,25.5453634085213,5.912222982654214,27.36458505502426,7.7027422034545605,20.054702137740193,0.0,0.0,True,False,16.709455490112305
Florida,Tallahassee,ssp585,SSP5-8.5,2051-2075,22.0,110.0,5.0,9131,219121,13147201,23.660833175785,-2.1463928,36.645477,22.295256725503165,19.948872180451126,26.66466165413534,20.90827067669173,22.027568922305765,24.1062656641604,1.3420760250143877,46.89672729579475,15.146714498393992,2.1662709804162876,0.0,0.0,True,False,4.442015886306763
Georgia,Atlanta,ssp585,SSP5-8.5,2051-2075,22.0,110.0,5.0,9131,219121,13147201,20.76891795454035,-11.694672,36.768982,22.792644699618485,19.948872180451126,28.103759398496244,21.068170426065162,22.667167919799496,24.90576441102757,3.6029304528112953,38.1149797588095,9.944283958235674,9.172370605728169,0.0,0.0,True,False,3.4907524585723877
Hawaii,Honolulu,ssp585,SSP5-8.5,2051-2075,22.0,110.0,5.0,9131,219121,13147201,25.83650666460599,19.552643,29.898804,21.92997158210981,21.228070175438596,22.986967418546364,21.54786967418546,21.86766917293233,22.347368421052632,-0.3183109904099494,54.20530955600359,0.0,0.0,0.0,0.0,True,False,2.9249038696289062
Idaho,Boise,ssp585,SSP5-8.5,2051-2075,22.0,110.0,5.0,9131,219121,13147201,14.98258860494486,-12.294189,36.374237,23.779767055781615,19.948872180451126,28.263659147869674,21.228070175438596,24.1062656641604,25.86516290726817,8.089850253552799,21.190647347674993,5.873638046607791,31.90083577485428,0.0,0.0,True,False,8.599326610565186
Illinois,Springfield,ssp585,SSP5-8.5,2051-2075,22.0,110.0,5.0,9131,219121,13147201,16.086880556057764,-18.8844,39.98593,23.583075808617778,19.30927318295739,29.223057644110277,21.228070175438596,23.466666666666665,26.18496240601504,7.19579913008081,25.97150526564552,6.569983983663138,27.195218206521677,0.0,0.0,True,False,3.03133225440979
Indiana,Indianapolis,ssp585,SSP5-8.5,2051-2075,22.0,110.0,5.0,9131,219121,13147201,15.895553707189562,-17.856445,40.160553,23.617772575093554,19.30927318295739,29.06315789473684,21.228070175438596,23.466666666666665,26.18496240601504,7.353511704970699,24.256052676155175,5.74436338198526,27.245479855369975,0.0,0.0,True,False,2.6530940532684326
Iowa,Des Moines,ssp585,SSP5-8.5,2051-2075,22.0,110.0,5.0,9131,219121,13147201,14.565668903585205,-23.250595,37.95877,23.83344540923914,19.62907268170426,29.86265664160401,21.228070175438596,23.786466165413536,26.66466165413534,8.333842769268816,24.576394625745817,6.187476710822326,33.73846646141639,0.0,0.0,True,False,2.3508899211883545
Kansas,Topeka,ssp585,SSP5-8.5,2051-2075,22.0,110.0,5.0,9131,219121,13147201,17.49843537977629,-18.169296,40.051483,23.336769864151066,19.30927318295739,29.06315789473684,20.748370927318295,23.306766917293235,26.18496240601504,6.076226655232117,32.00437112051455,13.53744420580472,24.74560935061387,0.0,0.0,True,False,7.764242649078369
Kentucky,Frankfort,ssp585,SSP5-8.5,2051-2075,22.0,110.0,5.0,9131,219121,13147201,17.013950002943872,-15.055084,43.20688,23.43185277757395,18.66967418546366,28.58345864661654,21.228070175438596,23.306766917293235,25.86516290726817,6.508421716245233,25.843021643922537,6.493230003861658,22.19734071153244,0.0,0.0,True,False,3.850835084915161
Louisiana,Baton Rouge,ssp585,SSP5-8.5,2051-2075,22.0,110.0,5.0,9131,219121,13147201,23.92280338626598,-4.222534,36.88559,22.247511927874548,19.948872180451126,26.984461152882204,20.748370927318295,22.027568922305765,24.1062656641604,1.1250542176115823,47.460847369717705,20.65222095562394,1.415563662562092,0.0,0.0,True,False,2.2727320194244385
Maine,Augusta,ssp585,SSP5-8.5,2051-2075,22.0,110.0,5.0,9131,219121,13147201,11.635855602453812,-16.465271,34.599457,24.34392696219167,20.268671679197993,28.90325814536341,22.027568922305765,24.426065162907268,26.504761904761903,10.65421346450759,8.871462450448577,0.3013721323649041,41.574294026538425,0.0,0.0,True,False,2.251720666885376
Maryland,Annapolis,ssp585,SSP5-8.5,2051-2075,22.0,110.0,5.0,9131,219121,13147201,18.35129834456478,-11.157074,41.0477,23.204154466911174,19.14937343358396,28.103759398496244,20.90827067669173,23.146867167919797,25.5453634085213,5.473429395050789,29.352415012138326,10.481303206667336,18.784454577061688,0.0,0.0,True,False,2.2670137882232666
Massachusetts,Boston,ssp585,SSP5-8.5,2051-2075,22.0,110.0,5.0,9131,219121,13147201,14.557261685899812,-10.28952,33.331635,23.857238388459628,20.58847117794486,27.943859649122807,21.707769423558894,23.946365914786966,26.0250626566416,8.44199267481649,15.238277714016846,0.524233256949521,31.677229244460474,0.0,0.0,True,False,2.2657063007354736
Michigan,Lansing,ssp585,SSP5-8.5,2051-2075,22.0,110.0,5.0,9131,219121,13147201,13.811061642273517,-18.151917,38.787018,23.971965939093497,19.469172932330824,29.06315789473684,21.54786967418546,23.946365914786966,26.344862155388473,8.963481541334078,17.36145967495287,3.8622289261417695,35.12639686576634,0.0,0.0,True,False,2.2518539428710938
Minnesota,Saint Paul,ssp585,SSP5-8.5,2051-2075,22.0,110.0,5.0,9131,219121,13147201,12.619739781721028,-27.619263,38.693512,24.157170656212013,19.62907268170426,30.502255639097744,21.38796992481203,24.1062656641604,26.984461152882204,9.80532116460006,20.35038484617372,4.820546974219075,40.20702961793921,0.0,0.0,True,False,2.305697441101074
Mississippi,Jackson,ssp585,SSP5-8.5,2051-2075,22.0,110.0,5.0,9131,219121,13147201,22.138552115083012,-10.552002,39.091583,22.553773341304083,19.469172932330824,27.943859649122807,20.748370927318295,22.507268170426066,24.5859649122807,2.5171515513821965,41.525781799487206,17.885898298809003,6.178737208018649,0.0,0.0,True,False,2.2496371269226074
Missouri,Jefferson City,ssp585,SSP5-8.5,2051-2075,22.0,110.0,5.0,9131,219121,13147201,17.23276468547248,-16.820251,39.531708,23.38903257855147,19.469172932330824,28.90325814536341,21.068170426065162,23.306766917293235,26.0250626566416,6.313784447961219,28.916329795216487,9.234277318799645,23.727057949444905,0.0,0.0,True,False,2.242326498031616
Montana,Helena,ssp585,SSP5-8.5,2051-2075,22.0,110.0,5.0,9131,219121,13147201,12.608943331257993,-21.781128,35.199127,24.17946951327596,20.268671679197993,29.70275689223058,21.54786967418546,24.5859649122807,26.18496240601504,9.906679605799825,15.366297358654515,1.3660169947960785,42.36036248323883,0.0,0.0,True,False,2.2529475688934326
Nebraska,Lincoln,ssp585,SSP5-8.5,2051-2075,22.0,110.0,5.0,9131,219121,13147201,15.20738839401796,-22.959686,37.981293,23.723246101140507,19.62907268170426,29.86265664160401,21.068170426065162,23.6265664160401,26.504761904761903,7.832936823365942,27.464051093460885,8.536166747583763,32.72500359582241,0.0,0.0,True,False,2.287882089614868
Nevada,Carson City,ssp585,SSP5-8.5,2051-2075,22.0,110.0,5.0,9131,219121,13147201,12.57635445329366,-10.911896,32.22751,24.199764077631663,20.748370927318295,27.943859649122807,22.347368421052632,24.426065162907268,25.86516290726817,9.998927625598467,3.8750681608959963,0.015516610721932372,38.731658548462136,0.0,0.0,True,False,2.2484114170074463
New Hampshire,Concord,ssp585,SSP5-8.5,2051-2075,22.0,110.0,5.0,9131,219121,13147201,13.210469132552847,-14.508209,36.713654,24.080660045211708,19.948872180451126,28.58345864661654,21.707769423558894,24.1062656641604,26.344862155388473,9.457545660053219,13.009894653622469,1.0478504131792006,37.38750171994784,0.0,0.0,True,False,2.253610849380493
New Jersey,Trenton,ssp585,SSP5-8.5,2051-2075,22.0,110.0,5.0,9131,219121,13147201,16.674754450586896,-10.051727,37.124573,23.49387083298363,19.788972431077692,27.783959899749373,21.228070175438596,23.466666666666665,25.705263157894738,6.790321968107417,23.722129143686175,4.323703577666455,24.123796388295883,0.0,0.0,True,False,2.2470245361328125
New Mexico,Santa Fe,ssp585,SSP5-8.5,2051-2075,22.0,110.0,5.0,9131,219121,13147201,12.651509939025312,-18.452911,33.63553,24.18621824495121,20.58847117794486,29.06315789473684,22.347368421052632,24.1062656641604,26.0250626566416,9.937355658869135,3.1181694111164804,0.08528811569854299,36.01017433292455,0.0,0.0,True,False,2.263498544692993
New York,Albany,ssp585,SSP5-8.5,2051-2075,22.0,110.0,5.0,9131,219121,13147201,14.368129086361591,-14.746124,38.830475,23.881718037028968,19.469172932330824,28.58345864661654,21.54786967418546,23.946365914786966,26.18496240601504,8.553263804677126,18.023326790242272,3.4093568661496847,34.92065725624793,0.0,0.0,True,False,2.266922950744629
North Carolina,Raleigh,ssp585,SSP5-8.5,2051-2075,22.0,110.0,5.0,9131,219121,13147201,19.67701985731878,-10.810333,38.558655,22.979426704465133,19.62907268170426,27.943859649122807,20.90827067669173,22.827067669172934,25.225563909774436,4.451939565750607,33.55911269630699,10.33927297528957,12.725438669417164,0.0,0.0,True,False,2.2559590339660645
North Dakota,Bismarck,ssp585,SSP5-8.5,2051-2075,22.0,110.0,5.0,9131,219121,13147201,10.861973289866878,-28.344055,37.730927,24.445760273520165,19.788972431077692,30.662155388471177,21.38796992481203,24.5859649122807,27.464160401002506,11.117092152364384,18.7951032314787,4.582192057457705,45.24028346413811,0.0,0.0,True,False,2.240273952484131
Ohio,Columbus,ssp585,SSP5-8.5,2051-2075,22.0,110.0,5.0,9131,219121,13147201,15.687431962772388,-17.44307,39.983612,23.656802477041115,19.30927318295739,29.06315789473684,21.38796992481203,23.6265664160401,26.0250626566416,7.530920350186886,21.626032795877997,4.8737141844868725,27.238124677640513,0.0,0.0,True,False,2.2829604148864746
Oklahoma,Oklahoma City,ssp585,SSP5-8.5,2051-2075,22.0,110.0,5.0,9131,219121,13147201,20.561453301211642,-13.762848,41.1987,22.81741848041708,19.14937343358396,28.423558897243108,20.58847117794486,22.667167919799496,25.225563909774436,3.715538547350357,38.145267574444176,20.205000288654595,13.439712376801724,0.0,0.0,True,False,2.247541904449463
Oregon,Salem,ssp585,SSP5-8.5,2051-2075,22.0,110.0,5.0,9131,219121,13147201,15.807780130297102,-4.6232605,33.80429,23.662351437709876,20.428571428571427,26.984461152882204,22.027568922305765,23.786466165413536,25.065664160401,7.556142898681256,6.681406939773721,0.10183156095354441,10.220867544354117,0.0,0.0,True,False,2.2606329917907715
Pennsylvania,Harrisburg,ssp585,SSP5-8.5,2051-2075,22.0,110.0,5.0,9131,219121,13147201,15.575677028538164,-14.97821,37.542633,23.677373295095798,19.788972431077692,28.58345864661654,21.38796992481203,23.6265664160401,26.0250626566416,7.624424068617262,21.264069819880294,4.708736102840445,28.449036414671074,0.0,0.0,True,False,2.2591421604156494
Rhode Island,Providence,ssp585,SSP5-8.5,2051-2075,22.0,110.0,5.0,9131,219121,13147201,14.901466232647179,-9.045013,32.986267,23.800355119928756,20.58847117794486,27.783959899749373,21.707769423558894,23.786466165413536,25.86516290726817,8.183432363312528,15.430196891338316,0.5212364213493047,29.581726178826962,0.0,0.0,True,False,2.3475663661956787
South Carolina,Columbia,ssp585,SSP5-8.5,2051-2075,22.0,110.0,5.0,9131,219121,13147201,21.24783986542727,-7.9930725,37.57617,22.708758623238523,19.788972431077692,27.464160401002506,20.90827067669173,22.507268170426066,24.90576441102757,3.221630105629652,39.153763603370784,13.791734073282974,7.963421263583024,0.0,0.0,True,False,2.3127899169921875
South Dakota,Pierre,ssp585,SSP5-8.5,2051-2075,22.0,110.0,5.0,9131,219121,13147201,13.82107866718109,-24.866821,39.758636,23.94892649735769,19.30927318295739,30.022556390977442,20.90827067669173,24.1062656641604,26.824561403508774,8.858756806171316,25.70011670164623,11.936259284390648,38.855441549878186,0.0,0.0,True,False,2.372457981109619
Tennessee,Nashville,ssp585,SSP5-8.5,2051-2075,22.0,110.0,5.0,9131,219121,13147201,19.15085765642888,-14.094025,40.36444,23.06725612786926,19.30927318295739,28.423558897243108,20.90827067669173,22.986967418546364,25.38546365914787,4.851164217587548,32.83466952395418,10.88874354320741,14.98911441302221,0.0,0.0,True,False,2.3040003776550293
Texas,Austin,ssp585,SSP5-8.5,2051-2075,22.0,110.0,5.0,9131,219121,13147201,23.98936344836682,-8.400665,39.235382,22.23064461696807,19.469172932330824,27.624060150375943,20.428571428571427,22.027568922305765,24.266165413533837,1.0483846225821416,47.488168774479064,24.895139277173904,2.426037298737579,0.0,0.0,True,False,2.253377914428711
Utah,Salt Lake City,ssp585,SSP5-8.5,2051-2075,22.0,110.0,5.0,9131,219121,13147201,13.96724073320227,-19.87143,34.467804,23.95287080520086,20.428571428571427,29.382957393483707,21.54786967418546,24.266165413533837,26.0250626566416,8.876685478185726,18.032461814495722,0.8850629118699866,37.50563332834114,0.0,0.0,True,False,2.25742769241333
Vermont,Montpelier,ssp585,SSP5-8.5,2051-2075,22.0,110.0,5.0,9131,219121,13147201,10.55436363452966,-21.838257,34.81836,24.52329935001714,20.268671679197993,29.70275689223058,22.187468671679195,24.5859649122807,26.824561403508774,11.46954250007791,6.922910815769836,0.35514023098909037,44.2955728751694,0.0,0.0,True,False,2.268890142440796
Virginia,Richmond,ssp585,SSP5-8.5,2051-2075,22.0,110.0,5.0,9131,219121,13147201,19.087385546869704,-10.520905,39.953217,23.078871164412035,19.30927318295739,27.943859649122807,20.90827067669173,22.986967418546364,25.38546365914787,4.903959838236525,31.361489034814333,10.908390310606798,15.238726478738707,0.0,0.0,True,False,2.271385669708252
Washington,Olympia,ssp585,SSP5-8.5,2051-2075,22.0,110.0,5.0,9131,219121,13147201,15.741522221360082,-4.630554,35.19345,23.674443125600533,20.268671679197993,26.984461152882204,22.187468671679195,23.786466165413536,25.065664160401,7.611105116366058,4.652222172613015,0.11477728225194092,10.13274992905334,0.0,0.0,True,False,2.3034393787384033
West Virginia,Charleston,ssp585,SSP5-8.5,2051-2075,22.0,110.0,5.0,9131,219121,13147201,17.132814095731643,-13.388489,38.788055,23.414665136918245,19.469172932330824,28.423558897243108,21.228070175438596,23.306766917293235,25.705263157894738,6.430296076901114,25.06942732525349,5.299242021172415,21.651863389020978,0.0,0.0,True,False,2.2537481784820557
Wisconsin,Madison,ssp585,SSP5-8.5,2051-2075,22.0,110.0,5.0,9131,219121,13147201,12.704477196596505,-23.201859,38.185394,24.152583171281496,19.62907268170426,29.86265664160401,21.54786967418546,24.1062656641604,26.824561403508774,9.784468960370434,16.715246081656467,2.621645474196371,37.60358573661421,0.0,0.0,True,False,2.267665386199951
Wyoming,Cheyenne,ssp585,SSP5-8.5,2051-2075,22.0,110.0,5.0,9131,219121,13147201,12.250541336942216,-18.198486,32.55905,24.245731080422797,20.748370927318295,29.06315789473684,22.027568922305765,24.5859649122807,26.18496240601504,10.207868547376348,7.7421118000706,0.10545970963705506,41.45526488870141,0.0,0.0,True,False,2.259883403778076
