State,Capital,Scenario_Code,Scenario,Period,Season,Minute_Records,Mean_Temperature_C,Min_Temperature_C,Max_Temperature_C,Mean_DTR_MVA,Min_DTR_MVA,Max_DTR_MVA,P10_DTR_MVA,Median_DTR_MVA,P90_DTR_MVA,Capacity_Gain_Percent,DTR_Below_22MVA_Percent,DTR_Below_21MVA_Percent,DTR_GE_25MVA_Percent,Lower_Candidate_Percent,Upper_Candidate_Percent
Alabama,Montgomery,ssp126,SSP1-2.6,2026-2050,Fall,3276000,21.941822496647713,4.247528,33.011383,22.606983528418112,20.58847117794486,25.5453634085213,21.38796992481203,22.507268170426066,23.946365914786966,2.7590160382641473,30.00326617826618,0.7158730158730159,1.1341880341880342,0.0,0.0
Alabama,Montgomery,ssp126,SSP1-2.6,2026-2050,Spring,3312000,19.900864820301972,1.0195007,35.004852,22.963051398423595,20.268671679197993,26.18496240601504,21.86766917293233,22.827067669172934,24.266165413533837,4.377506356470884,15.317934782608697,0.5217995169082126,1.3839371980676327,0.0,0.0
Alabama,Montgomery,ssp126,SSP1-2.6,2026-2050,Summer,3312000,29.151014165912528,17.126251,36.079987,21.332391388646744,20.10877192982456,23.466666666666665,20.90827067669173,21.228070175438596,21.86766917293233,-3.0345845970602525,91.78897946859902,16.39027777777778,0.0,0.0,0.0
Alabama,Montgomery,ssp126,SSP1-2.6,2026-2050,Winter,3247201,11.701873854400878,-9.708923,24.450836,24.36122980343607,22.187468671679195,27.783959899749373,23.146867167919797,24.426065162907268,25.5453634085213,10.732862742891234,0.0,0.0,23.015206018968335,0.0,0.0
Alaska,Juneau,ssp126,SSP1-2.6,2026-2050,Fall,3276000,5.397995071832667,-21.496887,21.908203,25.401257810582617,22.667167919799496,29.54285714285714,24.266165413533837,25.38546365914787,26.504761904761903,15.460262775375533,0.0,0.0,63.12118437118437,0.0,0.0
Alaska,Juneau,ssp126,SSP1-2.6,2026-2050,Spring,3312000,3.1568852622799444,-18.2886125,17.017487,25.76901256159722,23.466666666666665,29.06315789473684,24.90576441102757,25.705263157894738,26.66466165413534,17.13187527998736,0.0,0.0,87.96820652173913,0.0,0.0
Alaska,Juneau,ssp126,SSP1-2.6,2026-2050,Summer,3312000,13.470441878002147,2.5434265,26.71634,24.069977062977497,21.707769423558894,25.86516290726817,23.306766917293235,24.1062656641604,24.74586466165414,9.408986649897711,0.18623188405797103,0.0,4.053472222222222,0.0,0.0
Alaska,Juneau,ssp126,SSP1-2.6,2026-2050,Winter,3247201,-4.791015034888851,-30.332855,7.652252,27.02998578720428,25.065664160401,30.82205513784461,25.86516290726817,26.824561403508774,28.423558897243108,22.86357176001945,0.0,0.0,100.0,0.0,0.0
Arizona,Phoenix,ssp126,SSP1-2.6,2026-2050,Fall,3276000,25.401399529625344,8.2769165,37.68634,21.99166972024077,19.788972431077692,24.90576441102757,20.58847117794486,21.86766917293233,23.466666666666665,-0.03786490799650786,51.53925518925519,22.167735042735043,0.0,0.0,0.0
Arizona,Phoenix,ssp126,SSP1-2.6,2026-2050,Spring,3312000,22.55263787205108,6.802429,37.526886,22.50249222754955,19.788972431077692,25.225563909774436,21.38796992481203,22.507268170426066,23.6265664160401,2.2840555797706776,28.26977657004831,4.084692028985507,0.07463768115942028,0.0,0.0
Arizona,Phoenix,ssp126,SSP1-2.6,2026-2050,Summer,3312000,34.06504598541782,21.052917,40.91623,20.42677743256087,19.14937343358396,22.827067669172934,19.788972431077692,20.428571428571427,21.068170426065162,-7.15101167017787,99.03961352657005,86.73324275362319,0.0,0.0,0.0
Arizona,Phoenix,ssp126,SSP1-2.6,2026-2050,Winter,3247201,14.303714289150157,0.3100891,24.454254,23.92964346508691,22.187468671679195,26.18496240601504,23.146867167919797,23.946365914786966,24.5859649122807,8.771106659485962,0.0,0.0,4.045360912367297,0.0,0.0
Arkansas,Little Rock,ssp126,SSP1-2.6,2026-2050,Fall,3276000,20.49629401431524,-0.69540405,34.058258,22.855911563248778,20.428571428571427,26.344862155388473,21.38796992481203,22.827067669172934,24.266165413533837,3.890507105676264,23.64172771672772,1.5800671550671552,2.99478021978022,0.0,0.0
Arkansas,Little Rock,ssp126,SSP1-2.6,2026-2050,Spring,3312000,18.87832949886223,-1.3703613,31.862793,23.13784591566477,20.90827067669173,26.504761904761903,21.86766917293233,22.986967418546364,24.5859649122807,5.172026889385315,11.551479468599034,0.09091183574879227,3.5895833333333336,0.0,0.0
Arkansas,Little Rock,ssp126,SSP1-2.6,2026-2050,Summer,3312000,29.605458644037512,17.814056,37.70114,21.24732071483056,19.788972431077692,23.306766917293235,20.58847117794486,21.228070175438596,22.027568922305765,-3.4212694780429036,88.56618357487923,34.37647946859904,0.0,0.0,0.0
Arkansas,Little Rock,ssp126,SSP1-2.6,2026-2050,Winter,3247201,9.086747680078256,-11.411011,23.742401,24.795316815125855,22.347368421052632,28.103759398496244,23.6265664160401,24.74586466165414,26.0250626566416,12.705985523299338,0.0,0.0,39.8140429249683,0.0,0.0
California,Sacramento,ssp126,SSP1-2.6,2026-2050,Fall,3276000,20.11973947925305,4.5992737,33.337616,22.92480185169885,20.58847117794486,25.5453634085213,21.707769423558894,22.827067669172934,24.266165413533837,4.203644780449312,18.532448107448108,0.5351343101343101,0.8113247863247862,0.0,0.0
California,Sacramento,ssp126,SSP1-2.6,2026-2050,Spring,3312000,17.23472869583862,5.9558716,29.946136,23.427857858111462,21.228070175438596,25.38546365914787,22.347368421052632,23.6265664160401,24.266165413533837,6.4902629914157375,3.5192330917874397,0.0,0.25123792270531403,0.0,0.0
California,Sacramento,ssp126,SSP1-2.6,2026-2050,Summer,3312000,26.431048899809106,13.897614,34.640167,21.82090704160764,20.268671679197993,23.946365914786966,21.228070175438596,21.86766917293233,22.507268170426066,-0.8140589017834543,63.14347826086957,3.5016002415458933,0.0,0.0,0.0
California,Sacramento,ssp126,SSP1-2.6,2026-2050,Winter,3247201,10.69014897992212,-4.493744,19.817566,24.53667476608092,22.986967418546364,26.984461152882204,23.946365914786966,24.5859649122807,25.065664160401,11.530339845822368,0.0,0.0,16.203678183149115,0.0,0.0
Colorado,Denver,ssp126,SSP1-2.6,2026-2050,Fall,3276000,12.563122333622243,-10.67923,26.10617,24.21093723105076,21.86766917293233,27.943859649122807,22.827067669172934,24.266165413533837,25.705263157894738,10.049714686594365,0.06016483516483517,0.0,26.985286935286933,0.0,0.0
Colorado,Denver,ssp126,SSP1-2.6,2026-2050,Spring,3312000,10.344154778159277,-9.5069275,24.807637218750003,24.5878101804935,22.187468671679195,27.783959899749373,23.466666666666665,24.74586466165414,25.5453634085213,11.762773547697721,0.0,0.0,35.95896739130435,0.0,0.0
Colorado,Denver,ssp126,SSP1-2.6,2026-2050,Summer,3312000,22.938975128415905,11.152557,30.624664,22.440827217500264,21.068170426065162,24.426065162907268,21.86766917293233,22.347368421052632,23.146867167919797,2.003760079546653,15.115307971014493,0.0,0.0,0.0,0.0
Colorado,Denver,ssp126,SSP1-2.6,2026-2050,Winter,3247201,2.4388371987820308,-17.277954,13.862305,25.88585010332078,23.946365914786966,28.90325814536341,25.065664160401,25.86516290726817,26.824561403508774,17.662955015094457,0.0,0.0,90.87447928231114,0.0,0.0
Connecticut,Hartford,ssp126,SSP1-2.6,2026-2050,Fall,3276000,15.186853106970505,-1.094696,29.203033,23.76925268406058,21.38796992481203,26.504761904761903,22.347368421052632,23.786466165413536,25.225563909774436,8.042057654820812,3.133608058608059,0.0,14.328601953601956,0.0,0.0
Connecticut,Hartford,ssp126,SSP1-2.6,2026-2050,Spring,3312000,11.368400063518054,-9.452179,27.60434,24.411681958368153,21.54786967418546,27.783959899749373,22.986967418546364,24.266165413533837,25.86516290726817,10.962190719855238,0.15160024154589372,0.0,31.270108695652173,0.0,0.0
Connecticut,Hartford,ssp126,SSP1-2.6,2026-2050,Summer,3312000,24.448516001843213,15.582245,34.651154,22.17332623406342,20.268671679197993,23.786466165413536,21.38796992481203,22.187468671679195,22.986967418546364,0.7878465184700932,38.02001811594203,0.9025060386473429,0.0,0.0,0.0
Connecticut,Hartford,ssp126,SSP1-2.6,2026-2050,Winter,3247201,1.953844412991347,-14.88446,18.7375185,25.963447450222368,23.146867167919797,28.58345864661654,25.065664160401,25.86516290726817,26.984461152882204,18.015670228283494,0.0,0.0,92.39889985251914,0.0,0.0
Delaware,Dover,ssp126,SSP1-2.6,2026-2050,Fall,3276000,17.90864495463146,0.3937683,31.654144,23.304149510681462,20.90827067669173,26.18496240601504,21.86766917293233,23.306766917293235,24.74586466165414,5.927952321279373,12.227106227106226,0.05830280830280831,6.745543345543345,0.0,0.0
Delaware,Dover,ssp126,SSP1-2.6,2026-2050,Spring,3312000,14.433461313075307,-5.383423,30.81361118263889,23.896033123569804,21.068170426065162,27.14436090225564,22.507268170426066,23.786466165413536,25.38546365914787,8.618332379862746,2.0745772946859904,0.0,18.13858695652174,0.0,0.0
Delaware,Dover,ssp126,SSP1-2.6,2026-2050,Summer,3312000,26.7410642262167,15.909088,38.68741,21.763527074479665,19.62907268170426,23.6265664160401,21.068170426065162,21.707769423558894,22.667167919799496,-1.0748769341833413,61.741485507246374,9.957125603864734,0.0,0.0,0.0
Delaware,Dover,ssp126,SSP1-2.6,2026-2050,Winter,3247201,5.055032714968811,-15.4096985,21.429046999999997,25.459225914756757,22.667167919799496,28.743358395989976,24.266165413533837,25.5453634085213,26.504761904761903,15.723754157985262,0.0,0.0,70.30494878512295,0.0,0.0
Florida,Tallahassee,ssp126,SSP1-2.6,2026-2050,Fall,3276000,23.600812288207248,7.4399414,33.721405,22.318531701965533,20.428571428571427,25.065664160401,21.38796992481203,22.187468671679195,23.466666666666665,1.4478713725706043,38.014255189255195,0.4986874236874237,0.043467643467643466,0.0,0.0
Florida,Tallahassee,ssp126,SSP1-2.6,2026-2050,Spring,3312000,21.35133976604158,4.449463,33.80356,22.712796269205622,20.428571428571427,25.5453634085213,21.707769423558894,22.667167919799496,23.946365914786966,3.2399830418437374,20.77859299516908,0.39450483091787436,0.5105072463768117,0.0,0.0
Florida,Tallahassee,ssp126,SSP1-2.6,2026-2050,Summer,3312000,29.169709852369255,18.719086,35.487823,21.329179344496506,20.10877192982456,23.146867167919797,20.90827067669173,21.38796992481203,21.707769423558894,-3.049184797743155,95.41171497584541,11.696286231884057,0.0,0.0,0.0
Florida,Tallahassee,ssp126,SSP1-2.6,2026-2050,Winter,3247201,14.53868157939855,-4.153351,25.843018,23.884390796163906,21.86766917293233,26.984461152882204,22.827067669172934,23.946365914786966,24.90576441102757,8.565412709835938,0.004219018163643088,0.0,9.912752552121042,0.0,0.0
Georgia,Atlanta,ssp126,SSP1-2.6,2026-2050,Fall,3276000,20.35520142632767,3.120636,30.927704,22.8822135101184,21.068170426065162,25.705263157894738,21.54786967418546,22.827067669172934,24.266165413533837,4.010061409629095,22.803021978021977,0.0,2.5084859584859585,0.0,0.0
Georgia,Atlanta,ssp126,SSP1-2.6,2026-2050,Spring,3312000,18.304310473560303,-1.8576355,34.181732,23.23843970736019,20.428571428571427,26.504761904761903,22.027568922305765,23.146867167919797,24.5859649122807,5.629271397091771,7.722675120772947,0.07125603864734299,4.252143719806764,0.0,0.0
Georgia,Atlanta,ssp126,SSP1-2.6,2026-2050,Summer,3312000,28.007861908590282,16.586517,35.6445,21.53871691018003,20.10877192982456,23.466666666666665,21.068170426065162,21.54786967418546,22.187468671679195,-2.096741317363492,85.4115036231884,6.7373792270531405,0.0,0.0,0.0
Georgia,Atlanta,ssp126,SSP1-2.6,2026-2050,Winter,3247201,9.71900707152157,-12.668854,23.60971,24.69052238665274,22.347368421052632,28.263659147869674,23.466666666666665,24.74586466165414,25.86516290726817,12.229647212057916,0.0,0.0,36.53946891492088,0.0,0.0
Hawaii,Honolulu,ssp126,SSP1-2.6,2026-2050,Fall,3276000,25.558527419740148,22.491333,27.805298,21.98028442856225,21.54786967418546,22.507268170426066,21.707769423558894,22.027568922305765,22.187468671679195,-0.08961623380795526,44.730006105006105,0.0,0.0,0.0,0.0
Hawaii,Honolulu,ssp126,SSP1-2.6,2026-2050,Spring,3312000,23.469503061541744,19.516144,26.39096,22.350329752824088,21.86766917293233,22.986967418546364,22.027568922305765,22.347368421052632,22.667167919799496,1.5924079673822176,1.583937198067633,0.0,0.0,0.0,0.0
Hawaii,Honolulu,ssp126,SSP1-2.6,2026-2050,Summer,3312000,25.911957114821945,23.7565,27.74527,21.918965707747624,21.54786967418546,22.347368421052632,21.707769423558894,21.86766917293233,22.027568922305765,-0.3683376920562541,60.286111111111104,0.0,0.0,0.0,0.0
Hawaii,Honolulu,ssp126,SSP1-2.6,2026-2050,Winter,3247201,22.598707161364747,18.481476,25.5040435,22.503777184548667,22.027568922305765,23.146867167919797,22.347368421052632,22.507268170426066,22.827067669172934,2.2898962934030336,0.0,0.0,0.0,0.0,0.0
Idaho,Boise,ssp126,SSP1-2.6,2026-2050,Fall,3276000,12.933552562483053,-12.411804,28.486664,24.144558237474033,21.38796992481203,28.263659147869674,22.507268170426066,24.1062656641604,25.705263157894738,9.747991988518333,1.3732600732600733,0.0,30.49288766788767,0.0,0.0
Idaho,Boise,ssp126,SSP1-2.6,2026-2050,Spring,3312000,10.931105859769108,-8.756226,26.063782,24.490657226702023,21.86766917293233,27.624060150375943,23.306766917293235,24.74586466165414,25.38546365914787,11.321169212281923,0.044444444444444446,0.0,31.122705314009664,0.0,0.0
Idaho,Boise,ssp126,SSP1-2.6,2026-2050,Summer,3312000,24.194619854355718,5.1824646,34.082672,22.215772375685596,20.428571428571427,25.38546365914787,21.38796992481203,22.027568922305765,23.306766917293235,0.9807835258436174,43.265609903381645,0.26391908212560383,0.12152777777777778,0.0,0.0
Idaho,Boise,ssp126,SSP1-2.6,2026-2050,Winter,3247201,1.6062894023347498,-24.150345,10.224365,26.019973806336537,24.5859649122807,30.022556390977442,25.225563909774436,26.0250626566416,26.824561403508774,18.272608210620625,0.0,0.0,96.99211721109965,0.0,0.0
Illinois,Springfield,ssp126,SSP1-2.6,2026-2050,Fall,3276000,15.721569632287789,-8.349884,31.281036,23.674259737714248,20.90827067669173,27.624060150375943,22.187468671679195,23.6265664160401,25.225563909774436,7.610271535064764,7.69441391941392,0.005250305250305251,14.657783882783884,0.0,0.0
Illinois,Springfield,ssp126,SSP1-2.6,2026-2050,Spring,3312000,13.693571107220649,-12.038818,28.184082,24.018276723360334,21.54786967418546,28.103759398496244,22.507268170426066,23.786466165413536,25.5453634085213,9.173985106183334,1.4968900966183574,0.0,23.730555555555554,0.0,0.0
Illinois,Springfield,ssp126,SSP1-2.6,2026-2050,Summer,3312000,26.36273005850844,15.6336975,36.187897,21.83046689338079,20.10877192982456,23.786466165413536,21.068170426065162,21.707769423558894,22.667167919799496,-0.7706050300873134,59.769716183574886,7.416455314009662,0.0,0.0,0.0
Illinois,Springfield,ssp126,SSP1-2.6,2026-2050,Winter,3247201,1.0616811436275673,-21.044159,21.235046,26.099767705936962,22.667167919799496,29.54285714285714,24.74586466165414,26.18496240601504,27.464160401002506,18.63530775425892,0.0,0.0,82.89757856073584,0.0,0.0
Indiana,Indianapolis,ssp126,SSP1-2.6,2026-2050,Fall,3276000,15.593264894104882,-5.753784,31.900757,23.69664706929105,20.90827067669173,27.14436090225564,22.187468671679195,23.6265664160401,25.225563909774436,7.712032133141135,7.141361416361416,0.026984126984126982,13.879456654456654,0.0,0.0
Indiana,Indianapolis,ssp126,SSP1-2.6,2026-2050,Spring,3312000,13.179313075555305,-11.582245,29.583405,24.10471538008668,21.228070175438596,28.103759398496244,22.667167919799496,23.946365914786966,25.705263157894738,9.566888091303095,1.262409420289855,0.0,24.861896135265702,0.0,0.0
Indiana,Indianapolis,ssp126,SSP1-2.6,2026-2050,Summer,3312000,25.93986964793622,12.88446,38.822968,21.90588453712784,19.469172932330824,24.1062656641604,21.068170426065162,21.86766917293233,22.827067669172934,-0.42779755850982065,55.44441425120773,6.784057971014493,0.0,0.0,0.0
Indiana,Indianapolis,ssp126,SSP1-2.6,2026-2050,Winter,3247201,1.4328905132639067,-21.385437,20.740509,26.041490883408585,22.827067669172934,29.54285714285714,24.5859649122807,26.0250626566416,27.304260651629072,18.37041310640266,0.0,0.0,82.93364038752144,0.0,0.0
Iowa,Des Moines,ssp126,SSP1-2.6,2026-2050,Fall,3276000,14.10569683177193,-12.358551,30.600616,23.94370814276228,21.068170426065162,28.263659147869674,22.187468671679195,23.786466165413536,25.86516290726817,8.835037012555814,5.953601953601954,0.0,22.0759768009768,0.0,0.0
Iowa,Des Moines,ssp126,SSP1-2.6,2026-2050,Spring,3312000,12.14810676228001,-14.20694,27.804962,24.27582114722191,21.54786967418546,28.423558897243108,22.667167919799496,24.1062656641604,26.0250626566416,10.344641578281417,0.4624396135265701,0.0,29.996286231884056,0.0,0.0
Iowa,Des Moines,ssp126,SSP1-2.6,2026-2050,Summer,3312000,26.241879162025967,15.832062,37.560944,21.852787536928076,19.788972431077692,23.6265664160401,21.068170426065162,21.86766917293233,22.667167919799496,-0.6691475594178345,57.15634057971014,8.667451690821256,0.0,0.0,0.0
Iowa,Des Moines,ssp126,SSP1-2.6,2026-2050,Winter,3247201,-1.8275591978581005,-23.306946,17.626312,26.560377622432302,23.306766917293235,29.86265664160401,25.225563909774436,26.504761904761903,27.943859649122807,20.7289891928741,0.0,0.0,94.72108440469191,0.0,0.0
Kansas,Topeka,ssp126,SSP1-2.6,2026-2050,Fall,3276000,16.72934506244052,-7.837036,32.827484,23.500974534321166,20.58847117794486,27.464160401002506,21.86766917293233,23.466666666666665,25.065664160401,6.822611519641665,10.143223443223444,0.32405372405372407,12.840476190476192,0.0,0.0
Kansas,Topeka,ssp126,SSP1-2.6,2026-2050,Spring,3312000,15.153507196254896,-12.164612,29.963104,23.772601041855854,21.228070175438596,28.263659147869674,22.347368421052632,23.6265664160401,25.38546365914787,8.057277462981153,3.2244263285024153,0.0,17.182578502415456,0.0,0.0
Kansas,Topeka,ssp126,SSP1-2.6,2026-2050,Summer,3312000,28.2254615511727,17.23291,36.811615,21.49707779881467,19.948872180451126,23.466666666666665,20.748370927318295,21.38796992481203,22.347368421052632,-2.28601000538787,77.3959541062802,21.092995169082126,0.0,0.0,0.0
Kansas,Topeka,ssp126,SSP1-2.6,2026-2050,Winter,3247201,2.0273081382356426,-20.337494,19.497955,25.94485792826617,22.986967418546364,29.382957393483707,24.74586466165414,25.86516290726817,27.304260651629072,17.931172401209867,0.0,0.0,82.68370205601686,0.0,0.0
Kentucky,Frankfort,ssp126,SSP1-2.6,2026-2050,Fall,3276000,16.77607006472339,-6.486725,31.531769,23.497395288740773,20.90827067669173,27.304260651629072,22.027568922305765,23.466666666666665,24.90576441102757,6.806342221548967,9.815506715506714,0.11495726495726495,8.847222222222221,0.0,0.0
Kentucky,Frankfort,ssp126,SSP1-2.6,2026-2050,Spring,3312000,14.286295639217881,-9.566406,32.258026,23.9201766339157,20.748370927318295,27.783959899749373,22.507268170426066,23.786466165413536,25.38546365914787,8.72807560870772,1.8871376811594205,0.03345410628019324,19.3324577294686,0.0,0.0
Kentucky,Frankfort,ssp126,SSP1-2.6,2026-2050,Summer,3312000,26.28421834100415,11.793915,38.804718,21.843672092519945,19.469172932330824,24.426065162907268,21.068170426065162,21.707769423558894,22.827067669172934,-0.7105813976366125,61.0701690821256,8.720742753623188,0.0,0.0,0.0
Kentucky,Frankfort,ssp126,SSP1-2.6,2026-2050,Winter,3247201,3.921692837391542,-16.826813,20.589386,25.64099767993054,22.827067669172934,28.90325814536341,24.426065162907268,25.5453634085213,26.984461152882204,16.54998945422972,0.0,0.0,72.90438750172841,0.0,0.0
Louisiana,Baton Rouge,ssp126,SSP1-2.6,2026-2050,Fall,3276000,23.484098495426142,6.8699646,33.104645,22.337896606136837,20.58847117794486,25.225563909774436,21.228070175438596,22.347368421052632,23.466666666666665,1.5358936642583516,37.05900488400488,1.5724053724053726,0.09371184371184371,0.0,0.0
Louisiana,Baton Rouge,ssp126,SSP1-2.6,2026-2050,Spring,3312000,21.94441346943912,6.9855347,32.3851,22.609833479683513,20.748370927318295,25.225563909774436,21.54786967418546,22.507268170426066,23.786466165413536,2.7719703621977843,24.820380434782606,0.17578502415458938,0.0983695652173913,0.0,0.0
Louisiana,Baton Rouge,ssp126,SSP1-2.6,2026-2050,Summer,3312000,29.678630622027924,20.02945,34.78827,21.237180695397914,20.268671679197993,22.986967418546364,20.90827067669173,21.228070175438596,21.54786967418546,-3.467360475464028,96.47506038647343,19.22324879227053,0.0,0.0,0.0
Louisiana,Baton Rouge,ssp126,SSP1-2.6,2026-2050,Winter,3247201,14.430337585657504,-2.2930603,26.819885,23.90440228893826,21.707769423558894,26.66466165413534,22.986967418546364,23.946365914786966,24.90576441102757,8.656374040628458,0.062269012605009666,0.0,6.72440665052764,0.0,0.0
Maine,Augusta,ssp126,SSP1-2.6,2026-2050,Fall,3276000,11.572796874695081,-7.754242,28.477875,24.376963883916137,21.38796992481203,27.464160401002506,22.827067669172934,24.426065162907268,25.86516290726817,10.804381290527894,0.5532661782661783,0.0,30.668406593406594,0.0,0.0
Maine,Augusta,ssp126,SSP1-2.6,2026-2050,Spring,3312000,7.4925858872071105,-14.588226,26.047699,25.05360428183987,21.86766917293233,28.58345864661654,23.6265664160401,25.065664160401,26.504761904761903,13.880019462908502,0.003472222222222222,0.0,51.662439613526566,0.0,0.0
Maine,Augusta,ssp126,SSP1-2.6,2026-2050,Summer,3312000,21.698905918792942,12.052734,33.891815,22.656564567669182,20.428571428571427,24.266165413533837,21.86766917293233,22.667167919799496,23.466666666666665,2.984384398496283,13.34057971014493,0.06530797101449276,0.0,0.0,0.0
Maine,Augusta,ssp126,SSP1-2.6,2026-2050,Winter,3247201,-2.6064634456389424,-22.441727,13.122589,26.68935609267295,24.1062656641604,29.70275689223058,25.705263157894738,26.66466165413534,27.783959899749373,21.31525496669522,0.0,0.0,98.8106372226419,0.0,0.0
Maryland,Annapolis,ssp126,SSP1-2.6,2026-2050,Fall,3276000,18.32219353369775,0.44436646,32.01947,23.231495769796894,20.748370927318295,26.18496240601504,21.707769423558894,23.306766917293235,24.74586466165414,5.597708044531335,14.212789987789986,0.18415750915750914,6.3660561660561665,0.0,0.0
Maryland,Annapolis,ssp126,SSP1-2.6,2026-2050,Spring,3312000,15.01856252265296,-5.6026917,32.67463620416667,23.796357451902693,20.748370927318295,27.14436090225564,22.347368421052632,23.786466165413536,25.225563909774436,8.165261145012243,3.5235507246376816,0.027506038647342995,16.520652173913046,0.0,0.0
Maryland,Annapolis,ssp126,SSP1-2.6,2026-2050,Summer,3312000,27.339583726378688,16.807617,39.825714,21.65514323928784,19.30927318295739,23.466666666666665,20.90827067669173,21.54786967418546,22.667167919799496,-1.5675307305098263,66.45733695652174,16.05126811594203,0.0,0.0,0.0
Maryland,Annapolis,ssp126,SSP1-2.6,2026-2050,Winter,3247201,5.4706367856459215,-16.283752,22.107895,25.39067999785022,22.667167919799496,28.743358395989976,24.266165413533837,25.38546365914787,26.504761904761903,15.412181808410095,0.0,0.0,67.55913785441678,0.0,0.0
Massachusetts,Boston,ssp126,SSP1-2.6,2026-2050,Fall,3276000,14.777797991620094,-0.08908081,28.526733,23.839904261416663,21.38796992481203,26.344862155388473,22.507268170426066,23.786466165413536,25.225563909774436,8.36320118825756,1.432020757020757,0.0,15.061874236874237,0.0,0.0
Massachusetts,Boston,ssp126,SSP1-2.6,2026-2050,Spring,3312000,10.67570373270204,-8.519379,25.311432,24.52987365409295,22.027568922305765,27.624060150375943,23.306766917293235,24.426065162907268,25.86516290726817,11.499425700422496,0.0,0.0,33.49205917874396,0.0,0.0
Massachusetts,Boston,ssp126,SSP1-2.6,2026-2050,Summer,3312000,23.862000975017814,15.527527,30.478363,22.278385390408385,21.068170426065162,23.786466165413536,21.707769423558894,22.187468671679195,22.986967418546364,1.265388138219931,28.43360507246377,0.0,0.0,0.0,0.0
Massachusetts,Boston,ssp126,SSP1-2.6,2026-2050,Winter,3247201,1.6790930605346746,-14.406403,17.4621275,26.008363843260856,23.466666666666665,28.58345864661654,25.225563909774436,26.0250626566416,26.984461152882204,18.219835651185708,0.0,0.0,93.41959429059057,0.0,0.0
Michigan,Lansing,ssp126,SSP1-2.6,2026-2050,Fall,3276000,13.23608683458628,-7.4183044,29.26242,24.09600718738238,21.38796992481203,27.464160401002506,22.507268170426066,23.946365914786966,25.86516290726817,9.527305397192636,2.9605921855921853,0.0,22.308882783882783,0.0,0.0
Michigan,Lansing,ssp126,SSP1-2.6,2026-2050,Spring,3312000,10.018706168113269,-12.474396,28.243134,24.630345251867578,21.54786967418546,28.263659147869674,22.986967418546364,24.5859649122807,26.504761904761903,11.956114781216263,0.5575181159420289,0.0,36.84480676328503,0.0,0.0
Michigan,Lansing,ssp126,SSP1-2.6,2026-2050,Summer,3312000,23.805189488978193,11.122162,36.319458,22.284249201960208,19.948872180451126,24.426065162907268,21.38796992481203,22.347368421052632,23.306766917293235,1.2920418270918528,34.52747584541063,3.327113526570048,0.0,0.0,0.0
Michigan,Lansing,ssp126,SSP1-2.6,2026-2050,Winter,3247201,-0.7202099982951723,-19.861053,18.398254,26.388748989751704,23.306766917293235,29.382957393483707,25.225563909774436,26.344862155388473,27.464160401002506,19.94885904432593,0.0,0.0,93.65438111160967,0.0,0.0
Minnesota,Saint Paul,ssp126,SSP1-2.6,2026-2050,Fall,3276000,11.914775558838482,-15.1944275,31.680511,24.31094944810132,20.90827067669173,28.58345864661654,22.507268170426066,24.1062656641604,26.344862155388473,10.504315673187813,3.3251831501831504,0.009157509157509158,31.632356532356532,0.0,0.0
Minnesota,Saint Paul,ssp126,SSP1-2.6,2026-2050,Spring,3312000,9.614906964661524,-20.556793,28.31784,24.69393480409963,21.54786967418546,29.382957393483707,22.986967418546364,24.5859649122807,26.66466165413534,12.245158200452865,0.6229166666666667,0.0,40.490036231884055,0.0,0.0
Minnesota,Saint Paul,ssp126,SSP1-2.6,2026-2050,Summer,3312000,24.772106086738823,13.655762,37.255585,22.113752183599093,19.788972431077692,24.1062656641604,21.228070175438596,22.187468671679195,22.986967418546364,0.5170553799958778,41.706642512077295,3.7083937198067636,0.0,0.0,0.0
Minnesota,Saint Paul,ssp126,SSP1-2.6,2026-2050,Winter,3247201,-4.644842079348901,-27.87741,13.238647,27.00644967603983,24.1062656641604,30.502255639097744,25.86516290726817,26.824561403508774,28.423558897243108,22.756589436544676,0.0,0.0,99.35587602984847,0.0,0.0
Mississippi,Jackson,ssp126,SSP1-2.6,2026-2050,Fall,3276000,21.622727761336808,2.3966064,33.551514,22.661287699254245,20.58847117794486,25.86516290726817,21.38796992481203,22.667167919799496,23.946365914786966,3.005853178428388,28.212820512820514,1.622069597069597,1.2365079365079366,0.0,0.0
Mississippi,Jackson,ssp126,SSP1-2.6,2026-2050,Spring,3312000,19.76731563652339,1.8718872,33.208405,22.985987839465817,20.58847117794486,26.0250626566416,21.86766917293233,22.986967418546364,24.266165413533837,4.481762906662807,14.06056763285024,0.2897041062801932,1.620138888888889,0.0,0.0
Mississippi,Jackson,ssp126,SSP1-2.6,2026-2050,Summer,3312000,29.23555314945026,17.094238,36.45694,21.316216795158173,19.948872180451126,23.466666666666665,20.748370927318295,21.228070175438596,21.86766917293233,-3.1081054765537597,91.15093599033817,22.443055555555556,0.0,0.0,0.0
Mississippi,Jackson,ssp126,SSP1-2.6,2026-2050,Winter,3247201,11.264651822572144,-10.801056,24.1549075,24.4344602911028,22.187468671679195,27.943859649122807,23.306766917293235,24.426065162907268,25.5453634085213,11.06572859592181,0.0,0.0,25.39907446443876,0.0,0.0
Missouri,Jefferson City,ssp126,SSP1-2.6,2026-2050,Fall,3276000,16.723025709101638,-6.959961,32.7872,23.504225194702254,20.58847117794486,27.304260651629072,22.027568922305765,23.466666666666665,25.065664160401,6.8373872486466105,9.33034188034188,0.23434065934065934,11.231318681318681,0.0,0.0
Missouri,Jefferson City,ssp126,SSP1-2.6,2026-2050,Spring,3312000,14.899452628452421,-9.07135,30.402618,23.816867974283547,21.068170426065162,27.783959899749373,22.507268170426066,23.6265664160401,25.38546365914787,8.258490792197938,2.0015398550724637,0.0,18.065730676328503,0.0,0.0
Missouri,Jefferson City,ssp126,SSP1-2.6,2026-2050,Summer,3312000,27.195172613990117,14.930084,36.522644,21.681234996761223,19.948872180451126,23.786466165413536,20.90827067669173,21.54786967418546,22.667167919799496,-1.4489318329035328,68.46923309178744,12.127022946859903,0.0,0.0,0.0
Missouri,Jefferson City,ssp126,SSP1-2.6,2026-2050,Winter,3247201,2.7925158324700785,-18.604004,21.591461,25.822217044625148,22.667167919799496,29.223057644110277,24.5859649122807,25.86516290726817,27.14436090225564,17.37371383920522,0.0,0.0,77.7189647330116,0.0,0.0
Montana,Helena,ssp126,SSP1-2.6,2026-2050,Fall,3276000,10.53927368132166,-21.959015,27.041473,24.545258516560008,21.707769423558894,29.70275689223058,22.986967418546364,24.5859649122807,26.18496240601504,11.56935689345458,0.2568986568986569,0.0,41.94783272283272,0.0,0.0
Montana,Helena,ssp126,SSP1-2.6,2026-2050,Spring,3312000,8.696022212942115,-14.520355,25.096008,24.86128278228784,22.027568922305765,28.58345864661654,23.6265664160401,25.065664160401,25.86516290726817,13.005830828581095,0.0,0.0,52.23134057971015,0.0,0.0
Montana,Helena,ssp126,SSP1-2.6,2026-2050,Summer,3312000,22.33723207844222,9.788055,30.990875,22.54348193929873,21.068170426065162,24.74586466165414,21.707769423558894,22.507268170426066,23.6265664160401,2.4703724513578607,21.15187198067633,0.0,0.0,0.0,0.0
Montana,Helena,ssp126,SSP1-2.6,2026-2050,Winter,3247201,-0.5775804899609924,-28.625107,10.12558,26.365940975706675,24.5859649122807,30.662155388471177,25.38546365914787,26.18496240601504,27.624060150375943,19.84518625321216,0.0,0.0,98.46486250774127,0.0,0.0
Nebraska,Lincoln,ssp126,SSP1-2.6,2026-2050,Fall,3276000,14.564116240592005,-12.813202,30.345917,23.866703478935424,21.068170426065162,28.263659147869674,22.187468671679195,23.786466165413536,25.5453634085213,8.485015813342836,6.946611721611721,0.0,21.414346764346764,0.0,0.0
Nebraska,Lincoln,ssp126,SSP1-2.6,2026-2050,Spring,3312000,12.702223675234723,-14.345673,29.317413,24.18364125909581,21.228070175438596,28.58345864661654,22.667167919799496,24.1062656641604,25.86516290726817,9.925642086799142,1.3903079710144928,0.0,27.87536231884058,0.0,0.0
Nebraska,Lincoln,ssp126,SSP1-2.6,2026-2050,Summer,3312000,26.92944607633696,15.214752,35.713135,21.729778426743188,20.10877192982456,23.786466165413536,20.90827067669173,21.707769423558894,22.507268170426066,-1.2282798784400548,65.45570652173913,10.546074879227053,0.0,0.0,0.0
Nebraska,Lincoln,ssp126,SSP1-2.6,2026-2050,Winter,3247201,-1.0525495081004006,-23.767319,20.732239,26.4380905941883,22.827067669172934,29.86265664160401,25.225563909774436,26.344862155388473,27.943859649122807,20.173139064492272,0.0,0.0,94.94749478088976,0.0,0.0
Nevada,Carson City,ssp126,SSP1-2.6,2026-2050,Fall,3276000,11.551755918719486,-5.1143494,25.0448,24.383756060174864,22.027568922305765,27.14436090225564,22.986967418546364,24.426065162907268,25.705263157894738,10.835254818976656,0.0,0.0,29.545177045177045,0.0,0.0
Nevada,Carson City,ssp126,SSP1-2.6,2026-2050,Spring,3312000,8.202573498650727,-3.4910583,22.756958,24.943781397182562,22.507268170426066,26.824561403508774,23.786466165413536,25.065664160401,25.86516290726817,13.380824532648008,0.0,0.0,54.8145229468599,0.0,0.0
Nevada,Carson City,ssp126,SSP1-2.6,2026-2050,Summer,3312000,19.778284968583247,3.6125488,28.024689,22.991703000254258,21.54786967418546,25.705263157894738,22.347368421052632,22.986967418546364,23.786466165413536,4.5077409102466275,2.010144927536232,0.0,0.748792270531401,0.0,0.0
Nevada,Carson City,ssp126,SSP1-2.6,2026-2050,Winter,3247201,2.4483005440702654,-15.783356,10.482849,25.886807571222157,24.5859649122807,28.743358395989976,25.38546365914787,25.86516290726817,26.504761904761903,17.667307141918894,0.0,0.0,98.39295442444124,0.0,0.0
New Hampshire,Concord,ssp126,SSP1-2.6,2026-2050,Fall,3276000,12.799111179986783,-3.9239197,28.577972,24.171335100265917,21.38796992481203,26.984461152882204,22.667167919799496,24.1062656641604,25.705263157894738,9.869705001208716,1.2360805860805861,0.0,24.890323565323566,0.0,0.0
New Hampshire,Concord,ssp126,SSP1-2.6,2026-2050,Spring,3312000,9.395296793281528,-12.022491,27.431885,24.739625481578337,21.707769423558894,28.103759398496244,23.306766917293235,24.74586466165414,26.18496240601504,12.452843098083347,0.07427536231884058,0.0,41.94344806763285,0.0,0.0
New Hampshire,Concord,ssp126,SSP1-2.6,2026-2050,Summer,3312000,22.84299883240776,12.911346,32.583252,22.45578798263776,20.748370927318295,24.1062656641604,21.707769423558894,22.507268170426066,23.306766917293235,2.0717635574443576,23.003955314009662,0.22741545893719806,0.0,0.0,0.0
New Hampshire,Concord,ssp126,SSP1-2.6,2026-2050,Winter,3247201,-0.5697129672654233,-18.699326,16.47519,26.367307105720435,23.6265664160401,29.223057644110277,25.38546365914787,26.344862155388473,27.464160401002506,19.85139593509289,0.0,0.0,97.30875914364402,0.0,0.0
New Jersey,Trenton,ssp126,SSP1-2.6,2026-2050,Fall,3276000,16.82943010577575,-0.10336304,30.271698,23.489292139536882,21.068170426065162,26.344862155388473,22.027568922305765,23.466666666666665,24.90576441102757,6.769509725167647,7.499053724053724,0.0,9.002899877899878,0.0,0.0
New Jersey,Trenton,ssp126,SSP1-2.6,2026-2050,Spring,3312000,13.128935069860242,-6.158539,28.544312,24.117028578087737,21.38796992481203,27.304260651629072,22.827067669172934,24.1062656641604,25.5453634085213,9.622857173126077,0.4355978260869565,0.0,22.72225241545894,0.0,0.0
New Jersey,Trenton,ssp126,SSP1-2.6,2026-2050,Summer,3312000,25.82544668676222,15.965485,36.085846,21.928094428855957,20.10877192982456,23.6265664160401,21.228070175438596,21.86766917293233,22.667167919799496,-0.3268435052001967,53.15588768115942,3.511382850241546,0.0,0.0,0.0
New Jersey,Trenton,ssp126,SSP1-2.6,2026-2050,Winter,3247201,3.8425375775063677,-14.147003,19.5548555,25.656930775050316,22.986967418546364,28.423558897243108,24.5859649122807,25.705263157894738,26.66466165413534,16.622412613865077,0.0,0.0,80.54465984704981,0.0,0.0
New Mexico,Santa Fe,ssp126,SSP1-2.6,2026-2050,Fall,3276000,11.62709208291627,-15.746826,24.703308,24.37220540208886,22.187468671679195,28.743358395989976,23.146867167919797,24.266165413533837,25.5453634085213,10.782751827676632,0.0,0.0,31.807600732600733,0.0,0.0
New Mexico,Santa Fe,ssp126,SSP1-2.6,2026-2050,Spring,3312000,9.613257161680215,-7.3092957,24.004242,24.71023777120942,22.187468671679195,27.464160401002506,23.6265664160401,24.74586466165414,25.86516290726817,12.319262596406459,0.0,0.0,40.30652173913044,0.0,0.0
New Mexico,Santa Fe,ssp126,SSP1-2.6,2026-2050,Summer,3312000,20.235382646218078,10.507233,29.055939,22.914081569109964,21.38796992481203,24.5859649122807,22.347368421052632,22.827067669172934,23.6265664160401,4.154916223227109,1.5034118357487922,0.0,0.0,0.0,0.0
New Mexico,Santa Fe,ssp126,SSP1-2.6,2026-2050,Winter,3247201,1.3853944750704155,-19.994705,13.983215,26.056557756667974,23.946365914786966,29.382957393483707,25.38546365914787,26.0250626566416,26.984461152882204,18.43889889394534,0.0,0.0,97.47659599759916,0.0,0.0
New York,Albany,ssp126,SSP1-2.6,2026-2050,Fall,3276000,13.921884118976736,-3.7619324,30.213135,23.981271551742598,21.068170426065162,26.824561403508774,22.507268170426066,23.946365914786966,25.5453634085213,9.005779780648172,3.2676739926739926,0.0,20.514102564102565,0.0,0.0
New York,Albany,ssp126,SSP1-2.6,2026-2050,Spring,3312000,10.626449702739936,-10.752716,28.973969,24.5326351111777,21.38796992481203,27.943859649122807,22.986967418546364,24.426065162907268,26.18496240601504,11.511977778080459,0.4577898550724637,0.0,36.466425120772946,0.0,0.0
New York,Albany,ssp126,SSP1-2.6,2026-2050,Summer,3312000,24.164148579471394,12.974304,35.55194,22.22112819654813,20.10877192982456,24.1062656641604,21.228070175438596,22.187468671679195,23.146867167919797,1.0051281661278595,38.139553140096616,3.298399758454106,0.0,0.0,0.0
New York,Albany,ssp126,SSP1-2.6,2026-2050,Winter,3247201,0.1722480575176799,-17.760956,18.626434,26.2473881904596,23.146867167919797,29.06315789473684,25.225563909774436,26.18496240601504,27.304260651629072,19.30630995663454,0.0,0.0,95.29533281124267,0.0,0.0
North Carolina,Raleigh,ssp126,SSP1-2.6,2026-2050,Fall,3276000,19.264722452250528,0.6937561,31.52713,23.069905114740457,20.90827067669173,26.18496240601504,21.707769423558894,22.986967418546364,24.426065162907268,4.863205067002079,17.45631868131868,0.06764346764346764,4.141422466422466,0.0,0.0
North Carolina,Raleigh,ssp126,SSP1-2.6,2026-2050,Spring,3312000,16.945802607686172,-4.9712524,32.42517,23.469829128376496,20.748370927318295,27.14436090225564,22.027568922305765,23.466666666666665,24.90576441102757,6.6810414926204365,6.5101751207729475,0.059842995169082126,9.75169082125604,0.0,0.0
North Carolina,Raleigh,ssp126,SSP1-2.6,2026-2050,Summer,3312000,27.77049114242058,14.80661,36.632355,21.580236772638113,19.948872180451126,23.786466165413536,20.90827067669173,21.54786967418546,22.347368421052632,-1.90801466982676,76.47807971014493,13.486926328502417,0.0,0.0,0.0
North Carolina,Raleigh,ssp126,SSP1-2.6,2026-2050,Winter,3247201,7.89839426360608,-11.500702,23.101868,24.991658253733895,22.347368421052632,28.103759398496244,23.786466165413536,24.90576441102757,26.344862155388473,13.598446607881343,0.0,0.0,48.737728277368724,0.0,0.0
North Dakota,Bismarck,ssp126,SSP1-2.6,2026-2050,Fall,3276000,9.605850228035754,-24.898972,29.40982,24.691446813615237,21.228070175438596,30.022556390977442,22.827067669172934,24.5859649122807,26.824561403508774,12.233849152796529,1.251984126984127,0.0,42.931715506715506,0.0,0.0
North Dakota,Bismarck,ssp126,SSP1-2.6,2026-2050,Spring,3312000,7.373345684932322,-22.64125,25.998535,25.066509813785665,21.86766917293233,29.70275689223058,23.306766917293235,25.065664160401,26.824561403508774,13.938680971753021,0.010507246376811594,0.0,50.49713164251207,0.0,0.0
North Dakota,Bismarck,ssp126,SSP1-2.6,2026-2050,Summer,3312000,23.4970614631887,10.202667,33.24716,22.339022976977475,20.58847117794486,24.5859649122807,21.54786967418546,22.347368421052632,23.306766917293235,1.5410135317157947,32.487500000000004,0.7868357487922705,0.0,0.0,0.0
North Dakota,Bismarck,ssp126,SSP1-2.6,2026-2050,Winter,3247201,-6.977093884474322,-30.692535,8.391754,27.368688924742514,24.90576441102757,30.981954887218045,26.0250626566416,27.14436090225564,29.06315789473684,24.403131476102338,0.0,0.0,99.98654225593057,0.0,0.0
Ohio,Columbus,ssp126,SSP1-2.6,2026-2050,Fall,3276000,15.470205042870138,-4.259796,29.92102,23.718614200335995,21.228070175438596,26.984461152882204,22.187468671679195,23.6265664160401,25.225563909774436,7.811882728799979,6.117277167277167,0.0,13.044841269841271,0.0,0.0
Ohio,Columbus,ssp126,SSP1-2.6,2026-2050,Spring,3312000,12.740565599465448,-10.035217,31.1362,24.178765813386125,20.90827067669173,27.783959899749373,22.667167919799496,24.1062656641604,25.86516290726817,9.90348096993693,1.1370169082125605,0.0016606280193236715,25.5506038647343,0.0,0.0
Ohio,Columbus,ssp126,SSP1-2.6,2026-2050,Summer,3312000,25.216296117348687,12.95993,38.063385,22.034176277347957,19.62907268170426,24.1062656641604,21.068170426065162,22.027568922305765,22.986967418546364,0.15534671521798446,48.513496376811595,6.142512077294686,0.0,0.0,0.0
Ohio,Columbus,ssp126,SSP1-2.6,2026-2050,Winter,3247201,2.0082672623024984,-18.87741,19.90091,25.950354111140676,22.986967418546364,29.223057644110277,24.5859649122807,26.0250626566416,27.14436090225564,17.956155050639435,0.0,0.0,83.01414048591387,0.0,0.0
Oklahoma,Oklahoma City,ssp126,SSP1-2.6,2026-2050,Fall,3276000,19.638753690917316,-2.9859924,34.51654,23.003739320829556,20.268671679197993,26.824561403508774,21.707769423558894,22.827067669172934,24.5859649122807,4.562451458316164,19.703357753357754,1.7655372405372405,4.428021978021978,0.0,0.0
Oklahoma,Oklahoma City,ssp126,SSP1-2.6,2026-2050,Spring,3312000,18.27808431505615,-6.1088257,31.80539,23.241367871520588,20.90827067669173,27.304260651629072,22.027568922305765,23.146867167919797,24.74586466165414,5.642581234184489,9.816757246376811,0.07605676328502416,5.66280193236715,0.0,0.0
Oklahoma,Oklahoma City,ssp126,SSP1-2.6,2026-2050,Summer,3312000,29.579711580512694,17.397156,37.075043,21.252538989078978,19.788972431077692,23.466666666666665,20.58847117794486,21.228070175438596,22.027568922305765,-3.397550049641008,87.91062801932367,36.894595410628014,0.0,0.0,0.0
Oklahoma,Oklahoma City,ssp126,SSP1-2.6,2026-2050,Winter,3247201,7.243363083725948,-15.959015,23.791473,25.09978722519597,22.347368421052632,28.743358395989976,24.1062656641604,25.065664160401,26.344862155388473,14.08994193270896,0.0,0.0,52.77994802292806,0.0,0.0
Oregon,Salem,ssp126,SSP1-2.6,2026-2050,Fall,3276000,14.958661551349891,-0.16946411,26.700165,23.81169874610212,21.707769423558894,26.344862155388473,22.507268170426066,23.946365914786966,24.90576441102757,8.234994300464184,0.34496336996336996,0.0,9.65952380952381,0.0,0.0
Oregon,Salem,ssp126,SSP1-2.6,2026-2050,Spring,3312000,12.298680212922676,-0.24673462,26.803406,24.267167973375464,21.707769423558894,26.344862155388473,23.466666666666665,24.426065162907268,24.90576441102757,10.305308969888474,0.10036231884057972,0.0,8.351268115942029,0.0,0.0
Oregon,Salem,ssp126,SSP1-2.6,2026-2050,Summer,3312000,20.767716076739887,9.760529,31.768585,22.820252038913704,20.90827067669173,24.74586466165414,22.187468671679195,22.827067669172934,23.466666666666665,3.7284183586986557,4.56268115942029,0.06183574879227053,0.0,0.0,0.0
Oregon,Salem,ssp126,SSP1-2.6,2026-2050,Winter,3247201,7.338455472105448,-10.298706,14.447754,25.09095590842452,23.946365914786966,27.943859649122807,24.5859649122807,25.065664160401,25.705263157894738,14.049799583747813,0.0,0.0,55.332176850154944,0.0,0.0
Pennsylvania,Harrisburg,ssp126,SSP1-2.6,2026-2050,Fall,3276000,15.293068701374342,-2.2497253,30.63147,23.749279711794745,21.068170426065162,26.66466165413534,22.187468671679195,23.786466165413536,25.38546365914787,7.951271417248843,5.950030525030526,0.0,14.211233211233212,0.0,0.0
Pennsylvania,Harrisburg,ssp126,SSP1-2.6,2026-2050,Spring,3312000,12.158966123479352,-8.455902,29.44693,24.27677084165728,21.228070175438596,27.624060150375943,22.827067669172934,24.266165413533837,26.0250626566416,10.348958371169461,0.8496678743961353,0.0,27.4237922705314,0.0,0.0
Pennsylvania,Harrisburg,ssp126,SSP1-2.6,2026-2050,Summer,3312000,25.09653544679862,13.604553,38.886047,22.0550643890826,19.469172932330824,24.1062656641604,21.068170426065162,22.027568922305765,23.146867167919797,0.25029267764817636,47.066817632850245,6.39393115942029,0.0,0.0,0.0
Pennsylvania,Harrisburg,ssp126,SSP1-2.6,2026-2050,Winter,3247201,2.1045791324677823,-17.524567,19.900482,25.936136963560486,22.986967418546364,29.06315789473684,24.74586466165414,26.0250626566416,26.984461152882204,17.891531652547663,0.0,0.0,85.89911742451422,0.0,0.0
Rhode Island,Providence,ssp126,SSP1-2.6,2026-2050,Fall,3276000,15.412779593917927,0.5163269,28.559921,23.732898480327798,21.38796992481203,26.18496240601504,22.507268170426066,23.6265664160401,25.065664160401,7.876811274217261,1.923107448107448,0.0,11.848260073260073,0.0,0.0
Rhode Island,Providence,ssp126,SSP1-2.6,2026-2050,Spring,3312000,10.86919902820631,-8.2760315,24.887238,24.498026664335946,22.027568922305765,27.624060150375943,23.306766917293235,24.426065162907268,25.86516290726817,11.35466665607248,0.0,0.0,31.787952898550724,0.0,0.0
Rhode Island,Providence,ssp126,SSP1-2.6,2026-2050,Summer,3312000,23.945687215829707,15.4382175,30.701263,22.262790288674584,21.068170426065162,23.786466165413536,21.707769423558894,22.187468671679195,22.986967418546364,1.1945013121571983,29.39356884057971,0.0,0.0,0.0,0.0
Rhode Island,Providence,ssp126,SSP1-2.6,2026-2050,Winter,3247201,2.528386118556773,-12.935638,18.545440499999998,25.871301801058596,23.146867167919797,28.263659147869674,25.065664160401,25.86516290726817,26.824561403508774,17.596826368448166,0.0,0.0,91.30780632304561,0.0,0.0
South Carolina,Columbia,ssp126,SSP1-2.6,2026-2050,Fall,3276000,20.763369113678355,3.5638733,31.21872,22.811602835079157,20.90827067669173,25.705263157894738,21.54786967418546,22.827067669172934,24.266165413533837,3.6891037958143484,25.231929181929182,0.02152014652014652,1.6733821733821737,0.0,0.0
South Carolina,Columbia,ssp126,SSP1-2.6,2026-2050,Spring,3312000,18.839580635705246,-1.8562317,33.74005,23.144771042491488,20.428571428571427,26.504761904761903,21.86766917293233,22.986967418546364,24.5859649122807,5.203504738597673,11.444202898550724,0.34196859903381643,3.8464673913043477,0.0,0.0
South Carolina,Columbia,ssp126,SSP1-2.6,2026-2050,Summer,3312000,28.691317292848723,17.855927,36.10263,21.41503179869965,20.10877192982456,23.306766917293235,20.90827067669173,21.38796992481203,22.027568922305765,-2.65894636954704,87.84701086956521,15.222886473429952,0.0,0.0,0.0
South Carolina,Columbia,ssp126,SSP1-2.6,2026-2050,Winter,3247201,10.121688392825257,-11.596161,23.660187,24.624584294401075,22.347368421052632,28.103759398496244,23.466666666666665,24.5859649122807,25.705263157894738,11.929928610913976,0.0,0.0,33.13136451978181,0.0,0.0
South Dakota,Pierre,ssp126,SSP1-2.6,2026-2050,Fall,3276000,12.774462118316615,-17.461487,33.349396,24.161303294561186,20.58847117794486,29.06315789473684,22.187468671679195,24.1062656641604,26.18496240601504,9.824105884369029,5.747344322344322,0.32756410256410257,33.69594017094017,0.0,0.0
South Dakota,Pierre,ssp126,SSP1-2.6,2026-2050,Spring,3312000,10.275355756993807,-18.95169,27.97641,24.587807235480007,21.54786967418546,29.223057644110277,22.986967418546364,24.5859649122807,26.18496240601504,11.762760161272757,0.6552536231884059,0.0,38.51627415458937,0.0,0.0
South Dakota,Pierre,ssp126,SSP1-2.6,2026-2050,Summer,3312000,26.63020014798589,13.134979,37.28299,21.78079904758878,19.788972431077692,24.1062656641604,20.90827067669173,21.707769423558894,22.827067669172934,-0.9963679655055492,62.272977053140096,14.507880434782608,0.0,0.0,0.0
South Dakota,Pierre,ssp126,SSP1-2.6,2026-2050,Winter,3247201,-3.209169408439657,-25.674484,12.116608,26.7793626549392,24.266165413533837,30.18245614035088,25.5453634085213,26.66466165413534,28.263659147869674,21.724375704269086,0.0,0.0,98.49707486539945,0.0,0.0
Tennessee,Nashville,ssp126,SSP1-2.6,2026-2050,Fall,3276000,18.7052433848894,-3.5918884,33.340332,23.16639992778038,20.58847117794486,26.824561403508774,21.707769423558894,23.146867167919797,24.5859649122807,5.301817853547177,15.989804639804639,0.2492673992673993,4.764865689865689,0.0,0.0
Tennessee,Nashville,ssp126,SSP1-2.6,2026-2050,Spring,3312000,16.636766308324518,-5.308014,31.519216128472223,23.52286481436078,20.90827067669173,27.14436090225564,22.187468671679195,23.466666666666665,25.065664160401,6.922112792549,4.364975845410628,0.07789855072463768,10.102506038647343,0.0,0.0
Tennessee,Nashville,ssp126,SSP1-2.6,2026-2050,Summer,3312000,27.727985072067337,15.590607,36.42044,21.587040767680065,19.948872180451126,23.786466165413536,20.90827067669173,21.54786967418546,22.507268170426066,-1.8770874196360667,76.3221920289855,12.929166666666667,0.0,0.0,0.0
Tennessee,Nashville,ssp126,SSP1-2.6,2026-2050,Winter,3247201,6.796450841685437,-13.273285,21.64096,25.17276140652522,22.667167919799496,28.423558897243108,23.946365914786966,25.065664160401,26.504761904761903,14.42164275693281,0.0,0.0,55.18241710322213,0.0,0.0
Texas,Austin,ssp126,SSP1-2.6,2026-2050,Fall,3276000,23.55016371783184,3.275055,34.821503,22.32423816087838,20.268671679197993,25.705263157894738,21.228070175438596,22.187468671679195,23.6265664160401,1.4738098221744556,39.772191697191694,5.952075702075702,0.4136446886446887,0.0,0.0
Texas,Austin,ssp126,SSP1-2.6,2026-2050,Spring,3312000,22.14421416847395,4.8523865,33.000397,22.573404579988612,20.58847117794486,25.5453634085213,21.54786967418546,22.507268170426066,23.786466165413536,2.60638445449369,27.36591183574879,0.4696859903381642,0.4797101449275362,0.0,0.0
Texas,Austin,ssp126,SSP1-2.6,2026-2050,Summer,3312000,30.48420274669295,20.756256,37.77411,21.088696156302596,19.788972431077692,22.827067669172934,20.58847117794486,21.068170426065162,21.707769423558894,-4.142290198624562,97.67708333333334,44.41678743961353,0.0,0.0,0.0
Texas,Austin,ssp126,SSP1-2.6,2026-2050,Winter,3247201,13.510094262739496,-6.9405823,26.165863,24.058543147596517,21.86766917293233,27.304260651629072,22.986967418546364,24.1062656641604,25.065664160401,9.357014307256893,0.016722093889475893,0.0,11.969323734502423,0.0,0.0
Utah,Salt Lake City,ssp126,SSP1-2.6,2026-2050,Fall,3276000,12.405019361825213,-11.802246,27.55194,24.234989989779084,21.54786967418546,28.103759398496244,22.667167919799496,24.266165413533837,25.705263157894738,10.159045408086746,0.242979242979243,0.0,32.57408424908425,0.0,0.0
Utah,Salt Lake City,ssp126,SSP1-2.6,2026-2050,Spring,3312000,10.006511876365872,-7.6256714,24.328674,24.643443368384727,22.187468671679195,27.464160401002506,23.306766917293235,24.90576441102757,25.5453634085213,12.01565167447603,0.0,0.0,45.207699275362316,0.0,0.0
Utah,Salt Lake City,ssp126,SSP1-2.6,2026-2050,Summer,3312000,23.629574491565627,9.44632,32.214935,22.31812805791653,20.748370927318295,24.74586466165414,21.707769423558894,22.187468671679195,22.986967418546364,1.4460366268933262,24.90679347826087,0.051026570048309176,0.0,0.0,0.0
Utah,Salt Lake City,ssp126,SSP1-2.6,2026-2050,Winter,3247201,0.45548121019515647,-18.956146,13.451996,26.20399013548279,24.1062656641604,29.223057644110277,25.38546365914787,26.0250626566416,27.14436090225564,19.10904607037632,0.0,0.0,98.82973058951386,0.0,0.0
Vermont,Montpelier,ssp126,SSP1-2.6,2026-2050,Fall,3276000,10.015216456068524,-12.914337,27.482635,24.635322880155197,21.707769423558894,28.263659147869674,22.986967418546364,24.5859649122807,26.344862155388473,11.978740364341805,0.19191086691086692,0.0,38.027136752136755,0.0,0.0
Vermont,Montpelier,ssp126,SSP1-2.6,2026-2050,Spring,3312000,6.394944614888534,-16.844757,25.956024,25.229936047849094,21.86766917293233,28.90325814536341,23.6265664160401,25.225563909774436,26.984461152882204,14.681527490223154,0.002294685990338164,0.0,55.36751207729469,0.0,0.0
Vermont,Montpelier,ssp126,SSP1-2.6,2026-2050,Summer,3312000,20.397638271443093,9.714203,31.899658,22.882047691693003,20.90827067669173,24.74586466165414,22.027568922305765,22.827067669172934,23.786466165413536,4.009307689513652,9.365700483091787,0.06609299516908212,0.0,0.0,0.0
Vermont,Montpelier,ssp126,SSP1-2.6,2026-2050,Winter,3247201,-4.380996237609802,-25.724258,12.061279,26.967684438132395,24.266165413533837,30.18245614035088,25.86516290726817,26.824561403508774,28.263659147869674,22.5803838096927,0.0,0.0,99.70368326444836,0.0,0.0
Virginia,Richmond,ssp126,SSP1-2.6,2026-2050,Fall,3276000,18.857448127199113,-0.22927856,31.699951,23.14085613805576,20.90827067669173,26.344862155388473,21.707769423558894,23.146867167919797,24.5859649122807,5.185709718435272,15.466514041514042,0.11538461538461539,4.956318681318681,0.0,0.0
Virginia,Richmond,ssp126,SSP1-2.6,2026-2050,Spring,3312000,16.05488538792464,-5.4003906,32.04432589722223,23.62134418292107,20.748370927318295,27.14436090225564,22.187468671679195,23.6265664160401,25.065664160401,7.369746286004868,4.362952898550724,0.027294685990338168,12.303864734299518,0.0,0.0
Virginia,Richmond,ssp126,SSP1-2.6,2026-2050,Summer,3312000,27.690112893461418,16.94577,37.735046,21.593460028089545,19.788972431077692,23.466666666666665,20.90827067669173,21.54786967418546,22.507268170426066,-1.84790896322934,72.60054347826087,16.464221014492754,0.0,0.0,0.0
Virginia,Richmond,ssp126,SSP1-2.6,2026-2050,Winter,3247201,6.631983699990611,-15.665436,23.0195005,25.200007681186314,22.507268170426066,28.743358395989976,23.946365914786966,25.225563909774436,26.504761904761903,14.54548945993779,0.0,0.0,57.8268792107418,0.0,0.0
Washington,Olympia,ssp126,SSP1-2.6,2026-2050,Fall,3276000,14.386704172766187,-4.5069275,27.231323,23.909137631471836,21.707769423558894,26.984461152882204,22.667167919799496,23.946365914786966,25.065664160401,8.67789832487198,0.09917582417582418,0.0,10.482417582417582,0.0,0.0
Washington,Olympia,ssp126,SSP1-2.6,2026-2050,Spring,3312000,12.42477125023872,-5.4667053,27.41626,24.24520126251619,21.707769423558894,27.14436090225564,23.466666666666665,24.266165413533837,24.90576441102757,10.2054602841645,0.079981884057971,0.0,7.017481884057972,0.0,0.0
Washington,Olympia,ssp126,SSP1-2.6,2026-2050,Summer,3312000,20.053828483751698,9.992218,32.241608,22.944650036776718,20.748370927318295,24.5859649122807,22.187468671679195,22.986967418546364,23.6265664160401,4.293863803530535,3.984722222222222,0.25467995169082125,0.0,0.0,0.0
Washington,Olympia,ssp126,SSP1-2.6,2026-2050,Winter,3247201,7.509047359699437,-10.45047,15.973145,25.06217854193776,23.6265664160401,27.943859649122807,24.426065162907268,25.065664160401,25.86516290726817,13.91899337244437,0.0,0.0,51.589014662165965,0.0,0.0
West Virginia,Charleston,ssp126,SSP1-2.6,2026-2050,Fall,3276000,16.906202313963757,-2.886139,31.197357,23.47553675871609,20.90827067669173,26.66466165413534,22.027568922305765,23.466666666666665,24.90576441102757,6.706985266891313,9.041819291819293,0.05763125763125763,8.682509157509157,0.0,0.0
West Virginia,Charleston,ssp126,SSP1-2.6,2026-2050,Spring,3312000,14.451111371473713,-9.001251,33.44748,23.892642881963365,20.58847117794486,27.624060150375943,22.507268170426066,23.786466165413536,25.38546365914787,8.602922190742568,1.5757548309178744,0.034601449275362316,16.971799516908213,0.0,0.0
West Virginia,Charleston,ssp126,SSP1-2.6,2026-2050,Summer,3312000,25.87839345486678,12.203766,36.314545,21.917060235734258,19.948872180451126,24.266165413533837,21.068170426065162,21.86766917293233,22.827067669172934,-0.37699892848064503,57.439824879227054,5.910054347826087,0.0,0.0,0.0
West Virginia,Charleston,ssp126,SSP1-2.6,2026-2050,Winter,3247201,4.5175435543285225,-19.935349,21.0354,25.543523370305365,22.827067669172934,29.382957393483707,24.266165413533837,25.5453634085213,26.824561403508774,16.106924410478936,0.0,0.0,71.4342290483404,0.0,0.0
Wisconsin,Madison,ssp126,SSP1-2.6,2026-2050,Fall,3276000,12.238538602558105,-11.624451,29.649963,24.259577992906575,21.228070175438596,28.103759398496244,22.667167919799496,24.1062656641604,26.18496240601504,10.27080905866625,2.6192612942612943,0.0,27.53605006105006,0.0,0.0
Wisconsin,Madison,ssp126,SSP1-2.6,2026-2050,Spring,3312000,9.538323988429902,-17.082794,27.489777,24.709935641791684,21.707769423558894,28.90325814536341,23.146867167919797,24.5859649122807,26.66466165413534,12.317889280871293,0.16431159420289856,0.0,39.15597826086957,0.0,0.0
Wisconsin,Madison,ssp126,SSP1-2.6,2026-2050,Summer,3312000,23.993604049912214,10.193054,37.21286,22.251199101770126,19.788972431077692,24.5859649122807,21.38796992481203,22.187468671679195,23.146867167919797,1.1418140989551195,35.52466787439614,2.848520531400966,0.0,0.0,0.0
Wisconsin,Madison,ssp126,SSP1-2.6,2026-2050,Winter,3247201,-3.0499185355816016,-27.35942,16.069153,26.757216211623177,23.6265664160401,30.502255639097744,25.705263157894738,26.66466165413534,27.943859649122807,21.623710052832624,0.0,0.0,96.42889368412982,0.0,0.0
Wyoming,Cheyenne,ssp126,SSP1-2.6,2026-2050,Fall,3276000,10.396259486098923,-14.706421,25.601532,24.571423260073257,22.027568922305765,28.58345864661654,23.146867167919797,24.5859649122807,26.0250626566416,11.68828754578753,0.0,0.0,40.69887057387057,0.0,0.0
Wyoming,Cheyenne,ssp126,SSP1-2.6,2026-2050,Spring,3312000,8.148296462107053,-12.612274,21.829075576388888,24.950732111831503,22.667167919799496,28.263659147869674,23.6265664160401,25.065664160401,26.0250626566416,13.412418690143193,0.0,0.0,51.351690821256035,0.0,0.0
Wyoming,Cheyenne,ssp126,SSP1-2.6,2026-2050,Summer,3312000,21.298243704824433,9.885895,29.67038,22.727779677151812,21.228070175438596,24.74586466165414,22.187468671679195,22.667167919799496,23.466666666666665,3.308089441599145,4.999849033816425,0.0,0.0,0.0,0.0
Wyoming,Cheyenne,ssp126,SSP1-2.6,2026-2050,Winter,3247201,0.2798334064134663,-18.473602,11.623016,26.232587127307795,24.426065162907268,29.06315789473684,25.38546365914787,26.18496240601504,27.14436090225564,19.239032396853613,0.0,0.0,97.77257397986759,0.0,0.0
Alabama,Montgomery,ssp126,SSP1-2.6,2051-2075,Fall,3276000,22.33813601879755,2.9981995,34.458344,22.53416417707884,20.428571428571427,25.86516290726817,21.228070175438596,22.347368421052632,23.946365914786966,2.428018986721997,37.69957264957265,2.6024114774114775,1.5181013431013433,0.0,0.0
Alabama,Montgomery,ssp126,SSP1-2.6,2051-2075,Spring,3312000,20.51416065289821,4.553421,32.415314,22.856601278407364,20.748370927318295,25.5453634085213,21.707769423558894,22.827067669172934,24.1062656641604,3.8936421745789285,18.393417874396135,0.5845712560386473,1.0426026570048308,0.0,0.0
Alabama,Montgomery,ssp126,SSP1-2.6,2051-2075,Summer,3312000,29.77031426461429,17.37442,39.151093,21.219154557438294,19.469172932330824,23.466666666666665,20.748370927318295,21.228070175438596,21.707769423558894,-3.5492974661895715,95.78502415458937,24.350694444444446,0.0,0.0,0.0
Alabama,Montgomery,ssp126,SSP1-2.6,2051-2075,Winter,3247201,11.507384269770096,-8.395172,26.630249,24.395081149043627,21.86766917293233,27.624060150375943,23.306766917293235,24.426065162907268,25.38546365914787,10.886732495652849,0.045208165432321555,0.0,24.04375337405969,0.0,0.0
Alaska,Juneau,ssp126,SSP1-2.6,2051-2075,Fall,3276000,6.261574741643775,-13.93692,21.317047,25.263791078428667,22.667167919799496,28.423558897243108,24.266165413533837,25.38546365914787,26.18496240601504,14.83541399285758,0.0,0.0,61.81230158730159,0.0,0.0
Alaska,Juneau,ssp126,SSP1-2.6,2051-2075,Spring,3312000,4.247339410990788,-17.219437,19.949799,25.591752730104254,22.986967418546364,28.90325814536341,24.74586466165414,25.5453634085213,26.504761904761903,16.326148773201155,0.0,0.0,83.50172101449276,0.0,0.0
Alaska,Juneau,ssp126,SSP1-2.6,2051-2075,Summer,3312000,13.834525637825617,4.6476135,25.38971,24.008767467884688,22.027568922305765,25.5453634085213,23.306766917293235,24.1062656641604,24.74586466165414,9.130761217657673,0.0,0.0,2.974245169082126,0.0,0.0
Alaska,Juneau,ssp126,SSP1-2.6,2051-2075,Winter,3247201,-2.312783000629551,-28.129715,6.3435364,26.64212698427467,25.225563909774436,30.502255639097744,25.705263157894738,26.504761904761903,27.783959899749373,21.10057720124851,0.0,0.0,100.0,0.0,0.0
Arizona,Phoenix,ssp126,SSP1-2.6,2051-2075,Fall,3276000,26.033463328960245,8.132874,37.899384,21.88016107240018,19.62907268170426,24.90576441102757,20.58847117794486,21.86766917293233,23.306766917293235,-0.5447223981809948,53.42759462759463,24.298107448107448,0.0,0.0,0.0
Arizona,Phoenix,ssp126,SSP1-2.6,2051-2075,Spring,3312000,22.579374505636963,6.4790344,35.959747,22.4976773718717,20.10877192982456,25.225563909774436,21.38796992481203,22.507268170426066,23.6265664160401,2.2621698721440873,27.483967391304347,3.217753623188406,0.052807971014492756,0.0,0.0
Arizona,Phoenix,ssp126,SSP1-2.6,2051-2075,Summer,3312000,34.77132982455684,23.001953,42.790436,20.294088063001706,18.82957393483709,22.507268170426066,19.62907268170426,20.268671679197993,21.068170426065162,-7.754145168174066,99.6705917874396,88.93559782608695,0.0,0.0,0.0
Arizona,Phoenix,ssp126,SSP1-2.6,2051-2075,Winter,3247201,14.78487052922698,2.2165222,25.042206,23.8486690298216,22.027568922305765,25.86516290726817,23.146867167919797,23.786466165413536,24.426065162907268,8.403041044643638,0.0,0.0,1.8536579657372612,0.0,0.0
Arkansas,Little Rock,ssp126,SSP1-2.6,2051-2075,Fall,3276000,21.383159817377834,0.50619507,36.53775,22.69771433620683,19.948872180451126,26.18496240601504,21.228070175438596,22.667167919799496,24.266165413533837,3.171428800940132,32.28931623931624,4.411965811965812,3.407264957264957,0.0,0.0
Arkansas,Little Rock,ssp126,SSP1-2.6,2051-2075,Spring,3312000,19.437883529431577,0.20602417,32.379517,23.04174915958373,20.748370927318295,26.18496240601504,21.707769423558894,22.986967418546364,24.426065162907268,4.735223452653321,15.589945652173915,0.20157004830917874,2.871286231884058,0.0,0.0
Arkansas,Little Rock,ssp126,SSP1-2.6,2051-2075,Summer,3312000,30.363217793988827,17.061432,39.400238,21.1096469340622,19.469172932330824,23.466666666666665,20.58847117794486,21.068170426065162,21.86766917293233,-4.047059390626357,92.56702898550725,44.5326690821256,0.0,0.0,0.0
Arkansas,Little Rock,ssp126,SSP1-2.6,2051-2075,Winter,3247201,9.187608460109981,-7.966095,23.867981,24.779774851848316,22.347368421052632,27.464160401002506,23.6265664160401,24.74586466165414,26.0250626566416,12.635340235674164,0.0,0.0,39.69243049629512,0.0,0.0
California,Sacramento,ssp126,SSP1-2.6,2051-2075,Fall,3276000,20.741974590762986,5.214142,33.988068,22.816895975592228,20.428571428571427,25.38546365914787,21.54786967418546,22.827067669172934,24.1062656641604,3.7131635254192186,20.65454822954823,1.4115995115995115,0.530982905982906,0.0,0.0
California,Sacramento,ssp126,SSP1-2.6,2051-2075,Spring,3312000,17.464611565436183,6.886017,29.19959323333333,23.389232895644916,21.38796992481203,25.225563909774436,22.507268170426066,23.466666666666665,24.266165413533837,6.314694980204165,1.3003925120772948,0.0,0.03327294685990338,0.0,0.0
California,Sacramento,ssp126,SSP1-2.6,2051-2075,Summer,3312000,27.28399127772365,15.593445,35.444824,21.668318505502878,20.10877192982456,23.786466165413536,21.068170426065162,21.707769423558894,22.187468671679195,-1.5076431568051,73.00760869565217,7.132850241545893,0.0,0.0,0.0
California,Sacramento,ssp126,SSP1-2.6,2051-2075,Winter,3247201,11.358554111438488,-0.4694519,22.349518,24.42645481747956,22.507268170426066,26.344862155388473,23.786466165413536,24.426065162907268,25.065664160401,11.029340079452542,0.0,0.0,10.263854932293997,0.0,0.0
Colorado,Denver,ssp126,SSP1-2.6,2051-2075,Fall,3276000,13.350161338904806,-8.163849,27.106293,24.078624142009478,21.707769423558894,27.624060150375943,22.667167919799496,24.1062656641604,25.5453634085213,9.448291554588534,0.37194749694749696,0.0,21.329700854700857,0.0,0.0
Colorado,Denver,ssp126,SSP1-2.6,2051-2075,Spring,3312000,10.558127773445161,-7.0094604,27.913422,24.551984139545727,21.54786967418546,27.464160401002506,23.306766917293235,24.5859649122807,25.705263157894738,11.599927907026032,0.07179951690821255,0.0,35.466032608695656,0.0,0.0
Colorado,Denver,ssp126,SSP1-2.6,2051-2075,Summer,3312000,23.66670345181075,10.892883,32.06302,22.311470830760474,20.748370927318295,24.5859649122807,21.707769423558894,22.187468671679195,23.146867167919797,1.4157765034566985,26.604891304347827,0.050301932367149756,0.0,0.0,0.0
Colorado,Denver,ssp126,SSP1-2.6,2051-2075,Winter,3247201,3.1089388943760996,-12.683136,15.562958,25.778060854706453,23.786466165413536,28.263659147869674,24.90576441102757,25.705263157894738,26.66466165413534,17.173003885029335,0.0,0.0,88.21917706972867,0.0,0.0
Connecticut,Hartford,ssp126,SSP1-2.6,2051-2075,Fall,3276000,15.705936860354583,-1.582367,30.613434,23.67969159467656,21.068170426065162,26.504761904761903,22.187468671679195,23.6265664160401,25.225563909774436,7.634961793984357,5.150518925518925,0.0,12.859249084249083,0.0,0.0
Connecticut,Hartford,ssp126,SSP1-2.6,2051-2075,Spring,3312000,12.392285179030216,-7.205841,29.05191,24.241243454045737,21.38796992481203,27.464160401002506,22.827067669172934,24.266165413533837,25.5453634085213,10.18747024566244,0.4547705314009662,0.0,28.412530193236712,0.0,0.0
Connecticut,Hartford,ssp126,SSP1-2.6,2051-2075,Summer,3312000,25.283310108141304,15.912201,34.65091,22.02538560516629,20.268671679197993,23.6265664160401,21.38796992481203,22.027568922305765,22.827067669172934,0.11538911439222103,45.77213164251208,2.0856884057971015,0.0,0.0,0.0
Connecticut,Hartford,ssp126,SSP1-2.6,2051-2075,Winter,3247201,3.038062679107797,-12.311005,18.134369,25.790026544387736,23.306766917293235,28.263659147869674,25.065664160401,25.705263157894738,26.66466165413534,17.227393383580615,0.0,0.0,91.13307122041412,0.0,0.0
Delaware,Dover,ssp126,SSP1-2.6,2051-2075,Fall,3276000,18.37980900770897,0.18401765493055566,34.68866,23.22043017999822,20.268671679197993,26.18496240601504,21.707769423558894,23.306766917293235,24.74586466165414,5.547409909082823,16.05262515262515,0.9167582417582417,6.457600732600732,0.0,0.0
Delaware,Dover,ssp126,SSP1-2.6,2051-2075,Spring,3312000,15.51256777218267,-4.7202454,30.822662,23.713835566573447,21.068170426065162,26.984461152882204,22.347368421052632,23.6265664160401,25.065664160401,7.790161666242942,4.08774154589372,0.0,13.646588164251208,0.0,0.0
Delaware,Dover,ssp126,SSP1-2.6,2051-2075,Summer,3312000,27.651706597772197,16.226837,36.901825,21.600687429170755,19.948872180451126,23.6265664160401,20.90827067669173,21.54786967418546,22.507268170426066,-1.8150571401329332,72.88888888888889,14.634269323671498,0.0,0.0,0.0
Delaware,Dover,ssp126,SSP1-2.6,2051-2075,Winter,3247201,5.819333730130294,-11.127411,21.043121,25.335862449137505,22.827067669172934,28.103759398496244,24.266165413533837,25.38546365914787,26.344862155388473,15.163011132443202,0.0,0.0,66.99178769654235,0.0,0.0
Florida,Tallahassee,ssp126,SSP1-2.6,2051-2075,Fall,3276000,23.830313618504043,7.3977356,34.70294,22.274508167396515,20.268671679197993,25.065664160401,21.228070175438596,22.187468671679195,23.6265664160401,1.2477643972568877,44.37542735042735,2.4557081807081804,0.12866300366300368,0.0,0.0
Florida,Tallahassee,ssp126,SSP1-2.6,2051-2075,Spring,3312000,21.850591395204752,5.717499,33.039368,22.62512751413557,20.58847117794486,25.38546365914787,21.54786967418546,22.507268170426066,23.946365914786966,2.8414887006162295,24.716727053140097,0.5914855072463767,0.15443840579710144,0.0,0.0
Florida,Tallahassee,ssp126,SSP1-2.6,2051-2075,Summer,3312000,29.727975222585457,19.019867,36.409393,21.227524382362912,19.948872180451126,23.146867167919797,20.90827067669173,21.228070175438596,21.54786967418546,-3.5112528074413096,98.25751811594203,18.387198067632852,0.0,0.0,0.0
Florida,Tallahassee,ssp126,SSP1-2.6,2051-2075,Winter,3247201,14.09617657239205,-1.4891968,26.016174,23.9608311944776,21.86766917293233,26.504761904761903,22.827067669172934,23.946365914786966,24.90576441102757,8.91286906580727,0.013118990786218653,0.0,9.653575494710676,0.0,0.0
Georgia,Atlanta,ssp126,SSP1-2.6,2051-2075,Fall,3276000,20.731530532231314,1.3182373,32.238007,22.81474567539116,20.748370927318295,26.0250626566416,21.54786967418546,22.667167919799496,24.266165413533837,3.703389433596174,29.131990231990233,0.6479548229548229,3.2506715506715507,0.0,0.0
Georgia,Atlanta,ssp126,SSP1-2.6,2051-2075,Spring,3312000,18.999218332547155,1.208969115,31.663269,23.117903539494872,20.90827067669173,26.0250626566416,21.86766917293233,22.986967418546364,24.5859649122807,5.081379724976691,12.819172705314012,0.0628623188405797,3.1756944444444444,0.0,0.0
Georgia,Atlanta,ssp126,SSP1-2.6,2051-2075,Summer,3312000,28.678773495952903,15.93631,37.31961,21.418386989817535,19.788972431077692,23.6265664160401,20.90827067669173,21.38796992481203,21.86766917293233,-2.6436955008293883,91.00685386473431,10.917270531400966,0.0,0.0,0.0
Georgia,Atlanta,ssp126,SSP1-2.6,2051-2075,Winter,3247201,9.648363409795612,-9.376678,24.644958,24.703918122894603,22.187468671679195,27.783959899749373,23.6265664160401,24.74586466165414,25.705263157894738,12.290536922248195,0.0,0.0,36.712972187431575,0.0,0.0
Hawaii,Honolulu,ssp126,SSP1-2.6,2051-2075,Fall,3276000,25.91600219388746,22.677826,27.967804,21.91583628791147,21.54786967418546,22.507268170426066,21.707769423558894,21.86766917293233,22.187468671679195,-0.38256232767513093,63.86025641025641,0.0,0.0,0.0,0.0
Hawaii,Honolulu,ssp126,SSP1-2.6,2051-2075,Spring,3312000,23.72218266551495,19.380402,26.873932,22.306271385286895,21.707769423558894,22.986967418546364,22.027568922305765,22.347368421052632,22.507268170426066,1.3921426603949754,2.8030193236714975,0.0,0.0,0.0,0.0
Hawaii,Honolulu,ssp126,SSP1-2.6,2051-2075,Summer,3312000,26.277197032709466,24.054688,27.83725,21.8499774147022,21.54786967418546,22.187468671679195,21.707769423558894,21.86766917293233,22.027568922305765,-0.6819208422627329,80.33112922705314,0.0,0.0,0.0,0.0
Hawaii,Honolulu,ssp126,SSP1-2.6,2051-2075,Winter,3247201,22.87569870179932,19.348663,25.324738,22.454368856752332,22.027568922305765,23.146867167919797,22.187468671679195,22.507268170426066,22.667167919799496,2.0653129852378718,0.0,0.0,0.0,0.0,0.0
Idaho,Boise,ssp126,SSP1-2.6,2051-2075,Fall,3276000,13.474876988789585,-7.9915466,28.981201,24.053217994926268,21.38796992481203,27.464160401002506,22.347368421052632,24.1062656641604,25.705263157894738,9.332809067846672,3.793772893772894,0.0,25.01074481074481,0.0,0.0
Idaho,Boise,ssp126,SSP1-2.6,2051-2075,Spring,3312000,11.550630853165801,-2.2466736,25.857758,24.38946907334763,21.86766917293233,26.66466165413534,23.306766917293235,24.5859649122807,25.225563909774436,10.861223060671046,0.0025966183574879227,0.0,22.64266304347826,0.0,0.0
Idaho,Boise,ssp126,SSP1-2.6,2051-2075,Summer,3312000,24.98579225600275,4.959717,33.598175,22.075213302428775,20.58847117794486,25.5453634085213,21.228070175438596,21.86766917293233,23.146867167919797,0.3418786474035232,51.15634057971015,2.2862318840579707,0.16567028985507246,0.0,0.0
Idaho,Boise,ssp126,SSP1-2.6,2051-2075,Winter,3247201,3.0637455274280785,-16.731445,13.356384,25.785777374326155,24.1062656641604,28.90325814536341,25.065664160401,25.705263157894738,26.66466165413534,17.208078974209798,0.0,0.0,94.51552275328814,0.0,0.0
Illinois,Springfield,ssp126,SSP1-2.6,2051-2075,Fall,3276000,16.678853259496893,-5.002472,34.031067,23.50708518426714,20.428571428571427,27.14436090225564,21.707769423558894,23.466666666666665,25.225563909774436,6.850387201214274,12.908424908424909,0.6822649572649573,13.450824175824176,0.0,0.0
Illinois,Springfield,ssp126,SSP1-2.6,2051-2075,Spring,3312000,14.60604687775433,-12.260651,30.270172,23.863928614107735,21.068170426065162,28.263659147869674,22.347368421052632,23.786466165413536,25.5453634085213,8.472402791398794,4.337228260869566,0.0,20.232246376811595,0.0,0.0
Illinois,Springfield,ssp126,SSP1-2.6,2051-2075,Summer,3312000,27.22693571795668,16.323792,35.999176,21.676851416584938,20.10877192982456,23.6265664160401,20.90827067669173,21.54786967418546,22.507268170426066,-1.4688571973411901,67.6128925120773,11.113073671497585,0.0,0.0,0.0
Illinois,Springfield,ssp126,SSP1-2.6,2051-2075,Winter,3247201,1.9060956512615501,-19.567413,20.871552,25.9663735773106,22.827067669172934,29.382957393483707,24.74586466165414,26.0250626566416,27.14436090225564,18.028970805957265,0.0,0.0,82.67708096911771,0.0,0.0
Indiana,Indianapolis,ssp126,SSP1-2.6,2051-2075,Fall,3276000,16.486679835642235,-3.634735,34.5054,23.541120841633994,20.268671679197993,26.824561403508774,21.86766917293233,23.466666666666665,25.225563909774436,7.005094734699973,12.498015873015873,0.6213064713064713,13.132509157509157,0.0,0.0
Indiana,Indianapolis,ssp126,SSP1-2.6,2051-2075,Spring,3312000,14.249970551476967,-10.819,31.225494,23.924274499503593,20.90827067669173,27.943859649122807,22.347368421052632,23.786466165413536,25.5453634085213,8.746702270470875,3.773580917874396,0.0068840579710144935,20.670742753623188,0.0,0.0
Indiana,Indianapolis,ssp126,SSP1-2.6,2051-2075,Summer,3312000,26.787790753596468,15.823151,37.154297,21.75526018019081,19.788972431077692,23.6265664160401,21.068170426065162,21.707769423558894,22.667167919799496,-1.1124537264054106,62.941213768115944,9.724154589371981,0.0,0.0,0.0
Indiana,Indianapolis,ssp126,SSP1-2.6,2051-2075,Winter,3247201,2.2938381377679633,-19.877716,22.410309,25.904863158573622,22.507268170426066,29.382957393483707,24.5859649122807,26.0250626566416,26.984461152882204,17.749377993516465,0.0,0.0,82.13861722757538,0.0,0.0
Iowa,Des Moines,ssp126,SSP1-2.6,2051-2075,Fall,3276000,14.971168624243306,-10.4888,33.27719,23.79514848751915,20.58847117794486,27.943859649122807,22.027568922305765,23.6265664160401,25.705263157894738,8.15976585235977,9.425,0.4190781440781441,20.146428571428572,0.0,0.0
Iowa,Des Moines,ssp126,SSP1-2.6,2051-2075,Spring,3312000,12.996792797642517,-16.216827,28.877594,24.13308961958035,21.38796992481203,28.743358395989976,22.507268170426066,23.946365914786966,25.86516290726817,9.695861907183408,1.6614734299516907,0.0,27.333846618357487,0.0,0.0
Iowa,Des Moines,ssp126,SSP1-2.6,2051-2075,Summer,3312000,26.93097816246157,15.286896,36.048615,21.72996951466831,20.10877192982456,23.786466165413536,20.90827067669173,21.707769423558894,22.667167919799496,-1.2274112969622342,63.37572463768117,12.182759661835748,0.0,0.0,0.0
Iowa,Des Moines,ssp126,SSP1-2.6,2051-2075,Winter,3247201,-0.9310435333765752,-23.874023,19.076813,26.42179980276964,23.146867167919797,30.022556390977442,25.225563909774436,26.344862155388473,27.624060150375943,20.099090012589276,0.0,0.0,93.9781676588545,0.0,0.0
Kansas,Topeka,ssp126,SSP1-2.6,2051-2075,Fall,3276000,17.69634407873149,-7.872406,34.44815,23.332180825078577,20.428571428571427,27.464160401002506,21.707769423558894,23.306766917293235,25.065664160401,6.055367386720805,16.413125763125763,1.4017704517704517,11.862301587301587,0.0,0.0
Kansas,Topeka,ssp126,SSP1-2.6,2051-2075,Spring,3312000,15.772727326920633,-13.74472,29.713898,23.66628817878029,21.228070175438596,28.423558897243108,22.027568922305765,23.6265664160401,25.38546365914787,7.574037176274053,6.420048309178744,0.0,16.309057971014493,0.0,0.0
Kansas,Topeka,ssp126,SSP1-2.6,2051-2075,Summer,3312000,28.80458129987024,16.386505,37.09372,21.393027671685246,19.788972431077692,23.6265664160401,20.748370927318295,21.38796992481203,22.187468671679195,-2.758965128703427,82.45374396135266,26.31717995169082,0.0,0.0,0.0
Kansas,Topeka,ssp126,SSP1-2.6,2051-2075,Winter,3247201,2.685496399649461,-18.18187,20.337921,25.840541495108756,22.827067669172934,29.06315789473684,24.74586466165414,25.705263157894738,27.14436090225564,17.45700679594889,0.0,0.0,81.43191628728866,0.0,0.0
Kentucky,Frankfort,ssp126,SSP1-2.6,2051-2075,Fall,3276000,17.56386450628017,-2.4615173,33.055695,23.35928373497847,20.58847117794486,26.66466165413534,21.707769423558894,23.306766917293235,24.90576441102757,6.178562431720313,14.996947496947497,0.680952380952381,9.332600732600731,0.0,0.0
Kentucky,Frankfort,ssp126,SSP1-2.6,2051-2075,Spring,3312000,15.265059905174919,-9.155304,30.391998,23.75464119083943,21.068170426065162,27.783959899749373,22.347368421052632,23.786466165413536,25.225563909774436,7.975641776542859,4.126751207729469,0.0,14.732276570048308,0.0,0.0
Kentucky,Frankfort,ssp126,SSP1-2.6,2051-2075,Summer,3312000,27.05709459687267,14.306244,38.288483,21.705465891933933,19.62907268170426,23.946365914786966,20.90827067669173,21.54786967418546,22.667167919799496,-1.3387914003003039,67.78472222222223,11.424909420289856,0.0,0.0,0.0
Kentucky,Frankfort,ssp126,SSP1-2.6,2051-2075,Winter,3247201,4.522660790784991,-18.757874,21.40683,25.54491269345747,22.667167919799496,29.223057644110277,24.426065162907268,25.5453634085213,26.66466165413534,16.11323951571577,0.0,0.0,71.60948767877319,0.0,0.0
Louisiana,Baton Rouge,ssp126,SSP1-2.6,2051-2075,Fall,3276000,24.038946595685935,7.978882,36.544037,22.238523060704267,19.948872180451126,25.065664160401,21.068170426065162,22.187468671679195,23.466666666666665,1.0841957304739418,43.969749694749694,3.6160256410256406,0.0004884004884004884,0.0,0.0
Louisiana,Baton Rouge,ssp126,SSP1-2.6,2051-2075,Spring,3312000,22.40485720067312,7.5003967,32.502563,22.52891870270483,20.748370927318295,25.065664160401,21.54786967418546,22.347368421052632,23.6265664160401,2.4041759213855842,29.286805555555556,0.29528985507246375,0.019957729468599035,0.0,0.0
Louisiana,Baton Rouge,ssp126,SSP1-2.6,2051-2075,Summer,3312000,30.177114827386852,20.935822,35.470642,21.147232741273477,20.10877192982456,22.827067669172934,20.748370927318295,21.068170426065162,21.54786967418546,-3.876214812393286,98.04553140096618,27.374969806763282,0.0,0.0,0.0
Louisiana,Baton Rouge,ssp126,SSP1-2.6,2051-2075,Winter,3247201,14.301511434380641,0.66415405,26.981537,23.927434355593405,21.707769423558894,26.18496240601504,22.986967418546364,23.946365914786966,24.74586466165414,8.761065252697296,0.10116404866837624,0.0,4.637132102386024,0.0,0.0
Maine,Augusta,ssp126,SSP1-2.6,2051-2075,Fall,3276000,12.299105920178313,-6.8023987,28.420593,24.254295346424655,21.38796992481203,27.304260651629072,22.667167919799496,24.266165413533837,25.705263157894738,10.246797029202979,0.8346764346764346,0.0,28.40634920634921,0.0,0.0
Maine,Augusta,ssp126,SSP1-2.6,2051-2075,Spring,3312000,8.892514454233888,-9.83963,26.885376,24.823521626076058,21.707769423558894,27.783959899749373,23.466666666666665,24.90576441102757,26.18496240601504,12.834189209436628,0.062077294685990346,0.0,46.72949879227053,0.0,0.0
Maine,Augusta,ssp126,SSP1-2.6,2051-2075,Summer,3312000,22.673657645366685,12.858429,32.203033,22.48582316146646,20.748370927318295,24.1062656641604,21.707769423558894,22.507268170426066,23.306766917293235,2.2082870975748166,18.112530193236715,0.13804347826086955,0.0,0.0,0.0
Maine,Augusta,ssp126,SSP1-2.6,2051-2075,Winter,3247201,-1.1182985207769671,-18.456482,16.091888,26.454980861755438,23.6265664160401,29.06315789473684,25.5453634085213,26.344862155388473,27.464160401002506,20.249913007979263,0.0,0.0,98.36536142973594,0.0,0.0
Maryland,Annapolis,ssp126,SSP1-2.6,2051-2075,Fall,3276000,18.85378068581556,0.24515020566666665,35.376434,23.138514260774034,20.10877192982456,26.18496240601504,21.54786967418546,23.146867167919797,24.5859649122807,5.175064821700155,18.791361416361415,1.4885836385836386,6.096550671550672,0.0,0.0
Maryland,Annapolis,ssp126,SSP1-2.6,2051-2075,Spring,3312000,16.15021865306879,-4.7846985,31.483032,23.60423727540469,20.90827067669173,26.984461152882204,22.187468671679195,23.6265664160401,25.065664160401,7.291987615475858,6.52566425120773,0.018448067632850243,11.679408212560388,0.0,0.0
Maryland,Annapolis,ssp126,SSP1-2.6,2051-2075,Summer,3312000,28.293913012453192,16.96634,37.67697,21.48405731478454,19.788972431077692,23.466666666666665,20.748370927318295,21.38796992481203,22.347368421052632,-2.3451940237066373,76.87524154589373,21.938677536231886,0.0,0.0,0.0
Maryland,Annapolis,ssp126,SSP1-2.6,2051-2075,Winter,3247201,6.282641112795375,-11.946564,22.381317,25.25978457287123,22.507268170426066,28.103759398496244,24.266165413533837,25.38546365914787,26.344862155388473,14.817202603960133,0.0,0.0,64.24739337047507,0.0,0.0
Massachusetts,Boston,ssp126,SSP1-2.6,2051-2075,Fall,3276000,15.32164600817605,-0.80459595,29.173492,23.747171778193966,21.38796992481203,26.344862155388473,22.347368421052632,23.786466165413536,25.225563909774436,7.941689900881664,2.7457570207570208,0.0,13.181349206349207,0.0,0.0
Massachusetts,Boston,ssp126,SSP1-2.6,2051-2075,Spring,3312000,11.756189743336137,-5.416626,26.457916,24.35004972969864,21.86766917293233,27.14436090225564,23.146867167919797,24.266165413533837,25.5453634085213,10.682044225902908,0.05235507246376812,0.0,30.026660628019325,0.0,0.0
Massachusetts,Boston,ssp126,SSP1-2.6,2051-2075,Summer,3312000,24.760391579971838,16.539917000000003,31.39914,22.119515912970826,20.90827067669173,23.6265664160401,21.54786967418546,22.027568922305765,22.827067669172934,0.5432541498673903,38.45682367149759,0.03088768115942029,0.0,0.0,0.0
Massachusetts,Boston,ssp126,SSP1-2.6,2051-2075,Winter,3247201,2.7468774750702054,-11.647797,15.609894,25.836942225343492,23.786466165413536,28.103759398496244,25.065664160401,25.86516290726817,26.66466165413534,17.440646478834054,0.0,0.0,92.91121799974809,0.0,0.0
Michigan,Lansing,ssp126,SSP1-2.6,2051-2075,Fall,3276000,14.200157426831698,-6.015381,34.8107,23.930080398646197,20.268671679197993,27.304260651629072,22.187468671679195,23.946365914786966,25.86516290726817,8.77309272111908,6.58949938949939,0.13195970695970696,20.762454212454212,0.0,0.0
Michigan,Lansing,ssp126,SSP1-2.6,2051-2075,Spring,3312000,11.310337620362619,-9.682648,30.655853,24.41537157749447,21.068170426065162,27.783959899749373,22.667167919799496,24.426065162907268,26.18496240601504,10.97896171588395,1.96225845410628,0.0,34.19528985507247,0.0,0.0
Michigan,Lansing,ssp126,SSP1-2.6,2051-2075,Summer,3312000,24.82115566443524,12.179962,36.51541,22.10432205725666,19.948872180451126,24.266165413533837,21.068170426065162,22.187468671679195,23.146867167919797,0.474191169348453,42.462379227053134,6.692693236714977,0.0,0.0,0.0
Michigan,Lansing,ssp126,SSP1-2.6,2051-2075,Winter,3247201,0.40774537639828196,-20.383759,19.19748,26.21061160412577,23.146867167919797,29.382957393483707,25.38546365914787,26.18496240601504,27.14436090225564,19.139143655117135,0.0,0.0,93.95152933249281,0.0,0.0
Minnesota,Saint Paul,ssp126,SSP1-2.6,2051-2075,Fall,3276000,12.968039235453528,-12.948517,33.549408,24.13125981069891,20.58847117794486,28.263659147869674,22.187468671679195,24.1062656641604,26.18496240601504,9.687544594085958,6.6009768009768015,0.33656898656898654,28.433150183150186,0.0,0.0
Minnesota,Saint Paul,ssp126,SSP1-2.6,2051-2075,Spring,3312000,10.543020328335311,-19.043045,29.612091,24.540952746600805,21.228070175438596,29.223057644110277,22.667167919799496,24.5859649122807,26.344862155388473,11.54978521182184,1.293900966183575,0.0,38.8481884057971,0.0,0.0
Minnesota,Saint Paul,ssp126,SSP1-2.6,2051-2075,Summer,3312000,25.67382037768237,13.236603,35.46393,21.952948701312454,20.10877192982456,24.1062656641604,21.068170426065162,22.027568922305765,22.986967418546364,-0.21386953948884335,49.62687198067633,9.783876811594203,0.0,0.0,0.0
Minnesota,Saint Paul,ssp126,SSP1-2.6,2051-2075,Winter,3247201,-3.1919552787787695,-23.062714,16.743347,26.780456918038574,23.466666666666665,29.86265664160401,25.86516290726817,26.66466165413534,27.943859649122807,21.729349627448062,0.0,0.0,98.31045260210254,0.0,0.0
Mississippi,Jackson,ssp126,SSP1-2.6,2051-2075,Fall,3276000,22.26953923702866,1.1663513,35.065826,22.54558070680363,20.268671679197993,26.0250626566416,21.228070175438596,22.507268170426066,24.1062656641604,2.479912303652864,36.26739926739927,3.1907814407814405,1.3773504273504273,0.0,0.0
Mississippi,Jackson,ssp126,SSP1-2.6,2051-2075,Spring,3312000,20.30790395410425,4.094757,33.131165,22.892695605257103,20.58847117794486,25.5453634085213,21.707769423558894,22.827067669172934,24.266165413533837,4.057707296623195,17.829076086956523,0.4490036231884058,0.805042270531401,0.0,0.0
Mississippi,Jackson,ssp126,SSP1-2.6,2051-2075,Summer,3312000,29.87806196145819,18.12027,38.26779,21.199484860551138,19.62907268170426,23.306766917293235,20.58847117794486,21.228070175438596,21.707769423558894,-3.638705179313009,94.656038647343,29.21717995169082,0.0,0.0,0.0
Mississippi,Jackson,ssp126,SSP1-2.6,2051-2075,Winter,3247201,11.2539475559048,-4.2169495,25.3121035,24.43756748224542,22.027568922305765,26.984461152882204,23.306766917293235,24.426065162907268,25.38546365914787,11.079852192024637,0.0,0.0,24.949949202405396,0.0,0.0
Missouri,Jefferson City,ssp126,SSP1-2.6,2051-2075,Fall,3276000,17.712241308264286,-6.720276,35.7948,23.33064313225065,20.10877192982456,27.304260651629072,21.54786967418546,23.306766917293235,25.065664160401,6.04837787386659,15.946703296703296,1.3334859584859586,10.788339438339438,0.0,0.0
Missouri,Jefferson City,ssp126,SSP1-2.6,2051-2075,Spring,3312000,15.643177467464094,-10.337677,30.413177,23.68938480924535,21.068170426065162,27.943859649122807,22.187468671679195,23.6265664160401,25.225563909774436,7.679021860206138,4.822554347826087,0.0,15.478743961352656,0.0,0.0
Missouri,Jefferson City,ssp126,SSP1-2.6,2051-2075,Summer,3312000,27.85828201647796,16.264252,36.13333,21.56347588006853,20.10877192982456,23.6265664160401,20.90827067669173,21.54786967418546,22.347368421052632,-1.9842005451430433,74.23704710144928,15.594293478260871,0.0,0.0,0.0
Missouri,Jefferson City,ssp126,SSP1-2.6,2051-2075,Winter,3247201,3.5028724146197634,-14.766449,22.14972,25.709318460895656,22.507268170426066,28.58345864661654,24.5859649122807,25.705263157894738,26.984461152882204,16.860538458616617,0.0,0.0,76.93256438391094,0.0,0.0
Montana,Helena,ssp126,SSP1-2.6,2051-2075,Fall,3276000,11.325932206325772,-19.218765,29.5206,24.41401127941955,21.228070175438596,29.223057644110277,22.667167919799496,24.5859649122807,25.86516290726817,10.97277854281614,0.8208791208791208,0.0,38.787728937728936,0.0,0.0
Montana,Helena,ssp126,SSP1-2.6,2051-2075,Spring,3312000,9.274872359019474,-11.964264,25.195374,24.76553445509909,22.027568922305765,28.103759398496244,23.466666666666665,24.90576441102757,25.705263157894738,12.570611159541317,0.0,0.0,46.533544685990336,0.0,0.0
Montana,Helena,ssp126,SSP1-2.6,2051-2075,Summer,3312000,23.009436483979012,4.892853,32.54837,22.424921199587125,20.748370927318295,25.5453634085213,21.54786967418546,22.347368421052632,23.466666666666665,1.9314599981232952,28.01494565217391,0.5121678743961353,0.07240338164251207,0.0,0.0
Montana,Helena,ssp126,SSP1-2.6,2051-2075,Winter,3247201,0.6342534453682241,-26.78717,12.947235,26.174422577296124,24.1062656641604,30.34235588972431,25.38546365914787,26.0250626566416,27.14436090225564,18.974648078618745,0.0,0.0,97.94296688132333,0.0,0.0
Nebraska,Lincoln,ssp126,SSP1-2.6,2051-2075,Fall,3276000,15.4109214406004,-11.824738,32.557037,23.72009654325068,20.748370927318295,28.103759398496244,21.86766917293233,23.6265664160401,25.5453634085213,7.818620651139454,10.330158730158729,0.4553418803418804,19.846275946275945,0.0,0.0
Nebraska,Lincoln,ssp126,SSP1-2.6,2051-2075,Spring,3312000,13.361935421757607,-18.111145,28.962494,24.07209979008511,21.38796992481203,29.06315789473684,22.347368421052632,23.946365914786966,25.86516290726817,9.418635409477782,2.3504830917874395,0.0,25.852475845410627,0.0,0.0
Nebraska,Lincoln,ssp126,SSP1-2.6,2051-2075,Summer,3312000,27.519569641082807,14.457764,35.276337,21.62455169430218,20.268671679197993,23.946365914786966,20.90827067669173,21.54786967418546,22.507268170426066,-1.7065832077173615,71.00935990338164,15.857669082125604,0.0,0.0,0.0
Nebraska,Lincoln,ssp126,SSP1-2.6,2051-2075,Winter,3247201,-0.36361075164142287,-21.763184,17.720093,26.330506095189993,23.306766917293235,29.70275689223058,25.225563909774436,26.344862155388473,27.624060150375943,19.684118614499965,0.0,0.0,94.38454841569708,0.0,0.0
Nevada,Carson City,ssp126,SSP1-2.6,2051-2075,Fall,3276000,12.117415661593169,-7.3645325,25.71228,24.288620590242385,22.027568922305765,27.464160401002506,22.986967418546364,24.266165413533837,25.5453634085213,10.402820864738112,0.0,0.0,26.01364468864469,0.0,0.0
Nevada,Carson City,ssp126,SSP1-2.6,2051-2075,Spring,3312000,8.288356828112244,-2.7093506,21.881866,24.93115964866877,22.667167919799496,26.66466165413534,23.946365914786966,25.065664160401,25.86516290726817,13.323452948494415,0.0,0.0,51.25797101449275,0.0,0.0
Nevada,Carson City,ssp126,SSP1-2.6,2051-2075,Summer,3312000,20.551912991505812,4.806244,29.194305,22.856630583705638,21.38796992481203,25.5453634085213,22.187468671679195,22.827067669172934,23.6265664160401,3.893775380480171,4.1493961352657,0.0,0.18520531400966184,0.0,0.0
Nevada,Carson City,ssp126,SSP1-2.6,2051-2075,Winter,3247201,2.977354364899131,-10.441986,12.062592,25.801882571395875,24.266165413533837,27.943859649122807,25.225563909774436,25.705263157894738,26.504761904761903,17.281284415435795,0.0,0.0,96.73173911932153,0.0,0.0
New Hampshire,Concord,ssp126,SSP1-2.6,2051-2075,Fall,3276000,13.491370171107265,-5.337677,29.664734,24.053393562508226,21.228070175438596,27.14436090225564,22.507268170426066,24.1062656641604,25.5453634085213,9.33360710231012,2.906929181929182,0.0,22.492735042735042,0.0,0.0
New Hampshire,Concord,ssp126,SSP1-2.6,2051-2075,Spring,3312000,10.711664320722774,-8.949738,28.689667,24.520791618690453,21.38796992481203,27.624060150375943,23.146867167919797,24.5859649122807,25.86516290726817,11.458143721320239,0.1964070048309179,0.0,38.00452898550725,0.0,0.0
New Hampshire,Concord,ssp126,SSP1-2.6,2051-2075,Summer,3312000,23.93001214663871,13.933807,34.86093,22.264346414496377,20.268671679197993,23.946365914786966,21.54786967418546,22.187468671679195,23.146867167919797,1.201574611347166,31.766183574879225,1.1656702898550724,0.0,0.0,0.0
New Hampshire,Concord,ssp126,SSP1-2.6,2051-2075,Winter,3247201,0.7915256173273038,-15.470154,15.848602,26.15054807282691,23.6265664160401,28.743358395989976,25.38546365914787,26.18496240601504,26.984461152882204,18.866127603758688,0.0,0.0,96.13297729336743,0.0,0.0
New Jersey,Trenton,ssp126,SSP1-2.6,2051-2075,Fall,3276000,17.312223077474393,-0.24493408,32.36667,23.405335058035803,20.748370927318295,26.344862155388473,21.86766917293233,23.466666666666665,24.90576441102757,6.387886627435467,10.296550671550673,0.2622100122100122,8.407509157509157,0.0,0.0
New Jersey,Trenton,ssp126,SSP1-2.6,2051-2075,Spring,3312000,14.195514777993008,-5.804718,29.441132,23.937546758048498,21.228070175438596,27.14436090225564,22.507268170426066,23.946365914786966,25.38546365914787,8.807030718402263,1.5653683574879225,0.0,18.5618961352657,0.0,0.0
New Jersey,Trenton,ssp126,SSP1-2.6,2051-2075,Summer,3312000,26.66386219638746,16.348053,34.885834,21.778335857608994,20.268671679197993,23.6265664160401,21.068170426065162,21.707769423558894,22.507268170426066,-1.0075642835954828,63.96636473429952,6.2019021739130435,0.0,0.0,0.0
New Jersey,Trenton,ssp126,SSP1-2.6,2051-2075,Winter,3247201,4.6682049130849785,-11.102936,19.113007,25.52390049801433,23.146867167919797,27.943859649122807,24.5859649122807,25.5453634085213,26.344862155388473,16.017729536428778,0.0,0.0,78.11604517244236,0.0,0.0
New Mexico,Santa Fe,ssp126,SSP1-2.6,2051-2075,Fall,3276000,12.30136547360354,-12.547974,25.617767,24.259864357933917,22.027568922305765,28.263659147869674,23.146867167919797,24.1062656641604,25.5453634085213,10.272110717881443,0.0,0.0,26.731318681318683,0.0,0.0
New Mexico,Santa Fe,ssp126,SSP1-2.6,2051-2075,Spring,3312000,9.71834374681808,-10.393402,23.688751,24.69304589281172,22.347368421052632,27.943859649122807,23.466666666666665,24.74586466165414,25.705263157894738,12.241117694598733,0.0,0.0,40.27989130434783,0.0,0.0
New Mexico,Santa Fe,ssp126,SSP1-2.6,2051-2075,Summer,3312000,21.085319221173084,10.896576,29.936218,22.76600455229257,21.228070175438596,24.426065162907268,22.187468671679195,22.667167919799496,23.466666666666665,3.4818388740571424,3.4432367149758454,0.0,0.0,0.0,0.0
New Mexico,Santa Fe,ssp126,SSP1-2.6,2051-2075,Winter,3247201,1.8162282296875387,-15.403778,17.084564,25.98734997357844,23.466666666666665,28.743358395989976,25.225563909774436,25.86516290726817,26.824561403508774,18.124318061720178,0.0,0.0,96.57809910750828,0.0,0.0
New York,Albany,ssp126,SSP1-2.6,2051-2075,Fall,3276000,14.650652434524849,-4.3451233,31.805786,23.856089376524327,20.90827067669173,26.984461152882204,22.187468671679195,23.946365914786966,25.5453634085213,8.436769893292396,5.750641025641025,0.08137973137973138,19.14526862026862,0.0,0.0
New York,Albany,ssp126,SSP1-2.6,2051-2075,Spring,3312000,11.956492304385378,-9.896393,29.982452,24.310443498389702,21.228070175438596,27.783959899749373,22.667167919799496,24.266165413533837,25.86516290726817,10.502015901771374,1.6375000000000002,0.0,33.02605676328502,0.0,0.0
New York,Albany,ssp126,SSP1-2.6,2051-2075,Summer,3312000,25.208762430037694,13.266693,36.1456,22.035652742968534,20.10877192982456,24.1062656641604,21.228070175438596,22.027568922305765,22.986967418546364,0.16205792258424365,46.171557971014494,5.7614432367149755,0.0,0.0,0.0
New York,Albany,ssp126,SSP1-2.6,2051-2075,Winter,3247201,1.6143797576659276,-17.212418,18.35019,26.017911045053424,23.306766917293235,28.90325814536341,25.225563909774436,26.0250626566416,26.984461152882204,18.263232022970108,0.0,0.0,94.43582334447422,0.0,0.0
North Carolina,Raleigh,ssp126,SSP1-2.6,2051-2075,Fall,3276000,19.676802438805115,0.56118774,32.805573,22.996835517364836,20.58847117794486,26.18496240601504,21.54786967418546,22.986967418546364,24.5859649122807,4.531070533476528,23.594871794871793,0.6791514041514042,4.5111416361416365,0.0,0.0
North Carolina,Raleigh,ssp126,SSP1-2.6,2051-2075,Spring,3312000,17.88056445997279,-2.684723,32.599396,23.30865254667466,20.748370927318295,26.66466165413534,21.86766917293233,23.306766917293235,24.74586466165414,5.948420666703007,11.241425120772947,0.06672705314009662,5.8506038647343,0.0,0.0
North Carolina,Raleigh,ssp126,SSP1-2.6,2051-2075,Summer,3312000,28.554340289971925,14.519684,36.52707,21.43854106900705,19.948872180451126,23.946365914786966,20.90827067669173,21.38796992481203,22.187468671679195,-2.5520860499679476,83.67907608695651,17.465307971014493,0.0,0.0,0.0
North Carolina,Raleigh,ssp126,SSP1-2.6,2051-2075,Winter,3247201,8.412973036390202,-14.043793,24.437073,24.908461955211138,22.187468671679195,28.423558897243108,23.786466165413536,24.90576441102757,26.0250626566416,13.22028161459608,0.0,0.0,45.557697229090536,0.0,0.0
North Dakota,Bismarck,ssp126,SSP1-2.6,2051-2075,Fall,3276000,10.567336027314244,-18.154205,32.01718,24.529358936719074,20.748370927318295,29.06315789473684,22.507268170426066,24.5859649122807,26.66466165413534,11.49708607599579,3.9607142857142854,0.03137973137973138,41.22097069597069,0.0,0.0
North Dakota,Bismarck,ssp126,SSP1-2.6,2051-2075,Spring,3312000,7.991792631955505,-22.445923,28.035217,24.9643797389004,21.54786967418546,29.70275689223058,23.146867167919797,24.90576441102757,26.66466165413534,13.474453358638188,0.31370772946859904,0.0,49.01434178743961,0.0,0.0
North Dakota,Bismarck,ssp126,SSP1-2.6,2051-2075,Summer,3312000,24.57446133886232,9.617676,36.50763,22.147959963768116,19.948872180451126,24.74586466165414,21.228070175438596,22.027568922305765,23.146867167919797,0.6725452898550734,43.81216787439614,3.2346014492753623,0.0,0.0,0.0
North Dakota,Bismarck,ssp126,SSP1-2.6,2051-2075,Winter,3247201,-5.30021865093274,-26.923645,11.078217,27.10910683958169,24.426065162907268,30.34235588972431,25.86516290726817,26.984461152882204,28.58345864661654,23.22321290718949,0.0,0.0,99.73949872520981,0.0,0.0
Ohio,Columbus,ssp126,SSP1-2.6,2051-2075,Fall,3276000,16.249490480002123,-3.6644897,34.62079,23.583350189729526,20.268671679197993,26.824561403508774,21.86766917293233,23.6265664160401,25.225563909774436,7.197046316952389,10.037332112332113,0.5177655677655678,12.923137973137974,0.0,0.0
Ohio,Columbus,ssp126,SSP1-2.6,2051-2075,Spring,3312000,13.897837744004864,-9.312653,29.503204,23.984639648184487,21.228070175438596,27.783959899749373,22.507268170426066,23.946365914786966,25.5453634085213,9.021089309929486,2.848671497584541,0.0,21.178140096618357,0.0,0.0
Ohio,Columbus,ssp126,SSP1-2.6,2051-2075,Summer,3312000,26.06948548781538,13.922028,37.13452,21.88326103997918,19.788972431077692,23.946365914786966,21.068170426065162,21.86766917293233,22.827067669172934,-0.5306316364582806,56.158816425120776,8.33058574879227,0.0,0.0,0.0
Ohio,Columbus,ssp126,SSP1-2.6,2051-2075,Winter,3247201,2.849784187508032,-18.518799,20.398407,25.816353809408675,22.827067669172934,29.223057644110277,24.5859649122807,25.86516290726817,26.824561403508774,17.347062770039432,0.0,0.0,81.38886382456768,0.0,0.0
Oklahoma,Oklahoma City,ssp126,SSP1-2.6,2051-2075,Fall,3276000,20.75317207730569,-3.1070557,34.86728,22.807357779828084,20.268671679197993,26.824561403508774,21.228070175438596,22.827067669172934,24.426065162907268,3.6698080901276566,28.536263736263734,4.9553113553113555,4.500518925518925,0.0,0.0
Oklahoma,Oklahoma City,ssp126,SSP1-2.6,2051-2075,Spring,3312000,18.7753935497437,-5.0434875,32.96173,23.15485771372876,20.58847117794486,27.14436090225564,21.86766917293233,23.146867167919797,24.5859649122807,5.249353244221633,14.075392512077295,0.18629227053140096,5.123701690821256,0.0,0.0
Oklahoma,Oklahoma City,ssp126,SSP1-2.6,2051-2075,Summer,3312000,30.563148555483103,16.625946,38.157257,21.072415107817854,19.62907268170426,23.466666666666665,20.428571428571427,21.068170426065162,21.86766917293233,-4.216294964464302,93.25099637681159,49.80570652173913,0.0,0.0,0.0
Oklahoma,Oklahoma City,ssp126,SSP1-2.6,2051-2075,Winter,3247201,7.559899081210382,-11.239227,22.25882,25.049668773731376,22.507268170426066,28.103759398496244,23.946365914786966,25.065664160401,26.18496240601504,13.862130789688074,0.0,0.0,52.16181566832482,0.0,0.0
Oregon,Salem,ssp126,SSP1-2.6,2051-2075,Fall,3276000,15.485746064110502,-1.3609924,27.790314,23.723567187810794,21.54786967418546,26.504761904761903,22.507268170426066,23.786466165413536,24.74586466165414,7.83439630823088,1.3118131868131868,0.0,5.992704517704517,0.0,0.0
Oregon,Salem,ssp126,SSP1-2.6,2051-2075,Spring,3312000,12.972775620003121,4.702301,25.311249,24.153936935636196,22.027568922305765,25.5453634085213,23.466666666666665,24.266165413533837,24.74586466165414,9.790622434709983,0.0,0.0,4.06832729468599,0.0,0.0
Oregon,Salem,ssp126,SSP1-2.6,2051-2075,Summer,3312000,21.273038246228143,10.9591675,31.1008,22.732863060126164,20.90827067669173,24.426065162907268,22.187468671679195,22.667167919799496,23.466666666666665,3.3311957278461986,4.923429951690821,0.002536231884057971,0.0,0.0,0.0
Oregon,Salem,ssp126,SSP1-2.6,2051-2075,Winter,3247201,8.244862777782453,-9.1658325,16.941956,24.94237357343296,23.466666666666665,27.783959899749373,24.426065162907268,24.90576441102757,25.5453634085213,13.37442533378618,0.0,0.0,42.37751220204724,0.0,0.0
Pennsylvania,Harrisburg,ssp126,SSP1-2.6,2051-2075,Fall,3276000,15.96103255202726,-3.0142427727083336,34.142334,23.63335995896334,20.428571428571427,26.824561403508774,22.027568922305765,23.6265664160401,25.225563909774436,7.424363449833361,8.847222222222221,0.50503663003663,13.712515262515263,0.0,0.0
Pennsylvania,Harrisburg,ssp126,SSP1-2.6,2051-2075,Spring,3312000,13.457980567320082,-8.006561,30.63501,24.058674197722567,21.068170426065162,27.464160401002506,22.507268170426066,23.946365914786966,25.705263157894738,9.357609989648031,2.604981884057971,0.0,22.583303140096618,0.0,0.0
Pennsylvania,Harrisburg,ssp126,SSP1-2.6,2051-2075,Summer,3312000,26.10626206807624,14.344299,37.378326,21.87582821213663,19.788972431077692,23.946365914786966,21.068170426065162,21.86766917293233,22.827067669172934,-0.5644172175607794,56.74498792270531,9.025513285024154,0.0,0.0,0.0
Pennsylvania,Harrisburg,ssp126,SSP1-2.6,2051-2075,Winter,3247201,2.996289268626058,-14.982025,19.601044,25.793961696098837,22.986967418546364,28.58345864661654,24.74586466165414,25.86516290726817,26.824561403508774,17.245280436812894,0.0,0.0,84.77984578102803,0.0,0.0
Rhode Island,Providence,ssp126,SSP1-2.6,2051-2075,Fall,3276000,15.868438472586897,0.26593018,29.155731,23.654039057503343,21.38796992481203,26.18496240601504,22.347368421052632,23.6265664160401,25.065664160401,7.518359352287924,3.0334249084249083,0.0,10.536477411477412,0.0,0.0
Rhode Island,Providence,ssp126,SSP1-2.6,2051-2075,Spring,3312000,11.812820978562593,-5.3196716,25.969696,24.341783221641066,21.86766917293233,27.14436090225564,23.146867167919797,24.266165413533837,25.5453634085213,10.644469189277572,0.004770531400966184,0.0,28.61376811594203,0.0,0.0
Rhode Island,Providence,ssp126,SSP1-2.6,2051-2075,Summer,3312000,24.72512613627574,15.842102,31.599396,22.125516691789855,20.90827067669173,23.6265664160401,21.54786967418546,22.027568922305765,22.827067669172934,0.5705304172266132,37.53623188405797,0.02928743961352657,0.0,0.0,0.0
Rhode Island,Providence,ssp126,SSP1-2.6,2051-2075,Winter,3247201,3.4912769522437674,-10.427368,16.797058,25.716302796282392,23.466666666666665,27.943859649122807,25.065664160401,25.705263157894738,26.504761904761903,16.892285437647235,0.0,0.0,90.21782144068075,0.0,0.0
South Carolina,Columbia,ssp126,SSP1-2.6,2051-2075,Fall,3276000,21.080810491259832,2.0889587,32.677277,22.75322112301511,20.748370927318295,26.0250626566416,21.38796992481203,22.667167919799496,24.266165413533837,3.423732377341405,30.08507326007326,0.9019536019536021,2.518986568986569,0.0,0.0
South Carolina,Columbia,ssp126,SSP1-2.6,2051-2075,Spring,3312000,19.59888585868773,2.0660095,33.46866,23.014020602230207,20.58847117794486,26.0250626566416,21.707769423558894,22.986967418546364,24.426065162907268,4.609184555591852,17.923339371980678,0.27753623188405796,2.4630132850241546,0.0,0.0
South Carolina,Columbia,ssp126,SSP1-2.6,2051-2075,Summer,3312000,29.34592690867586,16.597229,36.933197,21.296310435055016,19.948872180451126,23.466666666666665,20.90827067669173,21.228070175438596,21.86766917293233,-3.198588931568109,92.68106884057971,20.97590579710145,0.0,0.0,0.0
South Carolina,Columbia,ssp126,SSP1-2.6,2051-2075,Winter,3247201,10.254505109818881,-6.8976135,25.835785,24.60311902026216,21.86766917293233,27.304260651629072,23.466666666666665,24.5859649122807,25.5453634085213,11.832359183009816,0.0008622810845401932,0.0,32.31275181302297,0.0,0.0
South Dakota,Pierre,ssp126,SSP1-2.6,2051-2075,Fall,3276000,13.63342135139408,-15.355469,33.80963,24.01467327200785,20.428571428571427,28.743358395989976,21.86766917293233,24.1062656641604,26.0250626566416,9.157605781853869,10.584615384615384,0.64993894993895,29.93876678876679,0.0,0.0
South Dakota,Pierre,ssp126,SSP1-2.6,2051-2075,Spring,3312000,10.704198676872277,-20.897095,30.421112,24.516485188212094,21.068170426065162,29.54285714285714,22.827067669172934,24.426065162907268,26.18496240601504,11.438569037327701,1.1235507246376812,0.0,36.874033816425126,0.0,0.0
South Dakota,Pierre,ssp126,SSP1-2.6,2051-2075,Summer,3312000,27.3907914177891,12.28833,40.15155,21.643397028803893,19.30927318295739,24.266165413533837,20.58847117794486,21.54786967418546,22.667167919799496,-1.6209225963459417,65.87865338164252,22.338677536231884,0.0,0.0,0.0
South Dakota,Pierre,ssp126,SSP1-2.6,2051-2075,Winter,3247201,-2.161270817471049,-23.27031,13.652954,26.6164607975594,24.1062656641604,29.86265664160401,25.38546365914787,26.504761904761903,27.943859649122807,20.9839127161791,0.0,0.0,97.74612042802401,0.0,0.0
Tennessee,Nashville,ssp126,SSP1-2.6,2051-2075,Fall,3276000,19.441637312698422,-2.0752869,33.799805,23.035664311266572,20.428571428571427,26.66466165413534,21.54786967418546,22.986967418546364,24.5859649122807,4.707565051211692,23.734920634920634,1.299053724053724,5.21486568986569,0.0,0.0
Tennessee,Nashville,ssp126,SSP1-2.6,2051-2075,Spring,3312000,17.41719346633128,-3.915985,31.30069,23.389087962357582,20.90827067669173,26.824561403508774,22.027568922305765,23.306766917293235,24.74586466165414,6.314036192534464,8.565640096618358,0.02738526570048309,6.753200483091787,0.0,0.0
Tennessee,Nashville,ssp126,SSP1-2.6,2051-2075,Summer,3312000,28.503756449272856,13.529633,37.249847,21.44766225860545,19.788972431077692,24.1062656641604,20.90827067669173,21.38796992481203,22.187468671679195,-2.51062609724795,82.37699275362318,18.746195652173913,0.0,0.0,0.0
Tennessee,Nashville,ssp126,SSP1-2.6,2051-2075,Winter,3247201,7.077120992109838,-12.20816,22.142487,25.12802479724047,22.507268170426066,28.263659147869674,24.1062656641604,25.065664160401,26.18496240601504,14.218294532911232,0.0,0.0,53.25774413102238,0.0,0.0
Texas,Austin,ssp126,SSP1-2.6,2051-2075,Fall,3276000,24.296794410265182,8.028107,35.870697,22.191910819478487,20.10877192982456,24.90576441102757,20.90827067669173,22.027568922305765,23.6265664160401,0.8723219067203948,45.449114774114776,10.703601953601954,0.0,0.0,0.0
Texas,Austin,ssp126,SSP1-2.6,2051-2075,Spring,3312000,22.31238117456335,6.407318,32.41446,22.54397786026055,20.748370927318295,25.225563909774436,21.54786967418546,22.507268170426066,23.786466165413536,2.472626637547958,30.23786231884058,0.5384661835748792,0.196225845410628,0.0,0.0
Texas,Austin,ssp126,SSP1-2.6,2051-2075,Summer,3312000,31.201703536365255,22.064484,36.715607,20.958360818108066,19.948872180451126,22.667167919799496,20.58847117794486,20.90827067669173,21.54786967418546,-4.734723554054248,99.02756642512077,58.23049516908213,0.0,0.0,0.0
Texas,Austin,ssp126,SSP1-2.6,2051-2075,Winter,3247201,13.585136032950208,-3.9311218,25.174652,24.047379517017138,22.027568922305765,26.984461152882204,22.986967418546364,24.1062656641604,25.065664160401,9.30627053189608,0.0,0.0,10.182492552817026,0.0,0.0
Utah,Salt Lake City,ssp126,SSP1-2.6,2051-2075,Fall,3276000,12.913210229313602,-7.348419,28.11557,24.14956345105743,21.54786967418546,27.464160401002506,22.507268170426066,24.1062656641604,25.705263157894738,9.770742959351947,0.5896825396825397,0.0,28.900335775335773,0.0,0.0
Utah,Salt Lake City,ssp126,SSP1-2.6,2051-2075,Spring,3312000,10.25985441869551,-4.717804,25.568207,24.60250434949088,22.027568922305765,26.984461152882204,23.306766917293235,24.74586466165414,25.5453634085213,11.82956522495854,0.0,0.0,41.8618961352657,0.0,0.0
Utah,Salt Lake City,ssp126,SSP1-2.6,2051-2075,Summer,3312000,24.235638916819223,9.712982,31.520172,22.211211370515663,20.90827067669173,24.74586466165414,21.54786967418546,22.187468671679195,22.986967418546364,0.9600516841621048,35.54565217391305,0.041908212560386474,0.0,0.0,0.0
Utah,Salt Lake City,ssp126,SSP1-2.6,2051-2075,Winter,3247201,1.815891780259403,-16.357697,14.091949,25.986956084165612,23.946365914786966,28.743358395989976,25.38546365914787,25.86516290726817,26.824561403508774,18.12252765529824,0.0,0.0,98.05466307752431,0.0,0.0
Vermont,Montpelier,ssp126,SSP1-2.6,2051-2075,Fall,3276000,10.796160254656126,-9.758575,28.445099,24.503757454227756,21.38796992481203,27.783959899749373,22.827067669172934,24.426065162907268,26.18496240601504,11.380715701035255,0.6875763125763126,0.0,35.4029304029304,0.0,0.0
Vermont,Montpelier,ssp126,SSP1-2.6,2051-2075,Spring,3312000,8.0464211004495,-15.440155,26.7128,24.959396631221765,21.707769423558894,28.743358395989976,23.306766917293235,25.065664160401,26.504761904761903,13.451802869189839,0.05555555555555555,0.0,50.77768719806763,0.0,0.0
Vermont,Montpelier,ssp126,SSP1-2.6,2051-2075,Summer,3312000,21.386967380118435,10.851166,33.62082,22.710538264592646,20.58847117794486,24.5859649122807,21.86766917293233,22.667167919799496,23.6265664160401,3.2297193845120282,13.23191425120773,0.34006642512077295,0.0,0.0,0.0
Vermont,Montpelier,ssp126,SSP1-2.6,2051-2075,Winter,3247201,-2.376940212777023,-25.215637,14.860443,26.653184054447813,23.786466165413536,30.18245614035088,25.705263157894738,26.504761904761903,27.783959899749373,21.150836611126422,0.0,0.0,99.10981796322432,0.0,0.0
Virginia,Richmond,ssp126,SSP1-2.6,2051-2075,Fall,3276000,19.324858741641442,0.9506230877083333,32.64981,23.057864849088524,20.748370927318295,26.18496240601504,21.54786967418546,22.986967418546364,24.5859649122807,4.8084765867660195,20.483394383394383,1.2164835164835166,4.978357753357753,0.0,0.0
Virginia,Richmond,ssp126,SSP1-2.6,2051-2075,Spring,3312000,17.09573501233448,-4.5122986,33.81961,23.44336885798433,20.428571428571427,26.984461152882204,22.027568922305765,23.466666666666665,24.90576441102757,6.560767536292402,8.106612318840579,0.0753623188405797,7.672765700483092,0.0,0.0
Virginia,Richmond,ssp126,SSP1-2.6,2051-2075,Summer,3312000,28.52027948995737,16.697968,37.211853,21.443911856331653,19.788972431077692,23.466666666666665,20.748370927318295,21.38796992481203,22.347368421052632,-2.5276733803106697,80.66947463768116,21.895471014492752,0.0,0.0,0.0
Virginia,Richmond,ssp126,SSP1-2.6,2051-2075,Winter,3247201,7.3832300363331225,-13.956085,23.196564,25.078103512072794,22.347368421052632,28.423558897243108,23.946365914786966,25.065664160401,26.18496240601504,13.99137960033088,0.0,0.0,54.08587272546418,0.0,0.0
Washington,Olympia,ssp126,SSP1-2.6,2051-2075,Fall,3276000,14.944892007055504,-2.0205383,28.020416,23.816691757323714,21.54786967418546,26.66466165413534,22.667167919799496,23.946365914786966,24.74586466165414,8.257689806016879,0.9867216117216117,0.0,5.737912087912088,0.0,0.0
Washington,Olympia,ssp126,SSP1-2.6,2051-2075,Spring,3312000,13.354372030640622,3.8669739,26.696503,24.090918667744237,21.707769423558894,25.705263157894738,23.466666666666665,24.1062656641604,24.74586466165414,9.504175762473805,0.06986714975845411,0.0,3.5633756038647344,0.0,0.0
Washington,Olympia,ssp126,SSP1-2.6,2051-2075,Summer,3312000,20.565409272706077,10.662201,32.038116,22.8557222160171,20.748370927318295,24.5859649122807,22.187468671679195,22.827067669172934,23.466666666666665,3.8896464364413608,4.058846618357488,0.066243961352657,0.0,0.0,0.0
Washington,Olympia,ssp126,SSP1-2.6,2051-2075,Winter,3247201,8.460163892651867,-7.1662292,17.467499,24.904796503751836,23.466666666666665,27.464160401002506,24.266165413533837,24.90576441102757,25.5453634085213,13.203620471599253,0.0,0.0,43.02862680813415,0.0,0.0
West Virginia,Charleston,ssp126,SSP1-2.6,2051-2075,Fall,3276000,17.53153187153197,-2.8552856,32.01761,23.365805702136914,20.748370927318295,26.66466165413534,21.86766917293233,23.466666666666665,24.90576441102757,6.208207736985972,12.947619047619046,0.30323565323565327,8.92051282051282,0.0,0.0
West Virginia,Charleston,ssp126,SSP1-2.6,2051-2075,Spring,3312000,15.533853680178273,-6.929474,33.276093,23.7099931929764,20.58847117794486,27.304260651629072,22.347368421052632,23.6265664160401,25.065664160401,7.772696331710901,3.1082125603864736,0.04169685990338164,12.221286231884058,0.0,0.0
West Virginia,Charleston,ssp126,SSP1-2.6,2051-2075,Summer,3312000,26.62686303436565,13.70694,35.47934,21.783640502827115,20.10877192982456,24.1062656641604,21.068170426065162,21.707769423558894,22.667167919799496,-0.9834522598767492,66.10009057971014,8.188556763285023,0.0,0.0,0.0
West Virginia,Charleston,ssp126,SSP1-2.6,2051-2075,Winter,3247201,5.145228561139811,-14.663971,22.86435,25.44372009535084,22.507268170426066,28.58345864661654,24.266165413533837,25.5453634085213,26.504761904761903,15.653273160685641,0.0,0.0,69.35474582571267,0.0,0.0
Wisconsin,Madison,ssp126,SSP1-2.6,2051-2075,Fall,3276000,13.14013792255748,-11.326782,32.04947,24.105917555182216,20.748370927318295,28.103759398496244,22.347368421052632,24.1062656641604,26.18496240601504,9.572352523555528,5.16984126984127,0.20418192918192918,25.028235653235654,0.0,0.0
Wisconsin,Madison,ssp126,SSP1-2.6,2051-2075,Spring,3312000,10.545952871899244,-13.352966,29.700409,24.542969453222423,21.228070175438596,28.423558897243108,22.827067669172934,24.426065162907268,26.344862155388473,11.558952060101921,0.7758454106280194,0.0,37.38354468599034,0.0,0.0
Wisconsin,Madison,ssp126,SSP1-2.6,2051-2075,Summer,3312000,24.801127984639123,11.21817,36.822296,22.109033982298737,19.948872180451126,24.426065162907268,21.228070175438596,22.027568922305765,22.986967418546364,0.49560901044880334,42.82333937198068,5.6444142512077295,0.0,0.0,0.0
Wisconsin,Madison,ssp126,SSP1-2.6,2051-2075,Winter,3247201,-1.8714723288287256,-23.291733,17.59488,26.57259986466277,23.306766917293235,29.86265664160401,25.705263157894738,26.504761904761903,27.624060150375943,20.784544839376228,0.0,0.0,95.60858721095491,0.0,0.0
Wyoming,Cheyenne,ssp126,SSP1-2.6,2051-2075,Fall,3276000,11.234494768601836,-12.882721,25.610657,24.432704175120346,22.027568922305765,28.263659147869674,22.986967418546364,24.426065162907268,25.86516290726817,11.057746250547028,0.0,0.0,37.468711843711844,0.0,0.0
Wyoming,Cheyenne,ssp126,SSP1-2.6,2051-2075,Spring,3312000,8.487294272751807,-8.986023,25.656158,24.89518790197112,22.027568922305765,27.624060150375943,23.6265664160401,24.90576441102757,26.0250626566416,13.159945008959637,0.0,0.0,49.980193236714975,0.0,0.0
Wyoming,Cheyenne,ssp126,SSP1-2.6,2051-2075,Summer,3312000,22.15513289573155,9.4062195,29.720612,22.577304212372724,21.228070175438596,24.74586466165414,21.86766917293233,22.507268170426066,23.306766917293235,2.6241100562396533,13.103502415458937,0.0,0.0,0.0,0.0
Wyoming,Cheyenne,ssp126,SSP1-2.6,2051-2075,Winter,3247201,1.026019460768241,-18.063416,14.006317,26.112853166245536,23.946365914786966,29.06315789473684,25.225563909774436,26.0250626566416,26.984461152882204,18.69478711929789,0.0,0.0,96.1204742176416,0.0,0.0
Alabama,Montgomery,ssp245,SSP2-4.5,2026-2050,Fall,3276000,21.626689742926587,2.366516,32.773223,22.659584884066085,20.748370927318295,25.86516290726817,21.38796992481203,22.507268170426066,24.1062656641604,2.998113109391295,30.652136752136748,0.5616605616605617,1.973199023199023,0.0,0.0
Alabama,Montgomery,ssp245,SSP2-4.5,2026-2050,Spring,3312000,20.291841224862786,3.6696472,33.665985,22.89491228312327,20.428571428571427,25.705263157894738,21.707769423558894,22.827067669172934,24.266165413533837,4.067783105105766,16.023792270531402,0.4995169082125604,1.5931763285024154,0.0,0.0
Alabama,Montgomery,ssp245,SSP2-4.5,2026-2050,Summer,3312000,29.27917775740807,18.276001,37.374542,21.308964675275146,19.788972431077692,23.306766917293235,20.90827067669173,21.228070175438596,21.707769423558894,-3.1410696578402475,94.56681763285025,17.02122584541063,0.0,0.0,0.0
Alabama,Montgomery,ssp245,SSP2-4.5,2026-2050,Winter,3247201,11.54985571840906,-11.676086,25.606964,24.386880380332084,22.027568922305765,28.103759398496244,23.146867167919797,24.426065162907268,25.5453634085213,10.849456274236745,0.0,0.0,24.815587331982222,0.0,0.0
Alaska,Juneau,ssp245,SSP2-4.5,2026-2050,Fall,3276000,5.288341834664538,-20.173965,18.125153,25.42128422919324,23.306766917293235,29.382957393483707,24.426065162907268,25.38546365914787,26.504761904761903,15.551291950878365,0.0,0.0,63.83134920634921,0.0,0.0
Alaska,Juneau,ssp245,SSP2-4.5,2026-2050,Spring,3312000,3.3626272682123655,-22.07837,25.239716,25.734853108616946,22.027568922305765,29.70275689223058,24.90576441102757,25.705263157894738,26.66466165413534,16.976605039167936,0.0,0.0,86.55307971014493,0.0,0.0
Alaska,Juneau,ssp245,SSP2-4.5,2026-2050,Summer,3312000,13.365535391866375,2.578888,27.980011,24.087613831529303,21.54786967418546,25.86516290726817,23.306766917293235,24.1062656641604,24.74586466165414,9.48915377967865,0.30854468599033813,0.0,5.074788647342995,0.0,0.0
Alaska,Juneau,ssp245,SSP2-4.5,2026-2050,Winter,3247201,-4.819758553157567,-30.492676,6.5304565,27.0341755710136,25.225563909774436,30.981954887218045,25.86516290726817,26.824561403508774,28.423558897243108,22.882616231879993,0.0,0.0,100.0,0.0,0.0
Arizona,Phoenix,ssp245,SSP2-4.5,2026-2050,Fall,3276000,25.424775337394774,6.293152,38.108673,21.98915325156603,19.62907268170426,25.225563909774436,20.58847117794486,22.027568922305765,23.466666666666665,-0.049303401972590095,48.508485958485956,20.877655677655678,0.0955128205128205,0.0,0.0
Arizona,Phoenix,ssp245,SSP2-4.5,2026-2050,Spring,3312000,22.711512836369483,5.9322205,35.60687160416666,22.474019643916552,20.10877192982456,25.38546365914787,21.38796992481203,22.507268170426066,23.6265664160401,2.1546347450752377,28.847252415458936,4.078260869565217,0.07041062801932367,0.0,0.0
Arizona,Phoenix,ssp245,SSP2-4.5,2026-2050,Summer,3312000,34.202121076051924,20.094269,41.105377,20.40026835219086,19.14937343358396,22.986967418546364,19.788972431077692,20.268671679197993,21.228070175438596,-7.271507490041546,98.78547705314008,85.24909420289855,0.0,0.0,0.0
Arizona,Phoenix,ssp245,SSP2-4.5,2026-2050,Winter,3247201,14.050890375099895,1.8935242,24.692047,23.972223900384932,22.187468671679195,26.0250626566416,23.306766917293235,23.946365914786966,24.74586466165414,8.964654092658785,0.0,0.0,4.930430854141767,0.0,0.0
Arkansas,Little Rock,ssp245,SSP2-4.5,2026-2050,Fall,3276000,20.36254740764587,-0.84487915,34.168793,22.876162993411484,20.428571428571427,26.344862155388473,21.38796992481203,22.827067669172934,24.426065162907268,3.982559060961289,25.493467643467643,2.4133394383394386,5.0717338217338215,0.0,0.0
Arkansas,Little Rock,ssp245,SSP2-4.5,2026-2050,Spring,3312000,19.10001214066405,-1.8647156,33.196564,23.100169392381922,20.58847117794486,26.504761904761903,21.86766917293233,22.986967418546364,24.426065162907268,5.000769965372371,12.394323671497585,0.41337560386473426,3.2760265700483093,0.0,0.0
Arkansas,Little Rock,ssp245,SSP2-4.5,2026-2050,Summer,3312000,29.644998372710894,18.07254,39.074432,21.240073905627593,19.469172932330824,23.306766917293235,20.58847117794486,21.228070175438596,21.86766917293233,-3.4542095198745764,90.12276570048309,31.618236714975843,0.0,0.0,0.0
Arkansas,Little Rock,ssp245,SSP2-4.5,2026-2050,Winter,3247201,8.702904033196015,-13.11911,24.397125,24.859619914231605,22.187468671679195,28.263659147869674,23.786466165413536,24.74586466165414,26.0250626566416,12.998272337416383,0.0,0.0,41.48985541701915,0.0,0.0
California,Sacramento,ssp245,SSP2-4.5,2026-2050,Fall,3276000,20.096505327009794,4.8612976,32.894897,22.929986781667232,20.58847117794486,25.5453634085213,21.707769423558894,22.827067669172934,24.266165413533837,4.227212643941963,15.508730158730158,0.49117826617826615,1.2593711843711843,0.0,0.0
California,Sacramento,ssp245,SSP2-4.5,2026-2050,Spring,3312000,17.369297411456014,6.205597,30.621613,23.40458563725135,21.068170426065162,25.225563909774436,22.347368421052632,23.466666666666665,24.266165413533837,6.384480169324323,3.866274154589372,0.0,0.35778985507246375,0.0,0.0
California,Sacramento,ssp245,SSP2-4.5,2026-2050,Summer,3312000,26.56338151975883,13.828278,36.998077,21.796166900493983,19.948872180451126,23.946365914786966,21.228070175438596,21.707769423558894,22.507268170426066,-0.9265140886637142,62.791304347826085,4.995984299516908,0.0,0.0,0.0
California,Sacramento,ssp245,SSP2-4.5,2026-2050,Winter,3247201,10.329409723146698,-2.2660828,19.339752,24.59712603150115,23.146867167919797,26.66466165413534,23.946365914786966,24.5859649122807,25.225563909774436,11.805118325005234,0.0,0.0,18.68116571779819,0.0,0.0
Colorado,Denver,ssp245,SSP2-4.5,2026-2050,Fall,3276000,12.752206835778708,-8.661736179166667,27.026917,24.179836729797625,21.707769423558894,27.624060150375943,22.827067669172934,24.266165413533837,25.5453634085213,9.908348771807386,0.1709096459096459,0.0,24.228632478632477,0.0,0.0
Colorado,Denver,ssp245,SSP2-4.5,2026-2050,Spring,3312000,10.47107445543648,-9.15506,25.58725,24.566050296483958,22.027568922305765,27.783959899749373,23.306766917293235,24.74586466165414,25.5453634085213,11.66386498401799,0.0,0.0,35.681370772946856,0.0,0.0
Colorado,Denver,ssp245,SSP2-4.5,2026-2050,Summer,3312000,23.0013899011784,11.746796,31.638031,22.43034065205282,20.90827067669173,24.426065162907268,21.86766917293233,22.347368421052632,23.146867167919797,1.9560938729673631,16.520531400966185,0.04643719806763285,0.0,0.0,0.0
Colorado,Denver,ssp245,SSP2-4.5,2026-2050,Winter,3247201,1.6712955814784591,-21.001526,13.434021,26.00711722438659,24.1062656641604,29.54285714285714,25.065664160401,26.0250626566416,26.984461152882204,18.214169201757226,0.0,0.0,90.75329799418022,0.0,0.0
Connecticut,Hartford,ssp245,SSP2-4.5,2026-2050,Fall,3276000,14.866649945768229,-4.4306946,32.391815,23.822231239117325,20.748370927318295,26.984461152882204,22.347368421052632,23.786466165413536,25.225563909774436,8.282869268715116,4.930982905982906,0.06016483516483517,15.94993894993895,0.0,0.0
Connecticut,Hartford,ssp245,SSP2-4.5,2026-2050,Spring,3312000,11.472052339701147,-8.635773,26.504425,24.39508801426876,21.86766917293233,27.624060150375943,22.986967418546364,24.266165413533837,25.705263157894738,10.886763701221644,0.012771739130434782,0.0,32.57690217391304,0.0,0.0
Connecticut,Hartford,ssp245,SSP2-4.5,2026-2050,Summer,3312000,24.431790578303286,13.9894255,33.69992,22.17708817499666,20.428571428571427,23.946365914786966,21.38796992481203,22.187468671679195,22.986967418546364,0.8049462499848109,35.97327898550724,0.6274758454106281,0.0,0.0,0.0
Connecticut,Hartford,ssp245,SSP2-4.5,2026-2050,Winter,3247201,1.5904331705260595,-16.260193,20.026825,26.021995105576156,22.986967418546364,28.743358395989976,25.225563909774436,26.0250626566416,26.984461152882204,18.281795934437074,0.0,0.0,93.71329338713556,0.0,0.0
Delaware,Dover,ssp245,SSP2-4.5,2026-2050,Fall,3276000,17.53984359031395,-0.577301,33.28488,23.36475859306385,20.58847117794486,26.344862155388473,21.86766917293233,23.306766917293235,24.90576441102757,6.20344815029023,12.301343101343102,0.4569291819291819,8.56401098901099,0.0,0.0
Delaware,Dover,ssp245,SSP2-4.5,2026-2050,Spring,3312000,14.678313129005993,-8.542755,29.318481,23.856338590134758,21.228070175438596,27.624060150375943,22.507268170426066,23.786466165413536,25.225563909774436,8.43790268243072,1.907336956521739,0.0,16.905555555555555,0.0,0.0
Delaware,Dover,ssp245,SSP2-4.5,2026-2050,Summer,3312000,26.733253727106426,15.551346,36.610687,21.765423276942354,19.948872180451126,23.786466165413536,21.068170426065162,21.707769423558894,22.667167919799496,-1.0662578320802105,62.92095410628019,9.645652173913044,0.0,0.0,0.0
Delaware,Dover,ssp245,SSP2-4.5,2026-2050,Winter,3247201,4.700556903668207,-12.900269,22.044891,25.51727336650317,22.667167919799496,28.263659147869674,24.426065162907268,25.5453634085213,26.66466165413534,15.987606211378038,0.0,0.0,71.63991388275626,0.0,0.0
Florida,Tallahassee,ssp245,SSP2-4.5,2026-2050,Fall,3276000,23.37067832099076,5.31839,34.23114,22.356884554946593,20.428571428571427,25.38546365914787,21.228070175438596,22.187468671679195,23.786466165413536,1.622202522484512,40.290140415140414,1.1292735042735043,0.3276862026862027,0.0,0.0
Florida,Tallahassee,ssp245,SSP2-4.5,2026-2050,Spring,3312000,21.791510042341915,5.420807,34.725616,22.636159534706348,20.268671679197993,25.38546365914787,21.54786967418546,22.507268170426066,23.786466165413536,2.891634248665217,22.392270531400964,0.4918780193236715,0.6726751207729469,0.0,0.0
Florida,Tallahassee,ssp245,SSP2-4.5,2026-2050,Summer,3312000,29.392145969924673,20.444214,36.022858,21.290141018003958,20.10877192982456,22.827067669172934,20.90827067669173,21.228070175438596,21.54786967418546,-3.226631736345647,97.85519323671498,12.992874396135266,0.0,0.0,0.0
Florida,Tallahassee,ssp245,SSP2-4.5,2026-2050,Winter,3247201,14.46116253754172,-3.5255127,27.690033,23.898321254887815,21.54786967418546,26.824561403508774,22.827067669172934,23.946365914786966,25.065664160401,8.628732976762796,0.12543110204757882,0.0,10.062235137276689,0.0,0.0
Georgia,Atlanta,ssp245,SSP2-4.5,2026-2050,Fall,3276000,19.994663906757072,0.82876587,30.815887,22.942728683124173,21.068170426065162,26.18496240601504,21.54786967418546,22.827067669172934,24.426065162907268,4.28513037783715,22.759218559218557,0.0,3.8115384615384613,0.0,0.0
Georgia,Atlanta,ssp245,SSP2-4.5,2026-2050,Spring,3312000,18.744876318566646,1.5322876,32.182404,23.163338097356927,20.748370927318295,26.0250626566416,22.027568922305765,23.146867167919797,24.426065162907268,5.287900442531488,8.902777777777777,0.1783514492753623,3.7046497584541065,0.0,0.0
Georgia,Atlanta,ssp245,SSP2-4.5,2026-2050,Summer,3312000,28.098610496187813,16.216888,35.524536,21.52247820229923,20.10877192982456,23.6265664160401,21.068170426065162,21.54786967418546,22.027568922305765,-2.1705536259125937,87.11702898550725,7.9061896135265695,0.0,0.0,0.0
Georgia,Atlanta,ssp245,SSP2-4.5,2026-2050,Winter,3247201,9.55937902920081,-13.962677,25.071564,24.71829127018225,22.027568922305765,28.423558897243108,23.6265664160401,24.74586466165414,25.86516290726817,12.355869409919313,0.0,0.0,37.39793132608668,0.0,0.0
Hawaii,Honolulu,ssp245,SSP2-4.5,2026-2050,Fall,3276000,25.537733316724204,22.180756,28.223907,21.98393513117347,21.54786967418546,22.507268170426066,21.707769423558894,22.027568922305765,22.187468671679195,-0.07302213102967738,43.41523199023199,0.0,0.0,0.0,0.0
Hawaii,Honolulu,ssp245,SSP2-4.5,2026-2050,Spring,3312000,23.43277473785582,18.4747,26.70944795,22.356395659892495,21.707769423558894,23.146867167919797,22.027568922305765,22.347368421052632,22.667167919799496,1.619980272238615,2.2717089371980674,0.0,0.0,0.0,0.0
Hawaii,Honolulu,ssp245,SSP2-4.5,2026-2050,Summer,3312000,26.014122146423837,22.8237,27.818115,21.9005900787597,21.54786967418546,22.507268170426066,21.707769423558894,21.86766917293233,22.027568922305765,-0.45186327836500667,64.45561594202898,0.0,0.0,0.0,0.0
Hawaii,Honolulu,ssp245,SSP2-4.5,2026-2050,Winter,3247201,22.535817061784215,18.328857,26.03543,22.514361479093274,21.86766917293233,23.306766917293235,22.187468671679195,22.507268170426066,22.827067669172934,2.338006723151248,0.05010469016238909,0.0,0.0,0.0,0.0
Idaho,Boise,ssp245,SSP2-4.5,2026-2050,Fall,3276000,12.694603022975494,-12.939056,30.137482,24.186171219868957,21.228070175438596,28.263659147869674,22.667167919799496,24.266165413533837,25.705263157894738,9.937141908495258,1.2131562881562883,0.0,28.31080586080586,0.0,0.0
Idaho,Boise,ssp245,SSP2-4.5,2026-2050,Spring,3312000,10.943111958846547,-11.538269,27.76529,24.488213637959618,21.54786967418546,28.103759398496244,23.306766917293235,24.5859649122807,25.5453634085213,11.310061990725535,0.19006642512077296,0.0,29.611986714975846,0.0,0.0
Idaho,Boise,ssp245,SSP2-4.5,2026-2050,Summer,3312000,24.13730759995256,5.157593,34.595,22.224494298699653,20.268671679197993,25.38546365914787,21.38796992481203,22.027568922305765,23.306766917293235,1.0204286304529702,44.401871980676326,1.1079408212560387,0.22632850241545893,0.0,0.0
Idaho,Boise,ssp245,SSP2-4.5,2026-2050,Winter,3247201,1.4722291234003595,-18.091629,12.629059,26.04131567919169,24.266165413533837,29.06315789473684,25.225563909774436,26.0250626566416,26.984461152882204,18.369616723598593,0.0,0.0,95.53985109021585,0.0,0.0
Illinois,Springfield,ssp245,SSP2-4.5,2026-2050,Fall,3276000,15.754849766259543,-4.369995,32.67801,23.665371195693734,20.748370927318295,26.984461152882204,21.86766917293233,23.6265664160401,25.38546365914787,7.569869071335153,10.6984126984127,0.21385836385836385,14.811996336996335,0.0,0.0
Illinois,Springfield,ssp245,SSP2-4.5,2026-2050,Spring,3312000,13.851768424227611,-12.8003235,29.258942,23.99161628860799,21.38796992481203,28.263659147869674,22.507268170426066,23.786466165413536,25.5453634085213,9.052801311854498,1.405163043478261,0.0,22.64417270531401,0.0,0.0
Illinois,Springfield,ssp245,SSP2-4.5,2026-2050,Summer,3312000,26.15484300901615,14.355316,35.551605,21.868655028271164,20.10877192982456,23.946365914786966,21.228070175438596,21.86766917293233,22.667167919799496,-0.5970225987674382,57.539824879227055,4.972463768115942,0.0,0.0,0.0
Illinois,Springfield,ssp245,SSP2-4.5,2026-2050,Winter,3247201,0.558218088299177,-24.581238,18.29541,26.182029581969676,23.306766917293235,30.022556390977442,24.90576441102757,26.18496240601504,27.464160401002506,19.009225372589437,0.0,0.0,88.50018831602972,0.0,0.0
Indiana,Indianapolis,ssp245,SSP2-4.5,2026-2050,Fall,3276000,15.569527779887846,-4.1288757,32.641663,23.697812346036034,20.748370927318295,26.984461152882204,22.027568922305765,23.6265664160401,25.38546365914787,7.717328845618337,9.858089133089134,0.0786019536019536,15.48992673992674,0.0,0.0
Indiana,Indianapolis,ssp245,SSP2-4.5,2026-2050,Spring,3312000,13.326889225096648,-15.331512,28.967682,24.080534984653653,21.38796992481203,28.743358395989976,22.667167919799496,23.946365914786966,25.705263157894738,9.45697720297115,1.2173611111111111,0.0,24.265428743961355,0.0,0.0
Indiana,Indianapolis,ssp245,SSP2-4.5,2026-2050,Summer,3312000,25.64116134061403,13.804993,35.917328,21.960165915543687,20.10877192982456,23.946365914786966,21.228070175438596,21.86766917293233,22.827067669172934,-0.1810640202559681,50.892330917874396,4.628743961352657,0.0,0.0,0.0
Indiana,Indianapolis,ssp245,SSP2-4.5,2026-2050,Winter,3247201,0.9146118446868614,-23.500702,18.163727,26.12536490414522,23.306766917293235,29.86265664160401,24.90576441102757,26.18496240601504,27.464160401002506,18.75165865520554,0.0,0.0,87.66044972269964,0.0,0.0
Iowa,Des Moines,ssp245,SSP2-4.5,2026-2050,Fall,3276000,14.063292820404076,-8.450714,31.990448,23.950225570642118,20.748370927318295,27.624060150375943,22.027568922305765,23.946365914786966,25.86516290726817,8.8646616847369,8.370970695970696,0.10299145299145299,22.4243894993895,0.0,0.0
Iowa,Des Moines,ssp245,SSP2-4.5,2026-2050,Spring,3312000,12.307654306585011,-14.220428,28.240631,24.249698442967315,21.54786967418546,28.423558897243108,22.667167919799496,24.1062656641604,25.86516290726817,10.225902013487795,0.6154589371980677,0.0,30.332397342995172,0.0,0.0
Iowa,Des Moines,ssp245,SSP2-4.5,2026-2050,Summer,3312000,25.826293810473928,14.69751,35.599762,21.927622357675585,20.10877192982456,23.946365914786966,21.228070175438596,21.86766917293233,22.667167919799496,-0.32898928329279703,51.944746376811594,4.994836956521739,0.0,0.0,0.0
Iowa,Des Moines,ssp245,SSP2-4.5,2026-2050,Winter,3247201,-2.3383820190008326,-26.358276,15.650726,26.643084895357013,23.6265664160401,30.34235588972431,25.38546365914787,26.504761904761903,28.103759398496244,21.10493134253188,0.0,0.0,96.48494195462493,0.0,0.0
Kansas,Topeka,ssp245,SSP2-4.5,2026-2050,Fall,3276000,16.726626748337186,-5.035309,35.249847,23.499370997548816,20.268671679197993,27.14436090225564,21.707769423558894,23.466666666666665,25.225563909774436,6.815322716130981,12.939224664224664,1.146123321123321,12.63913308913309,0.0,0.0
Kansas,Topeka,ssp245,SSP2-4.5,2026-2050,Spring,3312000,15.300920649241274,-9.407074,29.888641,23.74760439489424,21.228070175438596,27.783959899749373,22.347368421052632,23.6265664160401,25.225563909774436,7.943656340428359,3.4202596618357486,0.0,16.033091787439613,0.0,0.0
Kansas,Topeka,ssp245,SSP2-4.5,2026-2050,Summer,3312000,27.918072381565302,16.760284,37.024506,21.55236004731031,19.948872180451126,23.466666666666665,20.748370927318295,21.54786967418546,22.347368421052632,-2.034727057680415,76.91545893719807,16.608333333333334,0.0,0.0,0.0
Kansas,Topeka,ssp245,SSP2-4.5,2026-2050,Winter,3247201,1.5964605784084478,-21.619263,20.178345,26.01427794580617,22.986967418546364,29.54285714285714,24.90576441102757,25.86516290726817,27.464160401002506,18.246717935482597,0.0,0.0,86.33481573823117,0.0,0.0
Kentucky,Frankfort,ssp245,SSP2-4.5,2026-2050,Fall,3276000,16.576038389863413,-3.5147705,32.596283,23.528044497844125,20.748370927318295,26.824561403508774,21.86766917293233,23.6265664160401,25.065664160401,6.945656808382385,11.874023199023199,0.31892551892551896,11.53452380952381,0.0,0.0
Kentucky,Frankfort,ssp245,SSP2-4.5,2026-2050,Spring,3312000,14.501940932084946,-12.094238,29.332611,23.884314866574645,21.228070175438596,28.103759398496244,22.507268170426066,23.786466165413536,25.38546365914787,8.565067575339294,2.7528683574879227,0.0,17.984510869565216,0.0,0.0
Kentucky,Frankfort,ssp245,SSP2-4.5,2026-2050,Summer,3312000,25.976705567538872,12.728668,36.69937,21.900356022604832,19.948872180451126,24.266165413533837,21.068170426065162,21.86766917293233,22.827067669172934,-0.45292716997803567,56.735024154589375,6.446225845410628,0.0,0.0,0.0
Kentucky,Frankfort,ssp245,SSP2-4.5,2026-2050,Winter,3247201,3.49284443841378,-17.877182,21.743713,25.71108340455546,22.667167919799496,29.06315789473684,24.5859649122807,25.705263157894738,26.984461152882204,16.868560929797543,0.0,0.0,77.10471264328879,0.0,0.0
Louisiana,Baton Rouge,ssp245,SSP2-4.5,2026-2050,Fall,3276000,23.369668364348705,6.2555237,33.294661500000004,22.356329640340164,20.58847117794486,25.225563909774436,21.228070175438596,22.347368421052632,23.6265664160401,1.6196801833643804,39.369566544566545,2.0146520146520146,0.2878510378510378,0.0,0.0
Louisiana,Baton Rouge,ssp245,SSP2-4.5,2026-2050,Spring,3312000,22.188257376896402,7.600708,32.696503,22.566583735607136,20.748370927318295,25.065664160401,21.54786967418546,22.507268170426066,23.786466165413536,2.5753806163960715,26.36868961352657,0.7099033816425121,0.06023550724637681,0.0,0.0
Louisiana,Baton Rouge,ssp245,SSP2-4.5,2026-2050,Summer,3312000,30.054632892827144,21.40738,36.065155,21.16930663131258,20.10877192982456,22.667167919799496,20.748370927318295,21.228070175438596,21.54786967418546,-3.7758789485791833,98.70588768115942,22.58360507246377,0.0,0.0,0.0
Louisiana,Baton Rouge,ssp245,SSP2-4.5,2026-2050,Winter,3247201,14.242640943862527,-2.0857239,29.018158,23.936382770630132,21.38796992481203,26.66466165413534,22.986967418546364,23.946365914786966,24.90576441102757,8.8017398665006,0.6470803624413765,0.0,7.340968421726897,0.0,0.0
Maine,Augusta,ssp245,SSP2-4.5,2026-2050,Fall,3276000,11.386475460046471,-8.128632,28.772522,24.40806423874093,21.38796992481203,27.624060150375943,22.827067669172934,24.426065162907268,25.86516290726817,10.945746539731504,0.6790598290598291,0.0,32.197985347985345,0.0,0.0
Maine,Augusta,ssp245,SSP2-4.5,2026-2050,Spring,3312000,7.630220492148874,-14.232758,23.09555,25.03186607506084,22.347368421052632,28.423558897243108,23.6265664160401,25.065664160401,26.344862155388473,13.781209432094728,0.0,0.0,51.255132850241544,0.0,0.0
Maine,Augusta,ssp245,SSP2-4.5,2026-2050,Summer,3312000,21.692921522313366,10.5321505,33.021088,22.658155840537336,20.58847117794486,24.5859649122807,21.86766917293233,22.667167919799496,23.466666666666665,2.991617456987893,11.605102657004831,0.08152173913043478,0.0,0.0,0.0
Maine,Augusta,ssp245,SSP2-4.5,2026-2050,Winter,3247201,-2.7723799055528833,-22.569275,13.60611,26.716112652343362,24.1062656641604,29.70275689223058,25.705263157894738,26.66466165413534,27.783959899749373,21.43687569246983,0.0,0.0,98.87851106229643,0.0,0.0
Maryland,Annapolis,ssp245,SSP2-4.5,2026-2050,Fall,3276000,17.985549698062144,-0.48684692,33.412323,23.287342709643458,20.58847117794486,26.344862155388473,21.707769423558894,23.306766917293235,24.90576441102757,5.851557771106625,14.418009768009767,0.8652319902319903,8.042673992673993,0.0,0.0
Maryland,Annapolis,ssp245,SSP2-4.5,2026-2050,Spring,3312000,15.283028099407495,-10.011597,30.932617,23.752579439994925,21.068170426065162,27.783959899749373,22.347368421052632,23.6265664160401,25.225563909774436,7.966270181795113,3.5029891304347824,0.0,14.697946859903382,0.0,0.0
Maryland,Annapolis,ssp245,SSP2-4.5,2026-2050,Summer,3312000,27.33229210862507,15.321166999999999,36.818634,21.657613815940824,19.948872180451126,23.786466165413536,20.90827067669173,21.54786967418546,22.507268170426066,-1.5563008366326192,67.71515700483091,14.509239130434784,0.0,0.0,0.0
Maryland,Annapolis,ssp245,SSP2-4.5,2026-2050,Winter,3247201,5.131290264388334,-12.907074,23.191406,25.4457043643569,22.347368421052632,28.263659147869674,24.266165413533837,25.38546365914787,26.66466165413534,15.662292565258634,0.0,0.0,68.71114538336246,0.0,0.0
Massachusetts,Boston,ssp245,SSP2-4.5,2026-2050,Fall,3276000,14.441089308147886,-4.2251587,29.638031,23.896185458915912,21.228070175438596,26.984461152882204,22.507268170426066,23.946365914786966,25.225563909774436,8.619024813254148,2.434310134310134,0.0,16.110775335775333,0.0,0.0
Massachusetts,Boston,ssp245,SSP2-4.5,2026-2050,Spring,3312000,10.737579759603301,-7.826477,24.669403,24.51953100807574,22.187468671679195,27.464160401002506,23.146867167919797,24.426065162907268,25.86516290726817,11.452413673071552,0.0,0.0,34.62723429951691,0.0,0.0
Massachusetts,Boston,ssp245,SSP2-4.5,2026-2050,Summer,3312000,23.862162274859266,13.930557,30.940613,22.27844554593004,21.068170426065162,23.946365914786966,21.707769423558894,22.187468671679195,22.986967418546364,1.2656615724092741,26.477928743961353,0.0,0.0,0.0,0.0
Massachusetts,Boston,ssp245,SSP2-4.5,2026-2050,Winter,3247201,1.3373146965014802,-15.475616,15.701019,26.062944979538145,23.6265664160401,28.743358395989976,25.225563909774436,26.0250626566416,26.984461152882204,18.467931725173383,0.0,0.0,94.82748373137358,0.0,0.0
Michigan,Lansing,ssp245,SSP2-4.5,2026-2050,Fall,3276000,13.335448650903224,-7.54953,31.338501,24.076108795952024,20.90827067669173,27.464160401002506,22.347368421052632,24.1062656641604,25.86516290726817,9.436858163418291,5.2685592185592185,0.055067155067155066,23.103357753357752,0.0,0.0
Michigan,Lansing,ssp245,SSP2-4.5,2026-2050,Spring,3312000,10.106272609891533,-15.511169,27.741272,24.61770901968084,21.54786967418546,28.743358395989976,22.986967418546364,24.5859649122807,26.344862155388473,11.898677362185643,0.24522946859903383,0.0,38.557820048309175,0.0,0.0
Michigan,Lansing,ssp245,SSP2-4.5,2026-2050,Summer,3312000,23.627663066742457,11.453949,37.296844,22.315643673495334,19.788972431077692,24.426065162907268,21.38796992481203,22.347368421052632,23.306766917293235,1.4347439704333358,32.54595410628019,2.8651268115942026,0.0,0.0,0.0
Michigan,Lansing,ssp245,SSP2-4.5,2026-2050,Winter,3247201,-1.2209991539635408,-20.857544,17.148346,26.4693615431199,23.466666666666665,29.54285714285714,25.5453634085213,26.504761904761903,27.624060150375943,20.315279741454084,0.0,0.0,95.16328062229594,0.0,0.0
Minnesota,Saint Paul,ssp245,SSP2-4.5,2026-2050,Fall,3276000,12.051370805784869,-10.246216,31.624786,24.28606810019556,20.90827067669173,27.943859649122807,22.347368421052632,24.266165413533837,26.344862155388473,10.391218637252548,5.8618437118437114,0.08855311355311356,32.43547008547009,0.0,0.0
Minnesota,Saint Paul,ssp245,SSP2-4.5,2026-2050,Spring,3312000,9.689841517343064,-18.49556,27.925781,24.682509406971537,21.54786967418546,29.06315789473684,22.827067669172934,24.5859649122807,26.504761904761903,12.193224577143349,0.32179951690821257,0.0,41.41675724637681,0.0,0.0
Minnesota,Saint Paul,ssp245,SSP2-4.5,2026-2050,Summer,3312000,24.63618668973007,13.035614,36.074158,22.138069980809515,20.10877192982456,24.1062656641604,21.228070175438596,22.187468671679195,22.986967418546364,0.6275908218614326,38.69510869565217,4.762349033816425,0.0,0.0,0.0
Minnesota,Saint Paul,ssp245,SSP2-4.5,2026-2050,Winter,3247201,-5.14197313236566,-28.515152,15.285675,27.084639014255462,23.786466165413536,30.662155388471177,25.86516290726817,26.984461152882204,28.423558897243108,23.111995519343008,0.0,0.0,99.14384727031064,0.0,0.0
Mississippi,Jackson,ssp245,SSP2-4.5,2026-2050,Fall,3276000,21.46832484934579,1.8867493,33.67343,22.68629326720342,20.428571428571427,26.0250626566416,21.38796992481203,22.667167919799496,24.1062656641604,3.119514850924642,31.454517704517706,1.7971001221001222,2.436874236874237,0.0,0.0
Mississippi,Jackson,ssp245,SSP2-4.5,2026-2050,Spring,3312000,20.055710704924213,2.4848328,33.526093,22.93631936604798,20.58847117794486,25.86516290726817,21.707769423558894,22.827067669172934,24.266165413533837,4.255997118399903,15.457065217391305,0.7450181159420289,1.6265700483091787,0.0,0.0
Mississippi,Jackson,ssp245,SSP2-4.5,2026-2050,Summer,3312000,29.48198807644731,18.700592,38.439392,21.270349078917096,19.62907268170426,23.146867167919797,20.748370927318295,21.228070175438596,21.707769423558894,-3.31659509583138,93.83638285024155,21.42518115942029,0.0,0.0,0.0
Mississippi,Jackson,ssp245,SSP2-4.5,2026-2050,Winter,3247201,11.06779434343834,-10.806793,26.361816,24.46718723730388,21.86766917293233,27.943859649122807,23.306766917293235,24.426065162907268,25.5453634085213,11.214487442290357,0.015490263768704184,0.0,27.11119514929935,0.0,0.0
Missouri,Jefferson City,ssp245,SSP2-4.5,2026-2050,Fall,3276000,16.71726604542047,-4.1088867,34.92978,23.502222933554886,20.268671679197993,26.984461152882204,21.707769423558894,23.466666666666665,25.065664160401,6.82828606161312,12.530982905982906,0.8612332112332113,11.632142857142858,0.0,0.0
Missouri,Jefferson City,ssp245,SSP2-4.5,2026-2050,Spring,3312000,15.100774476554514,-7.7213135,28.971375,23.78302093412881,21.38796992481203,27.464160401002506,22.347368421052632,23.6265664160401,25.38546365914787,8.10464060967641,2.6729166666666666,0.0,15.93804347826087,0.0,0.0
Missouri,Jefferson City,ssp245,SSP2-4.5,2026-2050,Summer,3312000,26.928278710367906,14.917755,35.333008,21.72978277184506,20.268671679197993,23.786466165413536,20.90827067669173,21.707769423558894,22.507268170426066,-1.228260127977004,65.75812198067634,10.071799516908213,0.0,0.0,0.0
Missouri,Jefferson City,ssp245,SSP2-4.5,2026-2050,Winter,3247201,2.424632885363834,-18.884857,19.454742,25.883025513920938,22.986967418546364,29.223057644110277,24.74586466165414,25.86516290726817,27.14436090225564,17.6501159723679,0.0,0.0,82.74341502112127,0.0,0.0
Montana,Helena,ssp245,SSP2-4.5,2026-2050,Fall,3276000,10.643669076197442,-12.7482605,28.650177,24.528106876776803,21.38796992481203,28.263659147869674,22.986967418546364,24.5859649122807,26.18496240601504,11.491394894440015,0.41407203907203904,0.0,39.51865079365079,0.0,0.0
Montana,Helena,ssp245,SSP2-4.5,2026-2050,Spring,3312000,8.839137887351258,-19.574554,26.285248,24.836730349575646,21.86766917293233,29.382957393483707,23.466666666666665,24.90576441102757,25.86516290726817,12.894228861707482,0.012047101449275363,0.0,49.81675724637682,0.0,0.0
Montana,Helena,ssp245,SSP2-4.5,2026-2050,Summer,3312000,22.366562949780153,8.718933,32.31314,22.537343806981216,20.748370927318295,24.90576441102757,21.707769423558894,22.507268170426066,23.6265664160401,2.442471849914618,23.0068538647343,0.06419082125603864,0.0,0.0,0.0
Montana,Helena,ssp245,SSP2-4.5,2026-2050,Winter,3247201,-1.12022733317604,-26.708542,10.841461,26.450742032583573,24.5859649122807,30.34235588972431,25.38546365914787,26.18496240601504,27.783959899749373,20.230645602652604,0.0,0.0,98.6449252756451,0.0,0.0
Nebraska,Lincoln,ssp245,SSP2-4.5,2026-2050,Fall,3276000,14.553205936929393,-10.583557,33.532776,23.86680270854178,20.58847117794486,27.943859649122807,22.027568922305765,23.946365914786966,25.5453634085213,8.48546685700809,9.304090354090354,0.3138278388278388,21.73366910866911,0.0,0.0
Nebraska,Lincoln,ssp245,SSP2-4.5,2026-2050,Spring,3312000,12.86956616801458,-14.468323,28.970795,24.155906232368363,21.38796992481203,28.58345864661654,22.507268170426066,24.1062656641604,25.86516290726817,9.799573783492557,1.4486413043478261,0.0,27.665247584541063,0.0,0.0
Nebraska,Lincoln,ssp245,SSP2-4.5,2026-2050,Summer,3312000,26.55729614875778,13.836395,36.19812,21.79713440984708,20.10877192982456,23.946365914786966,21.068170426065162,21.707769423558894,22.667167919799496,-0.9221163188769149,62.52521135265701,8.799486714975846,0.0,0.0,0.0
Nebraska,Lincoln,ssp245,SSP2-4.5,2026-2050,Winter,3247201,-1.550521048526252,-25.820892,16.705109,26.51708327180647,23.466666666666665,30.18245614035088,25.38546365914787,26.344862155388473,28.103759398496244,20.532196690029412,0.0,0.0,96.6671912209931,0.0,0.0
Nevada,Carson City,ssp245,SSP2-4.5,2026-2050,Fall,3276000,11.493315385978924,-8.59671,24.876373,24.39451102665087,22.027568922305765,27.624060150375943,23.146867167919797,24.426065162907268,25.705263157894738,10.884141030231232,0.0,0.0,29.209920634920632,0.0,0.0
Nevada,Carson City,ssp245,SSP2-4.5,2026-2050,Spring,3312000,8.290179337202364,-3.7616882,22.603119,24.929080276022187,22.507268170426066,26.824561403508774,23.786466165413536,25.065664160401,25.86516290726817,13.314001254646305,0.0,0.0,52.51757246376811,0.0,0.0
Nevada,Carson City,ssp245,SSP2-4.5,2026-2050,Summer,3312000,19.814869323318412,3.585205,29.645844,22.984203547516127,21.228070175438596,25.705263157894738,22.187468671679195,22.986967418546364,23.786466165413536,4.4736524887096705,3.201479468599034,0.0,0.5337862318840579,0.0,0.0
Nevada,Carson City,ssp245,SSP2-4.5,2026-2050,Winter,3247201,2.0365549376435297,-13.227753,12.503693,25.95308553404859,24.266165413533837,28.423558897243108,25.38546365914787,25.86516290726817,26.66466165413534,17.968570609311772,0.0,0.0,98.18536025333819,0.0,0.0
New Hampshire,Concord,ssp245,SSP2-4.5,2026-2050,Fall,3276000,12.558206117894004,-6.5558167,30.717926,24.209974025417644,21.068170426065162,27.304260651629072,22.667167919799496,24.266165413533837,25.705263157894738,10.045336479171109,2.4786630036630037,0.0,26.882264957264958,0.0,0.0
New Hampshire,Concord,ssp245,SSP2-4.5,2026-2050,Spring,3312000,9.532096784622544,-9.907684,26.425293,24.71724048224425,21.86766917293233,27.783959899749373,23.306766917293235,24.74586466165414,26.18496240601504,12.351093101110228,0.011322463768115942,0.0,42.56536835748792,0.0,0.0
New Hampshire,Concord,ssp245,SSP2-4.5,2026-2050,Summer,3312000,22.854957824413614,11.390549,33.590057,22.454274680208982,20.58847117794486,24.426065162907268,21.707769423558894,22.507268170426066,23.306766917293235,2.0648849100408286,21.297675120772947,0.42817028985507244,0.0,0.0,0.0
New Hampshire,Concord,ssp245,SSP2-4.5,2026-2050,Winter,3247201,-0.8456835243683514,-19.204254,16.529999,26.410384051450972,23.6265664160401,29.223057644110277,25.38546365914787,26.344862155388473,27.464160401002506,20.047200233868054,0.0,0.0,97.21523244172442,0.0,0.0
New Jersey,Trenton,ssp245,SSP2-4.5,2026-2050,Fall,3276000,16.481781723725554,-2.056244,31.940033,23.54686737310308,20.748370927318295,26.66466165413534,22.027568922305765,23.6265664160401,25.065664160401,7.031215332286727,8.29313186813187,0.15201465201465203,11.10558608058608,0.0,0.0
New Jersey,Trenton,ssp245,SSP2-4.5,2026-2050,Spring,3312000,13.272573239819648,-8.563263,27.664703,24.09384716985701,21.54786967418546,27.624060150375943,22.827067669172934,23.946365914786966,25.5453634085213,9.517487135713685,0.2564613526570048,0.0,22.870199275362317,0.0,0.0
New Jersey,Trenton,ssp245,SSP2-4.5,2026-2050,Summer,3312000,25.79241019247569,14.764694,34.92572,21.935063103259353,20.268671679197993,23.786466165413536,21.228070175438596,21.86766917293233,22.667167919799496,-0.2951677124574882,52.53740942028986,3.6070954106280197,0.0,0.0,0.0
New Jersey,Trenton,ssp245,SSP2-4.5,2026-2050,Winter,3247201,3.437864004688094,-14.323273,19.800903,25.72266854949584,22.986967418546364,28.58345864661654,24.74586466165414,25.705263157894738,26.66466165413534,16.921220679526545,0.0,0.0,82.89104986109575,0.0,0.0
New Mexico,Santa Fe,ssp245,SSP2-4.5,2026-2050,Fall,3276000,11.791605071476424,-9.2846985,26.591827,24.34467975356584,21.86766917293233,27.783959899749373,23.146867167919797,24.266165413533837,25.5453634085213,10.657635243481083,0.024603174603174606,0.0,28.219108669108667,0.0,0.0
New Mexico,Santa Fe,ssp245,SSP2-4.5,2026-2050,Spring,3312000,9.878789644343437,-8.713928,24.160858,24.665971659523205,22.187468671679195,27.624060150375943,23.466666666666665,24.74586466165414,25.705263157894738,12.11805299783275,0.0,0.0,39.399094202898546,0.0,0.0
New Mexico,Santa Fe,ssp245,SSP2-4.5,2026-2050,Summer,3312000,20.55101094803823,9.69577,28.59079,22.859322277765656,21.38796992481203,24.74586466165414,22.187468671679195,22.827067669172934,23.466666666666665,3.9060103534802564,2.7045289855072463,0.0,0.0,0.0,0.0
New Mexico,Santa Fe,ssp245,SSP2-4.5,2026-2050,Winter,3247201,1.0213758835232571,-19.859055,14.46579,26.11315472628607,23.946365914786966,29.382957393483707,25.225563909774436,26.0250626566416,26.984461152882204,18.69615784675486,0.0,0.0,96.47256206191118,0.0,0.0
New York,Albany,ssp245,SSP2-4.5,2026-2050,Fall,3276000,13.746505259730938,-5.6097717,33.072845,24.00864628145454,20.58847117794486,27.14436090225564,22.347368421052632,24.1062656641604,25.705263157894738,9.130210370247903,5.21523199023199,0.13357753357753357,21.976770451770452,0.0,0.0
New York,Albany,ssp245,SSP2-4.5,2026-2050,Spring,3312000,10.775209884698457,-10.168854,27.849884,24.508653335179748,21.54786967418546,27.943859649122807,22.986967418546364,24.426065162907268,26.0250626566416,11.402969705362489,0.17572463768115942,0.0,36.086865942028986,0.0,0.0
New York,Albany,ssp245,SSP2-4.5,2026-2050,Summer,3312000,24.126649041033065,12.408951,37.15927,22.228243397442885,19.788972431077692,24.266165413533837,21.38796992481203,22.187468671679195,23.146867167919797,1.037469988376749,34.80507246376811,3.5502717391304346,0.0,0.0,0.0
New York,Albany,ssp245,SSP2-4.5,2026-2050,Winter,3247201,-0.09471828825181014,-19.92633,18.690582,26.2905407231696,23.146867167919797,29.382957393483707,25.38546365914787,26.18496240601504,27.304260651629072,19.502457832589084,0.0,0.0,95.68964163290168,0.0,0.0
North Carolina,Raleigh,ssp245,SSP2-4.5,2026-2050,Fall,3276000,18.818314570971108,-1.2166748,32.158173,23.145642978171917,20.748370927318295,26.504761904761903,21.707769423558894,23.146867167919797,24.74586466165414,5.2074680825996245,17.28452380952381,0.23287545787545788,6.315659340659341,0.0,0.0
North Carolina,Raleigh,ssp245,SSP2-4.5,2026-2050,Spring,3312000,17.28391730367346,-6.6748962,33.437042,23.411834232773966,20.58847117794486,27.304260651629072,22.027568922305765,23.306766917293235,24.90576441102757,6.417428330790755,7.353321256038647,0.19704106280193237,7.697101449275362,0.0,0.0
North Carolina,Raleigh,ssp245,SSP2-4.5,2026-2050,Summer,3312000,27.815307102760872,15.537994,36.755463,21.57143036153185,19.948872180451126,23.786466165413536,20.90827067669173,21.54786967418546,22.347368421052632,-1.9480438112188672,77.56591183574879,12.740519323671498,0.0,0.0,0.0
North Carolina,Raleigh,ssp245,SSP2-4.5,2026-2050,Winter,3247201,7.755801927602854,-13.276489,24.566864,25.015080959807975,22.187468671679195,28.423558897243108,23.786466165413536,24.90576441102757,26.18496240601504,13.704913453672612,0.0,0.0,49.89044410863387,0.0,0.0
North Dakota,Bismarck,ssp245,SSP2-4.5,2026-2050,Fall,3276000,9.473880980738388,-15.339203,31.486725,24.713068520201606,20.90827067669173,28.743358395989976,22.667167919799496,24.74586466165414,26.824561403508774,12.332129637280028,2.1156898656898657,0.06938339438339439,44.01169108669109,0.0,0.0
North Dakota,Bismarck,ssp245,SSP2-4.5,2026-2050,Spring,3312000,7.434289466695723,-24.601257,26.695679,25.056701084232326,21.707769423558894,30.022556390977442,23.306766917293235,25.065664160401,26.824561403508774,13.894095837419664,0.03152173913043478,0.0,50.683393719806766,0.0,0.0
North Dakota,Bismarck,ssp245,SSP2-4.5,2026-2050,Summer,3312000,23.71545708064258,10.993195,34.540405,22.299702122304552,20.268671679197993,24.426065162907268,21.38796992481203,22.347368421052632,23.306766917293235,1.3622823741116008,33.86425120772947,2.3742149758454105,0.0,0.0,0.0
North Dakota,Bismarck,ssp245,SSP2-4.5,2026-2050,Winter,3247201,-7.6029035334813635,-35.61093,14.02005,27.465339656366744,23.946365914786966,31.62155388471178,26.0250626566416,27.304260651629072,29.06315789473684,24.8424529834852,0.0,0.0,99.88984359144999,0.0,0.0
Ohio,Columbus,ssp245,SSP2-4.5,2026-2050,Fall,3276000,15.297101574421244,-4.1231995,31.93512,23.745873446895622,20.748370927318295,26.984461152882204,22.027568922305765,23.786466165413536,25.5453634085213,7.935788394980102,8.632631257631257,0.09844322344322344,15.925946275946275,0.0,0.0
Ohio,Columbus,ssp245,SSP2-4.5,2026-2050,Spring,3312000,12.90506535995034,-18.071854,28.927216,24.152157326740756,21.38796992481203,29.06315789473684,22.667167919799496,24.1062656641604,25.705263157894738,9.782533303367073,0.9992149758454105,0.0,25.29224033816425,0.0,0.0
Ohio,Columbus,ssp245,SSP2-4.5,2026-2050,Summer,3312000,24.911022925843938,13.024932750000001,37.114105,22.09010966350055,19.788972431077692,24.1062656641604,21.228070175438596,22.027568922305765,22.986967418546364,0.4095893795479488,44.48109903381642,4.524033816425121,0.0,0.0,0.0
Ohio,Columbus,ssp245,SSP2-4.5,2026-2050,Winter,3247201,1.554340828091291,-19.10057,20.087128,26.02401778360111,22.986967418546364,29.223057644110277,24.74586466165414,26.0250626566416,27.14436090225564,18.29098992545959,0.0,0.0,85.84584077179085,0.0,0.0
Oklahoma,Oklahoma City,ssp245,SSP2-4.5,2026-2050,Fall,3276000,19.51404987768985,-1.5609436,35.305206,23.023754073982275,20.268671679197993,26.504761904761903,21.54786967418546,22.986967418546364,24.5859649122807,4.653427609010341,20.61025641025641,3.4519230769230766,5.841788766788767,0.0,0.0
Oklahoma,Oklahoma City,ssp245,SSP2-4.5,2026-2050,Spring,3312000,18.358276117869202,-5.0866394,32.441254,23.2277024778129,20.748370927318295,27.14436090225564,21.86766917293233,23.146867167919797,24.5859649122807,5.58046580824046,10.60582729468599,0.04580314009661836,5.13701690821256,0.0,0.0
Oklahoma,Oklahoma City,ssp245,SSP2-4.5,2026-2050,Summer,3312000,29.559547886263292,17.240631,39.2276,21.256003338811997,19.469172932330824,23.466666666666665,20.58847117794486,21.228070175438596,22.027568922305765,-3.3818030054000143,88.76859903381641,34.043659420289856,0.0,0.0,0.0
Oklahoma,Oklahoma City,ssp245,SSP2-4.5,2026-2050,Winter,3247201,6.770032111800421,-18.067062,22.632599,25.177671260953858,22.507268170426066,29.06315789473684,24.1062656641604,25.065664160401,26.344862155388473,14.44396027706299,0.0,0.0,57.57238310779037,0.0,0.0
Oregon,Salem,ssp245,SSP2-4.5,2026-2050,Fall,3276000,14.81180148958644,1.4717712,29.412048,23.836932547026915,21.228070175438596,26.0250626566416,22.667167919799496,23.946365914786966,24.90576441102757,8.349693395576887,0.8358363858363858,0.0,9.170299145299145,0.0,0.0
Oregon,Salem,ssp245,SSP2-4.5,2026-2050,Spring,3312000,12.493216994438779,-2.7303772,25.415863,24.23368162495611,22.027568922305765,26.66466165413534,23.466666666666665,24.266165413533837,24.90576441102757,10.15309829525504,0.0,0.0,9.256702898550724,0.0,0.0
Oregon,Salem,ssp245,SSP2-4.5,2026-2050,Summer,3312000,20.729996321477543,10.027222,31.75122,22.827366950134994,20.90827067669173,24.5859649122807,22.187468671679195,22.827067669172934,23.466666666666665,3.760758864249974,4.754559178743961,0.0527475845410628,0.0,0.0,0.0
Oregon,Salem,ssp245,SSP2-4.5,2026-2050,Winter,3247201,6.973407283897652,-10.495331,15.827667,25.150708326670483,23.6265664160401,27.943859649122807,24.5859649122807,25.065664160401,25.86516290726817,14.321401484865829,0.0,0.0,58.77665102960981,0.0,0.0
Pennsylvania,Harrisburg,ssp245,SSP2-4.5,2026-2050,Fall,3276000,15.084866357213064,-4.062744,32.584564,23.782024212852022,20.748370927318295,26.984461152882204,22.187468671679195,23.786466165413536,25.5453634085213,8.100110058418283,7.4293040293040296,0.3060744810744811,16.776556776556774,0.0,0.0
Pennsylvania,Harrisburg,ssp245,SSP2-4.5,2026-2050,Spring,3312000,12.373262074080298,-14.04245,28.656525,24.24202339983414,21.38796992481203,28.423558897243108,22.827067669172934,24.1062656641604,25.86516290726817,10.19101545379154,0.6730978260869565,0.0,27.108786231884057,0.0,0.0
Pennsylvania,Harrisburg,ssp245,SSP2-4.5,2026-2050,Summer,3312000,25.010614048213004,12.2657165,38.376923,22.071503164765776,19.62907268170426,24.266165413533837,21.228070175438596,22.027568922305765,22.986967418546364,0.32501438529898186,44.81286231884058,5.925332125603864,0.0,0.0,0.0
Pennsylvania,Harrisburg,ssp245,SSP2-4.5,2026-2050,Winter,3247201,1.6415167700262112,-16.980743,20.463959,26.01079621748715,22.827067669172934,28.90325814536341,24.90576441102757,26.0250626566416,27.14436090225564,18.23089189766887,0.0,0.0,87.79647456378585,0.0,0.0
Rhode Island,Providence,ssp245,SSP2-4.5,2026-2050,Fall,3276000,15.037187621485838,-3.6047058,30.5354,23.79561652130938,21.068170426065162,26.824561403508774,22.507268170426066,23.786466165413536,25.065664160401,8.161893278679,2.8479548229548226,0.0,13.332295482295484,0.0,0.0
Rhode Island,Providence,ssp245,SSP2-4.5,2026-2050,Spring,3312000,10.912124252672202,-7.663086,24.175781,24.491927879329964,22.187468671679195,27.464160401002506,23.306766917293235,24.426065162907268,25.705263157894738,11.32694490604529,0.0,0.0,33.396588164251206,0.0,0.0
Rhode Island,Providence,ssp245,SSP2-4.5,2026-2050,Summer,3312000,23.944974308818573,14.13122575,31.079163,22.264150933190468,20.90827067669173,23.946365914786966,21.707769423558894,22.187468671679195,22.986967418546364,1.2006860599566722,27.70754830917874,0.0006038647342995169,0.0,0.0,0.0
Rhode Island,Providence,ssp245,SSP2-4.5,2026-2050,Winter,3247201,2.1558574224352425,-14.290497,17.350128,25.931476964723874,23.466666666666665,28.58345864661654,25.065664160401,25.86516290726817,26.824561403508774,17.870349839653972,0.0,0.0,93.21668107394645,0.0,0.0
South Carolina,Columbia,ssp245,SSP2-4.5,2026-2050,Fall,3276000,20.376944087837245,1.1680603,31.339691,22.876829095938863,20.90827067669173,26.0250626566416,21.54786967418546,22.827067669172934,24.426065162907268,3.9855867997221046,24.32542735042735,0.04233821733821734,2.863797313797314,0.0,0.0
South Carolina,Columbia,ssp245,SSP2-4.5,2026-2050,Spring,3312000,19.25947172135059,-0.12484741,33.717407,23.07261290106304,20.428571428571427,26.344862155388473,21.86766917293233,22.986967418546364,24.426065162907268,4.875513186650176,13.241062801932369,0.20591787439613526,3.2560688405797102,0.0,0.0
South Carolina,Columbia,ssp245,SSP2-4.5,2026-2050,Summer,3312000,28.813474798029734,17.515686,36.208435,21.393160100734917,19.948872180451126,23.306766917293235,20.90827067669173,21.38796992481203,22.027568922305765,-2.758363178477649,89.68242753623188,15.396014492753624,0.0,0.0,0.0
South Carolina,Columbia,ssp245,SSP2-4.5,2026-2050,Winter,3247201,10.043575247211741,-11.618378,25.67691,24.637795815079294,22.027568922305765,28.103759398496244,23.466666666666665,24.5859649122807,25.705263157894738,11.989980977633152,0.0,0.0,34.19169309198907,0.0,0.0
South Dakota,Pierre,ssp245,SSP2-4.5,2026-2050,Fall,3276000,12.66900337366621,-13.154877,33.308624,24.180117579357447,20.58847117794486,28.263659147869674,22.187468671679195,24.266165413533837,26.18496240601504,9.909625360715667,7.5706959706959704,0.24493284493284492,33.50958485958486,0.0,0.0
South Dakota,Pierre,ssp245,SSP2-4.5,2026-2050,Spring,3312000,10.373962568900772,-22.935455,28.568878,24.57241456721515,21.38796992481203,29.86265664160401,22.827067669172934,24.5859649122807,26.18496240601504,11.692793487341598,0.8485507246376811,0.0,37.86123188405797,0.0,0.0
South Dakota,Pierre,ssp245,SSP2-4.5,2026-2050,Summer,3312000,26.496626408833873,11.148407,38.232025,21.80497900851162,19.62907268170426,24.426065162907268,20.90827067669173,21.707769423558894,22.827067669172934,-0.8864590522199123,59.052475845410626,13.824003623188405,0.0,0.0,0.0
South Dakota,Pierre,ssp245,SSP2-4.5,2026-2050,Winter,3247201,-3.808288717638578,-27.012054,13.433746,26.87260261644468,24.1062656641604,30.34235588972431,25.5453634085213,26.66466165413534,28.423558897243108,22.148193711112185,0.0,0.0,98.434097550475,0.0,0.0
Tennessee,Nashville,ssp245,SSP2-4.5,2026-2050,Fall,3276000,18.48332015855039,-1.7602539,32.871857,23.201748168804183,20.58847117794486,26.504761904761903,21.54786967418546,23.146867167919797,24.74586466165414,5.462491676382652,17.751007326007326,0.4931013431013431,6.7569291819291815,0.0,0.0
Tennessee,Nashville,ssp245,SSP2-4.5,2026-2050,Spring,3312000,16.848674557174977,-4.746277,32.486664,23.486745913545942,20.748370927318295,26.984461152882204,22.187468671679195,23.466666666666665,24.90576441102757,6.757935970663373,5.332065217391305,0.11364734299516908,8.065821256038648,0.0,0.0
Tennessee,Nashville,ssp245,SSP2-4.5,2026-2050,Summer,3312000,27.642027760036754,15.346527,38.295868,21.60313179037569,19.62907268170426,23.786466165413536,20.90827067669173,21.54786967418546,22.347368421052632,-1.803946407383221,75.07847222222223,11.031219806763284,0.0,0.0,0.0
Tennessee,Nashville,ssp245,SSP2-4.5,2026-2050,Winter,3247201,6.405381156341583,-13.912659,23.51123,25.237615133386214,22.347368421052632,28.423558897243108,24.1062656641604,25.225563909774436,26.504761904761903,14.716432424482791,0.0,0.0,57.91803463967891,0.0,0.0
Texas,Austin,ssp245,SSP2-4.5,2026-2050,Fall,3276000,23.44298088852979,5.1686707,35.952393,22.34243251688439,20.10877192982456,25.38546365914787,21.068170426065162,22.347368421052632,23.786466165413536,1.5565114403835911,38.86370573870574,8.331288156288156,0.7111111111111111,0.0,0.0
Texas,Austin,ssp245,SSP2-4.5,2026-2050,Spring,3312000,21.997328967704263,5.0449524,32.9245,22.599997231151548,20.58847117794486,25.5453634085213,21.54786967418546,22.507268170426066,23.786466165413536,2.7272601415979447,25.645682367149757,0.39381038647343,0.4365640096618358,0.0,0.0
Texas,Austin,ssp245,SSP2-4.5,2026-2050,Summer,3312000,30.759854078026116,22.355743,36.92038,21.038599593791243,19.948872180451126,22.507268170426066,20.58847117794486,21.068170426065162,21.54786967418546,-4.370001846403439,99.0730072463768,48.99719202898551,0.0,0.0,0.0
Texas,Austin,ssp245,SSP2-4.5,2026-2050,Winter,3247201,12.974130234933495,-9.652374,26.031097,24.14890927737025,21.86766917293233,27.783959899749373,23.146867167919797,24.1062656641604,25.225563909774436,9.76776944259205,0.052937899440164006,0.0,15.531068141454748,0.0,0.0
Utah,Salt Lake City,ssp245,SSP2-4.5,2026-2050,Fall,3276000,12.308724495206834,-11.754486,28.8270875,24.2522350996539,21.38796992481203,28.103759398496244,22.667167919799496,24.266165413533837,25.705263157894738,10.237432271154082,0.2905372405372405,0.0,30.494749694749697,0.0,0.0
Utah,Salt Lake City,ssp245,SSP2-4.5,2026-2050,Spring,3312000,10.009512029416596,-6.4807434,25.112366,24.641457705102138,22.027568922305765,27.304260651629072,23.146867167919797,24.90576441102757,25.705263157894738,12.006625932282443,0.0,0.0,43.63457125603865,0.0,0.0
Utah,Salt Lake City,ssp245,SSP2-4.5,2026-2050,Summer,3312000,23.6178830601924,8.657806,31.701965,22.319398131197563,20.90827067669173,24.90576441102757,21.707769423558894,22.187468671679195,23.146867167919797,1.4518096872616486,29.13275966183575,0.11669685990338165,0.0,0.0,0.0
Utah,Salt Lake City,ssp245,SSP2-4.5,2026-2050,Winter,3247201,0.29512639040819527,-20.384857,16.189545,26.229767708352767,23.6265664160401,29.382957393483707,25.38546365914787,26.18496240601504,27.304260651629072,19.22621685614894,0.0,0.0,98.41432667703663,0.0,0.0
Vermont,Montpelier,ssp245,SSP2-4.5,2026-2050,Fall,3276000,9.935731972856454,-10.49227665625,29.328125,24.646495069786805,21.228070175438596,27.943859649122807,22.986967418546364,24.74586466165414,26.18496240601504,12.02952304448548,1.0677350427350427,0.0,40.55274725274725,0.0,0.0
Vermont,Montpelier,ssp245,SSP2-4.5,2026-2050,Spring,3312000,6.611525641022807,-16.068878,24.921753,25.19572913670045,22.027568922305765,28.743358395989976,23.6265664160401,25.225563909774436,26.824561403508774,14.52604153045659,0.0,0.0,53.828049516908216,0.0,0.0
Vermont,Montpelier,ssp245,SSP2-4.5,2026-2050,Summer,3312000,20.41300401871709,9.3685455,33.862823,22.87984057305099,20.428571428571427,24.74586466165414,22.027568922305765,22.986967418546364,23.786466165413536,3.9992753320499603,8.334390096618357,0.2940217391304348,0.0,0.0,0.0
Vermont,Montpelier,ssp245,SSP2-4.5,2026-2050,Winter,3247201,-4.304436202607218,-26.296204,14.937561,26.95529639697045,23.786466165413536,30.34235588972431,25.86516290726817,26.824561403508774,28.103759398496244,22.524074531683862,0.0,0.0,99.29292951067704,0.0,0.0
Virginia,Richmond,ssp245,SSP2-4.5,2026-2050,Fall,3276000,18.45142223720514,-0.1252307025,33.680634,23.208217031283958,20.428571428571427,26.344862155388473,21.707769423558894,23.146867167919797,24.74586466165414,5.491895596745263,15.636263736263736,0.5956349206349206,6.904181929181929,0.0,0.0
Virginia,Richmond,ssp245,SSP2-4.5,2026-2050,Spring,3312000,16.312892335859658,-10.195923,33.080658,23.578482359885225,20.58847117794486,27.943859649122807,22.187468671679195,23.466666666666665,25.065664160401,7.174919817660114,4.525332125603865,0.06397946859903382,10.059842995169083,0.0,0.0
Virginia,Richmond,ssp245,SSP2-4.5,2026-2050,Summer,3312000,27.656371498268044,15.284744499999999,37.07016,21.59944893029675,19.788972431077692,23.786466165413536,20.90827067669173,21.54786967418546,22.507268170426066,-1.820686680469324,73.55386473429951,15.40048309178744,0.0,0.0,0.0
Virginia,Richmond,ssp245,SSP2-4.5,2026-2050,Winter,3247201,6.363607508464843,-13.193878,23.701889,25.243693114412093,22.347368421052632,28.263659147869674,24.1062656641604,25.225563909774436,26.504761904761903,14.744059610964058,0.0,0.0,59.03930800711136,0.0,0.0
Washington,Olympia,ssp245,SSP2-4.5,2026-2050,Fall,3276000,14.207845780262096,-4.5655823,27.894348,23.940258242217265,21.54786967418546,26.984461152882204,22.827067669172934,23.946365914786966,25.065664160401,8.819355646442114,0.4691086691086691,0.0,10.232509157509158,0.0,0.0
Washington,Olympia,ssp245,SSP2-4.5,2026-2050,Spring,3312000,12.641412967090174,-2.9546204,27.30716,24.208950077488407,21.707769423558894,26.824561403508774,23.306766917293235,24.266165413533837,24.90576441102757,10.040682170401848,0.08442028985507247,0.0,9.979166666666666,0.0,0.0
Washington,Olympia,ssp245,SSP2-4.5,2026-2050,Summer,3312000,19.986242686716743,10.913422,32.44644,22.955335125101396,20.748370927318295,24.426065162907268,22.187468671679195,22.986967418546364,23.6265664160401,4.342432386824526,4.138979468599034,0.09595410628019323,0.0,0.0,0.0
Washington,Olympia,ssp245,SSP2-4.5,2026-2050,Winter,3247201,7.322161206508908,-10.095947,17.134003,25.091916133896465,23.466666666666665,27.943859649122807,24.426065162907268,25.065664160401,25.86516290726817,14.054164244983932,0.0,0.0,53.78330445204963,0.0,0.0
West Virginia,Charleston,ssp245,SSP2-4.5,2026-2050,Fall,3276000,16.536602186943984,-2.5865173,35.053864,23.536582734461305,20.268671679197993,26.66466165413534,21.86766917293233,23.466666666666665,25.065664160401,6.984466974824115,10.189133089133088,0.22341269841269842,11.593650793650793,0.0,0.0
West Virginia,Charleston,ssp245,SSP2-4.5,2026-2050,Spring,3312000,14.689513778044459,-17.004852,30.679016,23.85364583393871,21.068170426065162,28.90325814536341,22.507268170426066,23.786466165413536,25.225563909774436,8.425662881539592,1.7967995169082127,0.0,15.43695652173913,0.0,0.0
West Virginia,Charleston,ssp245,SSP2-4.5,2026-2050,Summer,3312000,25.66270903280238,12.956543,35.80374,21.955602834380638,20.10877192982456,24.1062656641604,21.228070175438596,21.86766917293233,22.827067669172934,-0.20180529826982638,54.142089371980674,5.076781400966183,0.0,0.0,0.0
West Virginia,Charleston,ssp245,SSP2-4.5,2026-2050,Winter,3247201,4.135733366543721,-15.582855,24.527496,25.606770122907296,22.187468671679195,28.743358395989976,24.426065162907268,25.5453634085213,26.824561403508774,16.394409649578616,0.0,0.0,73.36059578695622,0.0,0.0
Wisconsin,Madison,ssp245,SSP2-4.5,2026-2050,Fall,3276000,12.199037614378437,-10.540253,32.214752,24.26490871669406,20.748370927318295,27.943859649122807,22.347368421052632,24.266165413533837,26.18496240601504,10.295039621336631,3.9550366300366298,0.028205128205128202,28.97765567765568,0.0,0.0
Wisconsin,Madison,ssp245,SSP2-4.5,2026-2050,Spring,3312000,9.632208172515227,-13.701111,26.829926,24.69544603053527,21.707769423558894,28.423558897243108,22.986967418546364,24.5859649122807,26.504761904761903,12.25202741152395,0.1641002415458937,0.0,40.97158816425121,0.0,0.0
Wisconsin,Madison,ssp245,SSP2-4.5,2026-2050,Summer,3312000,23.668873959800212,11.0582275,34.464203,22.309141663034392,20.428571428571427,24.426065162907268,21.38796992481203,22.347368421052632,23.146867167919797,1.4051893774290554,32.27189009661836,2.007336956521739,0.0,0.0,0.0
Wisconsin,Madison,ssp245,SSP2-4.5,2026-2050,Winter,3247201,-3.6433980384972697,-29.23761,16.326813,26.85085641480232,23.6265664160401,30.662155388471177,25.86516290726817,26.824561403508774,28.103759398496244,22.04934734001054,0.0,0.0,97.38417794278827,0.0,0.0
Wyoming,Cheyenne,ssp245,SSP2-4.5,2026-2050,Fall,3276000,10.560549494957371,-12.396271,25.178864,24.54454946171901,22.027568922305765,28.263659147869674,22.986967418546364,24.5859649122807,26.0250626566416,11.566133916904597,0.0,0.0,41.53366910866911,0.0,0.0
Wyoming,Cheyenne,ssp245,SSP2-4.5,2026-2050,Spring,3312000,8.300664971163235,-13.205292,23.693146,24.92485485755451,22.347368421052632,28.263659147869674,23.6265664160401,25.065664160401,26.0250626566416,13.294794807065957,0.0,0.0,51.14387077294686,0.0,0.0
Wyoming,Cheyenne,ssp245,SSP2-4.5,2026-2050,Summer,3312000,21.37020709674565,9.156708,29.778534,22.714878345471174,21.228070175438596,24.74586466165414,22.027568922305765,22.667167919799496,23.466666666666665,3.2494470248689726,5.851600241545894,0.0,0.0,0.0,0.0
Wyoming,Cheyenne,ssp245,SSP2-4.5,2026-2050,Winter,3247201,-0.5364203863553761,-20.613617,13.37973,26.36100339784517,24.1062656641604,29.382957393483707,25.38546365914787,26.344862155388473,27.464160401002506,19.822742717478047,0.0,0.0,97.79779570159039,0.0,0.0
Alabama,Montgomery,ssp245,SSP2-4.5,2051-2075,Fall,3276000,22.75184448580737,1.0693054,34.824066,22.461508825482515,20.268671679197993,26.18496240601504,21.228070175438596,22.347368421052632,23.946365914786966,2.0977673885568846,37.65873015873016,3.9977106227106227,0.658974358974359,0.0,0.0
Alabama,Montgomery,ssp245,SSP2-4.5,2051-2075,Spring,3312000,20.588161148199003,2.7388306,33.394165,22.841900446920445,20.58847117794486,25.86516290726817,21.707769423558894,22.827067669172934,24.266165413533837,3.826820213274748,20.3949577294686,1.2871678743961352,1.7329710144927537,0.0,0.0
Alabama,Montgomery,ssp245,SSP2-4.5,2051-2075,Summer,3312000,30.364995771299288,20.812714,38.60428,21.11055008762849,19.62907268170426,22.827067669172934,20.58847117794486,21.068170426065162,21.54786967418546,-4.04295414714323,96.55703502415459,36.245984299516905,0.0,0.0,0.0
Alabama,Montgomery,ssp245,SSP2-4.5,2051-2075,Winter,3247201,11.95140561393383,-8.425507,26.024445,24.31913652252746,21.86766917293233,27.624060150375943,23.146867167919797,24.266165413533837,25.38546365914787,10.541529647852098,0.021341456842369783,0.0,22.89578008875952,0.0,0.0
Alaska,Juneau,ssp245,SSP2-4.5,2051-2075,Fall,3276000,6.967914387303326,-13.617035,23.71228,25.146914758048975,22.347368421052632,28.423558897243108,24.1062656641604,25.225563909774436,26.0250626566416,14.304157991131705,0.0,0.0,56.68165445665445,0.0,0.0
Alaska,Juneau,ssp245,SSP2-4.5,2051-2075,Spring,3312000,4.448660822794371,-22.645355,23.041718,25.558159299062876,22.347368421052632,29.70275689223058,24.426065162907268,25.5453634085213,26.504761904761903,16.17345135937671,0.0,0.0,78.78357487922706,0.0,0.0
Alaska,Juneau,ssp245,SSP2-4.5,2051-2075,Summer,3312000,14.899998405904494,4.879425,26.743622,23.828023299190015,21.707769423558894,25.5453634085213,23.146867167919797,23.786466165413536,24.5859649122807,8.309196814500067,0.31234903381642515,0.0,1.1733997584541063,0.0,0.0
Alaska,Juneau,ssp245,SSP2-4.5,2051-2075,Winter,3247201,-2.691333680573099,-27.113861,6.558014,26.70071280243569,25.225563909774436,30.34235588972431,25.705263157894738,26.504761904761903,27.943859649122807,21.366876374707676,0.0,0.0,100.0,0.0,0.0
Arizona,Phoenix,ssp245,SSP2-4.5,2051-2075,Fall,3276000,27.085749865693227,8.951874,39.41385,21.689170730091405,19.469172932330824,24.90576441102757,20.268671679197993,21.54786967418546,23.306766917293235,-1.4128603177663412,59.53153235653236,33.801984126984124,0.0,0.0,0.0
Arizona,Phoenix,ssp245,SSP2-4.5,2051-2075,Spring,3312000,23.181561595217836,9.396637,36.71344,22.39112987329434,19.948872180451126,24.74586466165414,21.228070175438596,22.347368421052632,23.6265664160401,1.777863060428815,29.822041062801937,7.3254227053140095,0.0,0.0,0.0
Arizona,Phoenix,ssp245,SSP2-4.5,2051-2075,Summer,3312000,35.48854068085294,21.916412,43.123383,20.15915990383568,18.66967418546366,22.667167919799496,19.469172932330824,20.10877192982456,20.90827067669173,-8.367454982565095,99.68381642512078,90.64233091787439,0.0,0.0,0.0
Arizona,Phoenix,ssp245,SSP2-4.5,2051-2075,Winter,3247201,15.105943351520283,1.0133667,25.757294,23.794904577618812,21.86766917293233,26.18496240601504,23.146867167919797,23.786466165413536,24.426065162907268,8.1586571709946,0.00040034478925080405,0.0,1.7122438678726692,0.0,0.0
Arkansas,Little Rock,ssp245,SSP2-4.5,2051-2075,Fall,3276000,21.648987703416065,-1.561676,37.03531,22.652509710631893,19.948872180451126,26.504761904761903,21.068170426065162,22.667167919799496,24.266165413533837,2.9659532301449687,31.467979242979244,5.966941391941392,1.9243894993894994,0.0,0.0
Arkansas,Little Rock,ssp245,SSP2-4.5,2051-2075,Spring,3312000,19.605381180551362,-2.279541,32.733765,23.01148089017834,20.748370927318295,26.66466165413534,21.707769423558894,22.986967418546364,24.426065162907268,4.597640409901548,17.050483091787438,0.62512077294686,3.1532306763285023,0.0,0.0
Arkansas,Little Rock,ssp245,SSP2-4.5,2051-2075,Summer,3312000,30.971430985423083,19.648956,42.57309,20.998091029657473,18.82957393483709,22.986967418546364,20.428571428571427,20.90827067669173,21.707769423558894,-4.554131683375121,94.55392512077294,50.74731280193237,0.0,0.0,0.0
Arkansas,Little Rock,ssp245,SSP2-4.5,2051-2075,Winter,3247201,9.40669775595104,-12.78006,24.990082,24.742726447842433,22.027568922305765,28.263659147869674,23.466666666666665,24.74586466165414,26.0250626566416,12.466938399283785,0.0,0.0,38.298984263678165,0.0,0.0
California,Sacramento,ssp245,SSP2-4.5,2051-2075,Fall,3276000,21.53827689372092,4.8620605,33.622772,22.676037621373336,20.58847117794486,25.5453634085213,21.38796992481203,22.507268170426066,24.1062656641604,3.0728982789697086,28.84325396825397,1.7470695970695969,0.27032967032967037,0.0,0.0
California,Sacramento,ssp245,SSP2-4.5,2051-2075,Spring,3312000,17.746389799733848,8.45755,30.904877,23.34043580827067,21.068170426065162,24.90576441102757,22.347368421052632,23.466666666666665,24.266165413533837,6.092890037593952,4.795893719806763,0.0,0.0,0.0,0.0
California,Sacramento,ssp245,SSP2-4.5,2051-2075,Summer,3312000,27.736161040834006,16.80243,37.544464,21.586190189846594,19.788972431077692,23.466666666666665,20.90827067669173,21.54786967418546,22.187468671679195,-1.880953682515483,78.55486111111111,11.976449275362318,0.0,0.0,0.0
California,Sacramento,ssp245,SSP2-4.5,2051-2075,Winter,3247201,11.515995910378354,1.7402039,22.22879,24.39974001530658,22.507268170426066,26.0250626566416,23.786466165413536,24.426065162907268,24.90576441102757,10.907909160484456,0.0,0.0,9.343061917017149,0.0,0.0
Colorado,Denver,ssp245,SSP2-4.5,2051-2075,Fall,3276000,14.143954416547318,-8.470795,28.111267,23.944545420021356,21.54786967418546,27.624060150375943,22.507268170426066,23.946365914786966,25.38546365914787,8.838842818278891,0.779945054945055,0.0,18.896367521367523,0.0,0.0
Colorado,Denver,ssp245,SSP2-4.5,2051-2075,Spring,3312000,10.930042835072115,-8.545013,28.403503,24.489156090558527,21.54786967418546,27.624060150375943,23.146867167919797,24.5859649122807,25.5453634085213,11.314345866175124,0.08366545893719807,0.0,33.59891304347826,0.0,0.0
Colorado,Denver,ssp245,SSP2-4.5,2051-2075,Summer,3312000,24.13150749653504,13.085907,33.829285,22.230107397872704,20.428571428571427,24.1062656641604,21.54786967418546,22.187468671679195,22.986967418546364,1.0459427176032,31.27038043478261,0.3996376811594203,0.0,0.0,0.0
Colorado,Denver,ssp245,SSP2-4.5,2051-2075,Winter,3247201,3.4213209416387484,-13.9600525,14.263031,25.727184859207988,23.946365914786966,28.423558897243108,24.90576441102757,25.705263157894738,26.66466165413534,16.941749360036308,0.0,0.0,86.3974235041194,0.0,0.0
Connecticut,Hartford,ssp245,SSP2-4.5,2051-2075,Fall,3276000,15.719169251196544,-0.5141907,31.148285,23.677896968918034,20.90827067669173,26.344862155388473,22.187468671679195,23.6265664160401,25.225563909774436,7.6268044041728835,5.821764346764347,0.005402930402930403,13.252899877899878,0.0,0.0
Connecticut,Hartford,ssp245,SSP2-4.5,2051-2075,Spring,3312000,12.414615146471506,-5.39288335,28.12857,24.23832996667392,21.54786967418546,27.14436090225564,22.986967418546364,24.266165413533837,25.5453634085213,10.17422712124509,0.45999396135265697,0.0,27.325030193236717,0.0,0.0
Connecticut,Hartford,ssp245,SSP2-4.5,2051-2075,Summer,3312000,25.3306979087854,15.725616,35.713013,22.017709161944705,20.10877192982456,23.6265664160401,21.38796992481203,22.027568922305765,22.827067669172934,0.08049619065774878,47.11820652173913,1.7205012077294686,0.0,0.0,0.0
Connecticut,Hartford,ssp245,SSP2-4.5,2051-2075,Winter,3247201,3.5331088505311263,-11.820282,18.123383,25.709635679997728,23.306766917293235,28.103759398496244,24.90576441102757,25.705263157894738,26.504761904761903,16.861980363626035,0.0,0.0,87.80358838273331,0.0,0.0
Delaware,Dover,ssp245,SSP2-4.5,2051-2075,Fall,3276000,18.40712697297582,0.43215942,33.78946,23.21601834286571,20.428571428571427,26.18496240601504,21.707769423558894,23.306766917293235,24.74586466165414,5.527356103935042,15.655982905982906,0.6297313797313797,6.306410256410257,0.0,0.0
Delaware,Dover,ssp245,SSP2-4.5,2051-2075,Spring,3312000,15.47367878037231,-3.916504,31.407196,23.720190953985202,20.90827067669173,26.824561403508774,22.347368421052632,23.6265664160401,25.065664160401,7.81904979084183,4.008846618357488,0.009480676328502417,13.504468599033817,0.0,0.0
Delaware,Dover,ssp245,SSP2-4.5,2051-2075,Summer,3312000,27.735792196364336,16.415344,36.371704,21.584909253810853,19.948872180451126,23.6265664160401,20.90827067669173,21.54786967418546,22.347368421052632,-1.8867761190415777,73.72496980676328,14.698762077294687,0.0,0.0,0.0
Delaware,Dover,ssp245,SSP2-4.5,2051-2075,Winter,3247201,6.263645806654358,-8.215332,20.931976,25.262288742417454,22.827067669172934,27.624060150375943,24.1062656641604,25.38546365914787,26.344862155388473,14.828585192806607,0.0,0.0,63.296266538474214,0.0,0.0
Florida,Tallahassee,ssp245,SSP2-4.5,2051-2075,Fall,3276000,24.31524431165397,5.9165955,34.683167,22.190425401568632,20.268671679197993,25.38546365914787,21.228070175438596,22.027568922305765,23.466666666666665,0.8655700071301453,46.82344322344322,4.572924297924298,0.10674603174603174,0.0,0.0
Florida,Tallahassee,ssp245,SSP2-4.5,2051-2075,Spring,3312000,21.989582252257925,4.0784607,34.58188,22.600319348037978,20.268671679197993,25.705263157894738,21.54786967418546,22.507268170426066,23.946365914786966,2.728724309263536,25.946225845410627,1.3859903381642513,0.5916364734299516,0.0,0.0
Florida,Tallahassee,ssp245,SSP2-4.5,2051-2075,Summer,3312000,30.24154097454831,21.6456,36.482635,21.13440962142676,19.948872180451126,22.667167919799496,20.748370927318295,21.068170426065162,21.38796992481203,-3.9345017207874604,97.97789855072465,27.224094202898552,0.0,0.0,0.0
Florida,Tallahassee,ssp245,SSP2-4.5,2051-2075,Winter,3247201,14.681162996452667,-2.9999695,28.271667,23.860128459088685,21.54786967418546,26.824561403508774,22.667167919799496,23.786466165413536,24.90576441102757,8.455129359494022,0.13984351446060778,0.0,9.230472643978613,0.0,0.0
Georgia,Atlanta,ssp245,SSP2-4.5,2051-2075,Fall,3276000,21.04543800154159,-0.7776184,33.02591,22.760880057439078,20.58847117794486,26.344862155388473,21.38796992481203,22.667167919799496,24.266165413533837,3.4585457156321713,29.597161172161172,0.5094017094017094,2.4590048840048837,0.0,0.0
Georgia,Atlanta,ssp245,SSP2-4.5,2051-2075,Spring,3312000,18.96021470209825,-0.0095825195,33.419525,23.12442939973726,20.58847117794486,26.344862155388473,21.86766917293233,22.986967418546364,24.5859649122807,5.111042726078452,13.342693236714975,0.3238526570048309,3.9482487922705314,0.0,0.0
Georgia,Atlanta,ssp245,SSP2-4.5,2051-2075,Summer,3312000,29.177188146085832,18.515747,37.8555,21.327267209993586,19.788972431077692,23.146867167919797,20.90827067669173,21.228070175438596,21.86766917293233,-3.0578763182109725,92.53804347826087,17.964281400966183,0.0,0.0,0.0
Georgia,Atlanta,ssp245,SSP2-4.5,2051-2075,Winter,3247201,10.024189118064815,-11.4340515,24.990448,24.640052788119387,22.027568922305765,28.103759398496244,23.466666666666665,24.5859649122807,25.86516290726817,12.000239945997215,0.0,0.0,34.73440664744806,0.0,0.0
Hawaii,Honolulu,ssp245,SSP2-4.5,2051-2075,Fall,3276000,26.289538554703373,22.36206,28.778473,21.850727804248105,21.38796992481203,22.507268170426066,21.707769423558894,21.86766917293233,22.027568922305765,-0.6785099806904297,77.01941391941392,0.0,0.0,0.0,0.0
Hawaii,Honolulu,ssp245,SSP2-4.5,2051-2075,Spring,3312000,24.003026018594348,20.114594,27.21991,22.255430651659335,21.707769423558894,22.986967418546364,22.027568922305765,22.187468671679195,22.507268170426066,1.1610484166333408,4.660658212560387,0.0,0.0,0.0,0.0
Hawaii,Honolulu,ssp245,SSP2-4.5,2051-2075,Summer,3312000,26.631923031647855,23.576980499999998,28.417603,21.788719444141755,21.38796992481203,22.347368421052632,21.54786967418546,21.707769423558894,22.027568922305765,-0.9603661629920234,89.06621376811594,0.0,0.0,0.0,0.0
Hawaii,Honolulu,ssp245,SSP2-4.5,2051-2075,Winter,3247201,23.207023890714176,19.39746,26.251251,22.39792394745513,21.86766917293233,22.986967418546364,22.187468671679195,22.347368421052632,22.667167919799496,1.8087452157051362,0.4236879700394278,0.0,0.0,0.0,0.0
Idaho,Boise,ssp245,SSP2-4.5,2051-2075,Fall,3276000,14.287767181494697,-7.2843933,32.476776,23.914047227347982,20.748370927318295,27.464160401002506,22.187468671679195,23.946365914786966,25.705263157894738,8.700214669763556,5.158516483516483,0.06746031746031747,23.624420024420022,0.0,0.0
Idaho,Boise,ssp245,SSP2-4.5,2051-2075,Spring,3312000,11.719907857009321,-2.8589172,28.332184,24.35872829825167,21.54786967418546,26.66466165413534,23.146867167919797,24.5859649122807,25.225563909774436,10.721492264780318,0.44999999999999996,0.0,24.265640096618355,0.0,0.0
Idaho,Boise,ssp245,SSP2-4.5,2051-2075,Summer,3312000,25.932329831255238,8.124084,34.323822,21.90483365009746,20.428571428571427,24.90576441102757,21.068170426065162,21.707769423558894,23.146867167919797,-0.4325743177388249,62.02493961352658,5.111171497584541,0.0,0.0,0.0
Idaho,Boise,ssp245,SSP2-4.5,2051-2075,Winter,3247201,2.90611481729931,-13.611938,12.512573,25.81084034247566,24.266165413533837,28.423558897243108,25.065664160401,25.705263157894738,26.66466165413534,17.32200155670755,0.0,0.0,92.2238875881105,0.0,0.0
Illinois,Springfield,ssp245,SSP2-4.5,2051-2075,Fall,3276000,16.866179782856005,-5.6432495,33.20157,23.47600542702911,20.58847117794486,27.14436090225564,21.707769423558894,23.466666666666665,25.225563909774436,6.7091155774050515,13.60873015873016,0.4298534798534799,12.353174603174603,0.0,0.0
Illinois,Springfield,ssp245,SSP2-4.5,2051-2075,Spring,3312000,14.551994616862315,-8.955597,30.98288,23.872105226835206,21.068170426065162,27.624060150375943,22.347368421052632,23.786466165413536,25.5453634085213,8.509569212887302,3.7473128019323667,0.0,20.16262077294686,0.0,0.0
Illinois,Springfield,ssp245,SSP2-4.5,2051-2075,Summer,3312000,27.199031033240555,16.140839,38.055023,21.682781370243237,19.62907268170426,23.6265664160401,20.90827067669173,21.707769423558894,22.507268170426066,-1.4419028625307397,68.47883454106281,10.858303140096618,0.0,0.0,0.0
Illinois,Springfield,ssp245,SSP2-4.5,2051-2075,Winter,3247201,2.1050987180792204,-17.62172,23.115417,25.934019444804317,22.347368421052632,29.06315789473684,24.5859649122807,26.0250626566416,27.14436090225564,17.88190656729235,0.0,0.0,80.60557384652198,0.0,0.0
Indiana,Indianapolis,ssp245,SSP2-4.5,2051-2075,Fall,3276000,16.59259922963542,-4.674225,32.83438,23.524314089405454,20.58847117794486,26.984461152882204,21.86766917293233,23.466666666666665,25.225563909774436,6.928700406388427,12.229151404151404,0.23061660561660563,12.52167277167277,0.0,0.0
Indiana,Indianapolis,ssp245,SSP2-4.5,2051-2075,Spring,3312000,14.062469276030438,-8.7916565,31.262299,23.955407540741955,20.90827067669173,27.624060150375943,22.347368421052632,23.946365914786966,25.5453634085213,8.888216094281615,3.5223731884057976,0.004981884057971014,21.265489130434784,0.0,0.0
Indiana,Indianapolis,ssp245,SSP2-4.5,2051-2075,Summer,3312000,26.816661130727585,15.512299,37.492584,21.750789794534647,19.788972431077692,23.786466165413536,21.068170426065162,21.707769423558894,22.507268170426066,-1.1327736612061494,62.68001207729469,9.96322463768116,0.0,0.0,0.0
Indiana,Indianapolis,ssp245,SSP2-4.5,2051-2075,Winter,3247201,2.527321604022248,-16.444275,27.412384,25.8659071066301,21.707769423558894,28.90325814536341,24.426065162907268,26.0250626566416,26.984461152882204,17.57230503013682,0.01579822129889711,0.0,79.59959977839375,0.0,0.0
Iowa,Des Moines,ssp245,SSP2-4.5,2051-2075,Fall,3276000,15.493575345985668,-10.008636,33.144196,23.7052849259902,20.58847117794486,27.783959899749373,21.86766917293233,23.6265664160401,25.705263157894738,7.751295118137268,11.517429792429793,0.5304639804639805,19.961599511599513,0.0,0.0
Iowa,Des Moines,ssp245,SSP2-4.5,2051-2075,Spring,3312000,12.944883044489751,-13.361542,27.929413,24.14183785460027,21.54786967418546,28.423558897243108,22.507268170426066,23.946365914786966,25.86516290726817,9.735626611819402,1.6836654589371982,0.0,27.89667874396135,0.0,0.0
Iowa,Des Moines,ssp245,SSP2-4.5,2051-2075,Summer,3312000,26.798095234401192,14.689728,36.402313,21.755030227743273,19.948872180451126,23.946365914786966,21.068170426065162,21.707769423558894,22.507268170426066,-1.1134989648033056,64.4625,7.23179347826087,0.0,0.0,0.0
Iowa,Des Moines,ssp245,SSP2-4.5,2051-2075,Winter,3247201,-0.5772945592174894,-20.976044,23.985321,26.36384541903051,22.187468671679195,29.54285714285714,25.065664160401,26.344862155388473,27.624060150375943,19.835660995593233,0.0,0.0,92.00246612390178,0.0,0.0
Kansas,Topeka,ssp245,SSP2-4.5,2051-2075,Fall,3276000,18.393635052870433,-5.4120768506944446,33.782593,23.212306579635907,20.428571428571427,27.14436090225564,21.54786967418546,23.146867167919797,25.065664160401,5.510484452890487,20.281532356532356,2.29993894993895,10.561080586080585,0.0,0.0
Kansas,Topeka,ssp245,SSP2-4.5,2051-2075,Spring,3312000,15.938862797099562,-8.719299,30.391937,23.637505306593777,21.068170426065162,27.624060150375943,22.187468671679195,23.466666666666665,25.225563909774436,7.443205939062623,6.793538647342995,0.0,14.388254830917873,0.0,0.0
Kansas,Topeka,ssp245,SSP2-4.5,2051-2075,Summer,3312000,29.288965065442632,18.13852,37.17746,21.305779281083144,19.788972431077692,23.306766917293235,20.58847117794486,21.228070175438596,22.027568922305765,-3.1555487223493466,85.90268719806762,28.28617149758454,0.0,0.0,0.0
Kansas,Topeka,ssp245,SSP2-4.5,2051-2075,Winter,3247201,2.9649347225903613,-17.770355,21.460358,25.795539912836094,22.667167919799496,29.06315789473684,24.5859649122807,25.705263157894738,27.14436090225564,17.252454149254977,0.0,0.0,78.12953371226482,0.0,0.0
Kentucky,Frankfort,ssp245,SSP2-4.5,2051-2075,Fall,3276000,17.61159318120226,-2.4425964,33.522064,23.35113045847219,20.58847117794486,26.66466165413534,21.707769423558894,23.466666666666665,24.90576441102757,6.141502083964506,14.704395604395604,0.5433760683760683,8.643772893772894,0.0,0.0
Kentucky,Frankfort,ssp245,SSP2-4.5,2051-2075,Spring,3312000,15.047915087169164,-7.6011963,31.283813,23.790421801333046,20.90827067669173,27.464160401002506,22.347368421052632,23.786466165413536,25.225563909774436,8.13828091515021,4.4014794685990335,0.0058272946859903385,15.607336956521738,0.0,0.0
Kentucky,Frankfort,ssp245,SSP2-4.5,2051-2075,Summer,3312000,27.262612459928512,15.5408325,40.587067,21.669142288541394,19.14937343358396,23.786466165413536,20.90827067669173,21.54786967418546,22.507268170426066,-1.503898688448208,68.27113526570048,13.997342995169081,0.0,0.0,0.0
Kentucky,Frankfort,ssp245,SSP2-4.5,2051-2075,Winter,3247201,4.707578439714544,-14.771332,22.833405,25.51314769620996,22.507268170426066,28.58345864661654,24.266165413533837,25.5453634085213,26.66466165413534,15.968853164590724,0.0,0.0,67.65343445016184,0.0,0.0
Louisiana,Baton Rouge,ssp245,SSP2-4.5,2051-2075,Fall,3276000,24.40911350149397,6.941284,36.41104,22.173263267754244,19.948872180451126,25.225563909774436,21.068170426065162,22.027568922305765,23.466666666666665,0.7875603079738366,45.45854700854701,6.6611721611721615,0.06581196581196581,0.0,0.0
Louisiana,Baton Rouge,ssp245,SSP2-4.5,2051-2075,Spring,3312000,22.600138662958035,5.5726013,32.938934,22.49351741960578,20.58847117794486,25.38546365914787,21.38796992481203,22.347368421052632,23.6265664160401,2.243260998208091,30.736111111111107,1.0116545893719808,0.08864734299516908,0.0,0.0
Louisiana,Baton Rouge,ssp245,SSP2-4.5,2051-2075,Summer,3312000,30.765391806357723,22.469452,38.515015,21.037892162925434,19.62907268170426,22.507268170426066,20.58847117794486,21.068170426065162,21.38796992481203,-4.373217441248026,98.3844504830918,41.4014190821256,0.0,0.0,0.0
Louisiana,Baton Rouge,ssp245,SSP2-4.5,2051-2075,Winter,3247201,14.679934621008005,-2.8105774,32.414948,23.862663060396006,20.748370927318295,26.66466165413534,22.827067669172934,23.946365914786966,24.74586466165414,8.4666502745273,0.4376692419101867,0.034737609405762065,6.233091206857845,0.0,0.0
Maine,Augusta,ssp245,SSP2-4.5,2051-2075,Fall,3276000,12.432076111255396,-5.5498962,28.48764,24.23193598266117,21.38796992481203,27.14436090225564,22.667167919799496,24.266165413533837,25.705263157894738,10.145163557550774,1.647832722832723,0.0,28.270787545787545,0.0,0.0
Maine,Augusta,ssp245,SSP2-4.5,2051-2075,Spring,3312000,9.128554153758976,-11.545898,27.41922,24.785762207905034,21.707769423558894,28.103759398496244,23.306766917293235,24.90576441102757,26.0250626566416,12.662555490477425,0.031219806763285025,0.0,46.260326086956525,0.0,0.0
Maine,Augusta,ssp245,SSP2-4.5,2051-2075,Summer,3312000,22.959016640240865,11.909119,33.756622,22.436299621335937,20.428571428571427,24.266165413533837,21.707769423558894,22.347368421052632,23.146867167919797,1.9831800969815336,21.103985507246374,0.1926026570048309,0.0,0.0,0.0
Maine,Augusta,ssp245,SSP2-4.5,2051-2075,Winter,3247201,-0.4479746181392904,-18.53392,16.476501,26.34835048217994,23.6265664160401,29.223057644110277,25.5453634085213,26.344862155388473,27.304260651629072,19.76522946445427,0.0,0.0,98.58542788081182,0.0,0.0
Maryland,Annapolis,ssp245,SSP2-4.5,2051-2075,Fall,3276000,18.863887392307984,0.22647095,34.051605,23.136826381276755,20.428571428571427,26.18496240601504,21.54786967418546,23.146867167919797,24.5859649122807,5.167392642167068,18.147985347985347,1.4285103785103785,5.8680708180708185,0.0,0.0
Maryland,Annapolis,ssp245,SSP2-4.5,2051-2075,Spring,3312000,16.092562692156342,-3.8171082,32.634308,23.614213967285362,20.748370927318295,26.824561403508774,22.187468671679195,23.6265664160401,25.065664160401,7.337336214933465,6.426660628019324,0.18414855072463768,12.039855072463768,0.0,0.0
Maryland,Annapolis,ssp245,SSP2-4.5,2051-2075,Summer,3312000,28.399368475161907,16.442413,38.282196,21.465071295539577,19.62907268170426,23.6265664160401,20.748370927318295,21.38796992481203,22.347368421052632,-2.4314941111837416,77.40679347826087,23.19782608695652,0.0,0.0,0.0
Maryland,Annapolis,ssp245,SSP2-4.5,2051-2075,Winter,3247201,6.6681993129311,-8.430206,22.53543,25.195457788203825,22.507268170426066,27.624060150375943,23.946365914786966,25.225563909774436,26.344862155388473,14.524808128199204,0.0,0.0,60.68404758436573,0.0,0.0
Massachusetts,Boston,ssp245,SSP2-4.5,2051-2075,Fall,3276000,15.387649161882093,0.09387207,29.599579,23.735718299717544,21.228070175438596,26.344862155388473,22.347368421052632,23.786466165413536,25.065664160401,7.889628635079743,3.4739621489621486,0.0,13.421520146520146,0.0,0.0
Massachusetts,Boston,ssp245,SSP2-4.5,2051-2075,Spring,3312000,11.81930374708619,-4.418915,26.081512,24.340704477679704,21.86766917293233,26.984461152882204,23.146867167919797,24.426065162907268,25.5453634085213,10.63956580763502,0.01853864734299517,0.0,29.251479468599033,0.0,0.0
Massachusetts,Boston,ssp245,SSP2-4.5,2051-2075,Summer,3312000,24.83020960467739,14.971405,31.871918,22.106880501525563,20.90827067669173,23.786466165413536,21.54786967418546,22.027568922305765,22.827067669172934,0.48582046147983055,40.1405193236715,0.14079106280193238,0.0,0.0,0.0
Massachusetts,Boston,ssp245,SSP2-4.5,2051-2075,Winter,3247201,3.2380729007728126,-11.954376,16.768097,25.758145187509975,23.466666666666665,28.103759398496244,25.065664160401,25.705263157894738,26.504761904761903,17.082478125045338,0.0,0.0,90.54668928717379,0.0,0.0
Michigan,Lansing,ssp245,SSP2-4.5,2051-2075,Fall,3276000,14.49395722634119,-4.619171,31.817413,23.88053339178227,20.90827067669173,26.984461152882204,22.187468671679195,23.946365914786966,25.705263157894738,8.547879053555766,7.272863247863248,0.10525030525030525,20.363675213675215,0.0,0.0
Michigan,Lansing,ssp245,SSP2-4.5,2051-2075,Spring,3312000,11.162470747005125,-9.918854,31.399078,24.441000823011635,20.90827067669173,27.783959899749373,22.827067669172934,24.426065162907268,26.18496240601504,11.095458286416521,1.3330615942028985,0.004438405797101449,34.91736111111111,0.0,0.0
Michigan,Lansing,ssp245,SSP2-4.5,2051-2075,Summer,3312000,24.644846573056014,13.878479,35.569733,22.136760994727148,20.10877192982456,23.946365914786966,21.228070175438596,22.187468671679195,22.986967418546364,0.6216408851233979,39.510416666666664,4.463768115942028,0.0,0.0,0.0
Michigan,Lansing,ssp245,SSP2-4.5,2051-2075,Winter,3247201,0.9553962001833624,-17.583801,22.60434,26.122133425356903,22.507268170426066,29.06315789473684,25.065664160401,26.18496240601504,27.14436090225564,18.736970115258654,0.0,0.0,91.55595850087505,0.0,0.0
Minnesota,Saint Paul,ssp245,SSP2-4.5,2051-2075,Fall,3276000,13.509023959661011,-10.496613,32.976776,24.03775447868756,20.58847117794486,27.943859649122807,22.027568922305765,23.946365914786966,26.18496240601504,9.262520357670729,7.780921855921856,0.7932539682539683,27.49249084249084,0.0,0.0
Minnesota,Saint Paul,ssp245,SSP2-4.5,2051-2075,Spring,3312000,10.420330129937584,-14.750305,28.980743,24.561584497324226,21.38796992481203,28.58345864661654,22.827067669172934,24.426065162907268,26.344862155388473,11.6435658969283,1.138647342995169,0.0,40.020169082125605,0.0,0.0
Minnesota,Saint Paul,ssp245,SSP2-4.5,2051-2075,Summer,3312000,25.543346955882313,14.201843,35.964508,21.977872205725674,20.10877192982456,23.946365914786966,21.228070175438596,22.027568922305765,22.827067669172934,-0.1005808830651166,48.56026570048309,5.329438405797101,0.0,0.0,0.0
Minnesota,Saint Paul,ssp245,SSP2-4.5,2051-2075,Winter,3247201,-2.91526478246837,-21.89775,17.888428,26.736608788148228,23.306766917293235,29.70275689223058,25.705263157894738,26.66466165413534,27.943859649122807,21.53003994612831,0.0,0.0,97.80106005141043,0.0,0.0
Mississippi,Jackson,ssp245,SSP2-4.5,2051-2075,Fall,3276000,22.641691584554955,1.0800476,38.384827,22.480736526297427,19.62907268170426,26.18496240601504,21.068170426065162,22.347368421052632,23.946365914786966,2.185166028624669,36.35103785103785,5.4997557997558,0.951098901098901,0.0,0.0
Mississippi,Jackson,ssp245,SSP2-4.5,2051-2075,Spring,3312000,20.47786684357226,2.2842712,33.703705,22.86182153209109,20.428571428571427,25.86516290726817,21.707769423558894,22.827067669172934,24.266165413533837,3.9173706004140385,20.33052536231884,0.9234299516908212,1.6915157004830916,0.0,0.0
Mississippi,Jackson,ssp245,SSP2-4.5,2051-2075,Summer,3312000,30.599421701687582,19.99643,39.371124,21.067649641464783,19.469172932330824,22.986967418546364,20.428571428571427,21.068170426065162,21.54786967418546,-4.237956175160078,96.15887681159421,40.936986714975845,0.0,0.0,0.0
Mississippi,Jackson,ssp245,SSP2-4.5,2051-2075,Winter,3247201,11.529516662738121,-7.8608704,26.75589,24.390525987131635,21.707769423558894,27.464160401002506,23.306766917293235,24.426065162907268,25.5453634085213,10.866027214234707,0.02331238503560451,0.0,24.88059716660595,0.0,0.0
Missouri,Jefferson City,ssp245,SSP2-4.5,2051-2075,Fall,3276000,17.96359947126089,-4.1697693,33.53305,23.288982316597345,20.58847117794486,26.984461152882204,21.54786967418546,23.306766917293235,24.90576441102757,5.85901052998793,17.243772893772892,0.758943833943834,9.400244200244199,0.0,0.0
Missouri,Jefferson City,ssp245,SSP2-4.5,2051-2075,Spring,3312000,15.694298880344514,-7.2363586,29.398407,23.680562369541004,21.228070175438596,27.464160401002506,22.187468671679195,23.6265664160401,25.225563909774436,7.6389198615500185,4.922705314009662,0.0,14.260658212560386,0.0,0.0
Missouri,Jefferson City,ssp245,SSP2-4.5,2051-2075,Summer,3312000,28.13811882763806,16.716583,37.680573,21.512957408164123,19.788972431077692,23.466666666666665,20.748370927318295,21.54786967418546,22.347368421052632,-2.2138299628903497,77.47554347826086,18.956763285024156,0.0,0.0,0.0
Missouri,Jefferson City,ssp245,SSP2-4.5,2051-2075,Winter,3247201,3.745429098452632,-16.160645,22.928009,25.66977849338052,22.507268170426066,28.743358395989976,24.426065162907268,25.705263157894738,26.824561403508774,16.680811333547815,0.0,0.0,73.75555131942863,0.0,0.0
Montana,Helena,ssp245,SSP2-4.5,2051-2075,Fall,3276000,12.092648281521626,-13.667922815625,31.4685515,24.284019567692116,20.90827067669173,28.423558897243108,22.507268170426066,24.266165413533837,25.86516290726817,10.381907125873257,1.6923992673992674,0.035836385836385834,35.87182539682539,0.0,0.0
Montana,Helena,ssp245,SSP2-4.5,2051-2075,Spring,3312000,9.554218674388054,-14.212341,25.553925,24.718216488685478,22.027568922305765,28.423558897243108,23.466666666666665,24.90576441102757,25.705263157894738,12.355529494024898,0.0,0.0,45.50147946859903,0.0,0.0
Montana,Helena,ssp245,SSP2-4.5,2051-2075,Summer,3312000,23.9038989803399,10.067444,32.880157,22.267600702692715,20.58847117794486,24.5859649122807,21.38796992481203,22.187468671679195,23.306766917293235,1.2163668304214297,38.93321256038647,0.5811292270531401,0.0,0.0,0.0
Montana,Helena,ssp245,SSP2-4.5,2051-2075,Winter,3247201,0.4952599488043572,-19.415146,10.737274,26.19664460759159,24.5859649122807,29.223057644110277,25.225563909774436,26.0250626566416,27.304260651629072,19.075657307234504,0.0,0.0,98.20990446849456,0.0,0.0
Nebraska,Lincoln,ssp245,SSP2-4.5,2051-2075,Fall,3276000,16.221789827174106,-9.481749005069446,33.392487,23.580219258922632,20.58847117794486,27.783959899749373,21.707769423558894,23.466666666666665,25.38546365914787,7.1828148132846925,14.53015873015873,1.006043956043956,18.77408424908425,0.0,0.0
Nebraska,Lincoln,ssp245,SSP2-4.5,2051-2075,Spring,3312000,13.433797249427215,-12.916016,28.839508,24.05964610045646,21.38796992481203,28.263659147869674,22.507268170426066,23.946365914786966,25.705263157894738,9.362027729347554,2.9165760869565216,0.0,26.134208937198068,0.0,0.0
Nebraska,Lincoln,ssp245,SSP2-4.5,2051-2075,Summer,3312000,27.873150996029434,16.430817,36.592865,21.56058455271634,19.948872180451126,23.6265664160401,20.90827067669173,21.54786967418546,22.347368421052632,-1.9973429421984596,74.97913647342995,16.13342391304348,0.0,0.0,0.0
Nebraska,Lincoln,ssp245,SSP2-4.5,2051-2075,Winter,3247201,-0.001125634634428404,-21.385101,20.285004,26.271759747026966,22.986967418546364,29.54285714285714,25.065664160401,26.344862155388473,27.624060150375943,19.417089759213482,0.0,0.0,92.11049762549347,0.0,0.0
Nevada,Carson City,ssp245,SSP2-4.5,2051-2075,Fall,3276000,13.000791646426462,-5.7571716,28.005554,24.14012765751374,21.54786967418546,27.14436090225564,22.827067669172934,24.1062656641604,25.5453634085213,9.727852988698823,0.0732905982905983,0.0,25.011202686202687,0.0,0.0
Nevada,Carson City,ssp245,SSP2-4.5,2051-2075,Spring,3312000,8.671078641434622,-2.1717834,23.174072,24.86682824270821,22.347368421052632,26.66466165413534,23.6265664160401,25.065664160401,25.86516290726817,13.031037466855496,0.0,0.0,51.7362922705314,0.0,0.0
Nevada,Carson City,ssp245,SSP2-4.5,2051-2075,Summer,3312000,21.20734340108457,7.1469727,30.423492,22.741438263533222,21.068170426065162,25.065664160401,22.027568922305765,22.667167919799496,23.6265664160401,3.3701739251510108,7.504679951690821,0.0,0.10241545893719807,0.0,0.0
Nevada,Carson City,ssp245,SSP2-4.5,2051-2075,Winter,3247201,3.1573488076628182,-9.324493,15.230194,25.772978849085522,23.786466165413536,27.783959899749373,25.225563909774436,25.705263157894738,26.344862155388473,17.149903859479647,0.0,0.0,95.7144014183292,0.0,0.0
New Hampshire,Concord,ssp245,SSP2-4.5,2051-2075,Fall,3276000,13.567742310952502,-4.070587,31.889435,24.040082786942946,20.90827067669173,26.984461152882204,22.507268170426066,24.1062656641604,25.5453634085213,9.273103577013392,3.8814407814407814,0.023931623931623933,22.759218559218557,0.0,0.0
New Hampshire,Concord,ssp245,SSP2-4.5,2051-2075,Spring,3312000,10.934144431563151,-6.8642273,28.903107,24.48558200286343,21.38796992481203,27.304260651629072,23.146867167919797,24.5859649122807,25.86516290726817,11.298100013015597,0.23620169082125606,0.0,36.96111111111111,0.0,0.0
New Hampshire,Concord,ssp245,SSP2-4.5,2051-2075,Summer,3312000,24.085521393565035,13.369629,33.907013,22.237647356616193,20.428571428571427,24.1062656641604,21.54786967418546,22.187468671679195,22.986967418546364,1.0802152573463337,33.011141304347824,0.8169685990338165,0.0,0.0,0.0
New Hampshire,Concord,ssp245,SSP2-4.5,2051-2075,Winter,3247201,1.4946683745672293,-14.818176,17.692047,26.03759975434221,23.306766917293235,28.58345864661654,25.225563909774436,26.0250626566416,26.984461152882204,18.352726156100953,0.0,0.0,95.13916754768184,0.0,0.0
New Jersey,Trenton,ssp245,SSP2-4.5,2051-2075,Fall,3276000,17.331458013402003,0.10308838,32.018402,23.401902972939062,20.748370927318295,26.344862155388473,21.86766917293233,23.466666666666665,24.90576441102757,6.372286240632103,10.629517704517705,0.043376068376068375,8.396642246642246,0.0,0.0
New Jersey,Trenton,ssp245,SSP2-4.5,2051-2075,Spring,3312000,14.152679184792966,-4.03157045,29.92038,23.94500739454312,21.228070175438596,26.984461152882204,22.667167919799496,23.946365914786966,25.38546365914787,8.840942702468721,1.3410024154589373,0.0,17.7693538647343,0.0,0.0
New Jersey,Trenton,ssp245,SSP2-4.5,2051-2075,Summer,3312000,26.721397038221085,17.618591,35.480835,21.768566571924985,20.10877192982456,23.306766917293235,21.068170426065162,21.707769423558894,22.507268170426066,-1.0519701276137023,64.41859903381642,5.628774154589372,0.0,0.0,0.0
New Jersey,Trenton,ssp245,SSP2-4.5,2051-2075,Winter,3247201,5.140694228479357,-9.106659,20.105927,25.446856536438602,22.986967418546364,27.783959899749373,24.426065162907268,25.5453634085213,26.344862155388473,15.667529711084557,0.0,0.0,72.93844760456774,0.0,0.0
New Mexico,Santa Fe,ssp245,SSP2-4.5,2051-2075,Fall,3276000,13.191685888675389,-4.3920593,25.832306,24.109588416095182,21.86766917293233,26.984461152882204,22.986967418546364,23.946365914786966,25.38546365914787,9.5890382549781,0.017124542124542123,0.0,24.023199023199023,0.0,0.0
New Mexico,Santa Fe,ssp245,SSP2-4.5,2051-2075,Spring,3312000,10.250459466786308,-7.4422607,26.461792,24.603434442688847,21.86766917293233,27.464160401002506,23.306766917293235,24.5859649122807,25.705263157894738,11.833792921312943,0.013677536231884058,0.0,36.8356884057971,0.0,0.0
New Mexico,Santa Fe,ssp245,SSP2-4.5,2051-2075,Summer,3312000,21.82447337113432,11.2413025,31.74588,22.635992731072854,20.90827067669173,24.426065162907268,22.027568922305765,22.667167919799496,23.306766917293235,2.8908760503311535,6.781521739130435,0.07560386473429952,0.0,0.0,0.0
New Mexico,Santa Fe,ssp245,SSP2-4.5,2051-2075,Winter,3247201,2.080917649668892,-16.379944,14.686066,25.945049431694912,23.946365914786966,28.90325814536341,25.225563909774436,25.86516290726817,26.824561403508774,17.93204287134051,0.0,0.0,95.57465029112765,0.0,0.0
New York,Albany,ssp245,SSP2-4.5,2051-2075,Fall,3276000,14.688427380275316,-4.648468,31.97165,23.84953665941412,20.748370927318295,26.984461152882204,22.187468671679195,23.946365914786966,25.5453634085213,8.406984815518728,6.1090354090354095,0.13165445665445666,19.01639194139194,0.0,0.0
New York,Albany,ssp245,SSP2-4.5,2051-2075,Spring,3312000,12.149955416136597,-5.8649293,31.15686,24.279326051239213,20.90827067669173,27.14436090225564,22.827067669172934,24.266165413533837,25.705263157894738,10.36057296017824,1.2229166666666667,0.0023248792270531404,31.66923309178744,0.0,0.0
New York,Albany,ssp245,SSP2-4.5,2051-2075,Summer,3312000,25.319301776556415,14.675568,36.553467,22.016591939692233,19.948872180451126,23.946365914786966,21.228070175438596,22.027568922305765,22.986967418546364,0.07541790769196992,47.41035628019324,5.316696859903382,0.0,0.0,0.0
New York,Albany,ssp245,SSP2-4.5,2051-2075,Winter,3247201,2.2616752094067265,-15.044342,20.430084,25.91345791518267,22.827067669172934,28.58345864661654,25.065664160401,25.86516290726817,26.824561403508774,17.78844506901213,0.0,0.0,92.25767052917266,0.0,0.0
North Carolina,Raleigh,ssp245,SSP2-4.5,2051-2075,Fall,3276000,19.824525074832078,0.6927124140555556,33.309845,22.97099350191718,20.58847117794486,26.18496240601504,21.54786967418546,22.986967418546364,24.426065162907268,4.41360682689628,22.93870573870574,1.0628510378510378,3.577106227106227,0.0,0.0
North Carolina,Raleigh,ssp245,SSP2-4.5,2051-2075,Spring,3312000,17.786080282339633,-2.589325,33.5477,23.324629920816534,20.58847117794486,26.66466165413534,21.86766917293233,23.306766917293235,24.74586466165414,6.021045094620609,11.659088164251209,0.3977657004830918,7.2937801932367154,0.0,0.0
North Carolina,Raleigh,ssp245,SSP2-4.5,2051-2075,Summer,3312000,28.916455832469644,16.80368,38.24289,21.37262423192644,19.62907268170426,23.466666666666665,20.748370927318295,21.228070175438596,22.187468671679195,-2.8517080366979966,85.47744565217391,23.337349033816427,0.0,0.0,0.0
North Carolina,Raleigh,ssp245,SSP2-4.5,2051-2075,Winter,3247201,8.654708147608146,-9.773224,24.156525,24.8664936513409,22.187468671679195,27.783959899749373,23.6265664160401,24.90576441102757,26.0250626566416,13.02951659700409,0.0,0.0,44.807728255811696,0.0,0.0
North Dakota,Bismarck,ssp245,SSP2-4.5,2051-2075,Fall,3276000,11.235249347154861,-14.786224,31.38504,24.415042720660022,20.90827067669173,28.58345864661654,22.347368421052632,24.426065162907268,26.66466165413534,10.977466912091009,5.391971916971917,0.06416361416361416,39.18586691086691,0.0,0.0
North Dakota,Bismarck,ssp245,SSP2-4.5,2051-2075,Spring,3312000,7.9769108473959625,-21.272278,28.907806,24.966045602684233,21.38796992481203,29.54285714285714,23.306766917293235,24.90576441102757,26.66466165413534,13.482025466746512,0.2182065217391304,0.0,48.640338164251204,0.0,0.0
North Dakota,Bismarck,ssp245,SSP2-4.5,2051-2075,Summer,3312000,24.915899526635947,12.296417,36.1196,22.08790853144335,20.10877192982456,24.266165413533837,21.228070175438596,22.027568922305765,23.146867167919797,0.3995842338334105,47.30480072463768,2.400996376811594,0.0,0.0,0.0
North Dakota,Bismarck,ssp245,SSP2-4.5,2051-2075,Winter,3247201,-5.081116901079253,-26.561783,11.04422,27.074557237707825,24.426065162907268,30.34235588972431,25.86516290726817,26.984461152882204,28.58345864661654,23.066169262308296,0.0,0.0,99.46113591366841,0.0,0.0
Ohio,Columbus,ssp245,SSP2-4.5,2051-2075,Fall,3276000,16.293650916662894,-4.0893555,31.914032,23.576225328277957,20.90827067669173,26.984461152882204,21.86766917293233,23.6265664160401,25.225563909774436,7.164660583081623,10.216941391941392,0.1116910866910867,12.55030525030525,0.0,0.0
Ohio,Columbus,ssp245,SSP2-4.5,2051-2075,Spring,3312000,13.673114709971998,-10.120087,30.511139,24.022274265373586,21.068170426065162,27.943859649122807,22.507268170426066,23.946365914786966,25.5453634085213,9.192155751698117,2.8268719806763287,0.0,21.77735507246377,0.0,0.0
Ohio,Columbus,ssp245,SSP2-4.5,2051-2075,Summer,3312000,26.04211004969934,14.9534,36.959076,21.888025782148603,19.948872180451126,23.786466165413536,21.068170426065162,21.86766917293233,22.827067669172934,-0.5089737175063517,54.929740338164244,8.558212560386472,0.0,0.0,0.0
Ohio,Columbus,ssp245,SSP2-4.5,2051-2075,Winter,3247201,3.088857656958602,-15.053467,21.922516,25.776687239858234,22.667167919799496,28.58345864661654,24.426065162907268,25.86516290726817,26.984461152882204,17.16676018117379,0.0,0.0,78.34233236562812,0.0,0.0
Oklahoma,Oklahoma City,ssp245,SSP2-4.5,2051-2075,Fall,3276000,21.443931354272994,-1.0932544997916664,37.042114,22.68668886777384,19.948872180451126,26.504761904761903,21.228070175438596,22.507268170426066,24.426065162907268,3.1213130353356306,31.623778998779002,6.206196581196581,3.0830586080586078,0.0,0.0
Oklahoma,Oklahoma City,ssp245,SSP2-4.5,2051-2075,Spring,3312000,19.06447666968486,-2.223816,33.554413,23.104369560979748,20.58847117794486,26.66466165413534,21.707769423558894,22.986967418546364,24.5859649122807,5.0198616408170365,15.282457729468598,0.6443840579710145,4.71268115942029,0.0,0.0
Oklahoma,Oklahoma City,ssp245,SSP2-4.5,2051-2075,Summer,3312000,31.03326051806499,19.524048,40.643097,20.987244013869212,19.14937343358396,22.986967418546364,20.268671679197993,20.90827067669173,21.707769423558894,-4.603436300594491,94.56213768115941,53.578955314009654,0.0,0.0,0.0
Oklahoma,Oklahoma City,ssp245,SSP2-4.5,2051-2075,Winter,3247201,7.895107012202056,-13.032562,24.563812,24.993308659729703,22.187468671679195,28.263659147869674,23.946365914786966,24.90576441102757,26.18496240601504,13.60594845331683,0.0,0.0,47.6199964215335,0.0,0.0
Oregon,Salem,ssp245,SSP2-4.5,2051-2075,Fall,3276000,16.184885650148654,-2.087555,29.063263,23.602618207147916,21.38796992481203,26.66466165413534,22.347368421052632,23.6265664160401,24.74586466165414,7.28462821430871,3.0902625152625154,0.0,6.131623931623931,0.0,0.0
Oregon,Salem,ssp245,SSP2-4.5,2051-2075,Spring,3312000,13.191760013004744,4.3247986,30.255157,24.115418090213456,21.068170426065162,25.5453634085213,23.146867167919797,24.266165413533837,24.90576441102757,9.61553677369753,0.42424516908212556,0.0,5.082971014492753,0.0,0.0
Oregon,Salem,ssp245,SSP2-4.5,2051-2075,Summer,3312000,22.223233937699806,11.726654,34.077576,22.564939307659237,20.428571428571427,24.426065162907268,21.86766917293233,22.507268170426066,23.306766917293235,2.567905943905625,13.068206521739132,0.32506038647343,0.0,0.0,0.0
Oregon,Salem,ssp245,SSP2-4.5,2051-2075,Winter,3247201,8.232366097343752,-5.582489,18.910217,24.94387063880724,23.146867167919797,27.14436090225564,24.426065162907268,24.90576441102757,25.5453634085213,13.381230176396548,0.0,0.0,42.25029494632454,0.0,0.0
Pennsylvania,Harrisburg,ssp245,SSP2-4.5,2051-2075,Fall,3276000,15.92202061843101,-3.8072815,32.18741,23.63986484281523,20.748370927318295,26.824561403508774,22.027568922305765,23.6265664160401,25.225563909774436,7.453931103705584,9.176251526251527,0.06217948717948718,13.483302808302808,0.0,0.0
Pennsylvania,Harrisburg,ssp245,SSP2-4.5,2051-2075,Spring,3312000,13.392298317346693,-6.275955199999999,30.56363,24.070092015061807,21.068170426065162,27.304260651629072,22.507268170426066,24.1062656641604,25.705263157894738,9.409509159371849,2.3330615942028987,0.0,22.357548309178743,0.0,0.0
Pennsylvania,Harrisburg,ssp245,SSP2-4.5,2051-2075,Summer,3312000,26.16429015142844,14.525177,39.000763,21.866291003172183,19.469172932330824,23.946365914786966,21.068170426065162,21.86766917293233,22.827067669172934,-0.6077681673991687,56.523007246376814,8.729951690821256,0.0,0.0,0.0
Pennsylvania,Harrisburg,ssp245,SSP2-4.5,2051-2075,Winter,3247201,3.441172825170034,-13.649231,24.524506,25.720878836943093,22.187468671679195,28.423558897243108,24.426065162907268,25.705263157894738,26.824561403508774,16.913085622468607,0.0,0.0,81.21431349645432,0.0,0.0
Rhode Island,Providence,ssp245,SSP2-4.5,2051-2075,Fall,3276000,15.919558385234792,0.9718323,29.178558,23.645823207285606,21.38796992481203,26.18496240601504,22.347368421052632,23.6265664160401,25.065664160401,7.481014578570934,3.8645909645909646,0.0,10.538858363858363,0.0,0.0
Rhode Island,Providence,ssp245,SSP2-4.5,2051-2075,Spring,3312000,11.780113588170142,-4.253418,25.330475,24.347373146937386,22.027568922305765,26.984461152882204,23.146867167919797,24.426065162907268,25.5453634085213,10.669877940624483,0.0,0.0,28.14417270531401,0.0,0.0
Rhode Island,Providence,ssp245,SSP2-4.5,2051-2075,Summer,3312000,24.74563583473499,15.157196,32.433258,22.122696913782036,20.748370927318295,23.786466165413536,21.54786967418546,22.027568922305765,22.827067669172934,0.5577132444638008,38.68158212560387,0.08158212560386473,0.0,0.0,0.0
Rhode Island,Providence,ssp245,SSP2-4.5,2051-2075,Winter,3247201,3.899157432203003,-10.920593,16.941345,25.650818078180468,23.466666666666665,27.943859649122807,24.90576441102757,25.5453634085213,26.504761904761903,16.594627628093033,0.0,0.0,87.22262650202435,0.0,0.0
South Carolina,Columbia,ssp245,SSP2-4.5,2051-2075,Fall,3276000,21.326753110460665,1.8676453,33.163574,22.71190231515908,20.58847117794486,26.0250626566416,21.38796992481203,22.667167919799496,24.1062656641604,3.2359196143594526,31.142368742368742,0.9768620268620268,1.622069597069597,0.0,0.0
South Carolina,Columbia,ssp245,SSP2-4.5,2051-2075,Spring,3312000,19.569507789765073,1.7001648,35.66684,23.017141882029957,20.10877192982456,26.0250626566416,21.707769423558894,22.986967418546364,24.426065162907268,4.62337219104526,18.041878019323672,1.0971618357487922,3.273641304347826,0.0,0.0
South Carolina,Columbia,ssp245,SSP2-4.5,2051-2075,Summer,3312000,29.81564110936556,19.281158,39.67569,21.21146005790442,19.30927318295739,23.146867167919797,20.748370927318295,21.228070175438596,21.707769423558894,-3.584272464070812,94.1862922705314,28.702083333333334,0.0,0.0,0.0
South Carolina,Columbia,ssp245,SSP2-4.5,2051-2075,Winter,3247201,10.54276348331818,-8.005066,25.379883,24.554474588760524,22.027568922305765,27.464160401002506,23.466666666666665,24.5859649122807,25.705263157894738,11.611248130729654,0.0,0.0,31.64799468834852,0.0,0.0
South Dakota,Pierre,ssp245,SSP2-4.5,2051-2075,Fall,3276000,14.425146842563054,-13.28500770138889,34.806183,23.879000335851845,20.268671679197993,28.423558897243108,21.707769423558894,23.786466165413536,26.18496240601504,8.54091061750839,13.040689865689867,1.33992673992674,28.5993894993895,0.0,0.0
South Dakota,Pierre,ssp245,SSP2-4.5,2051-2075,Spring,3312000,10.898516016593058,-17.28891,29.48410189513889,24.484091488080107,21.228070175438596,28.90325814536341,22.827067669172934,24.426065162907268,26.18496240601504,11.291324945818669,0.7877415458937198,0.0,36.36696859903382,0.0,0.0
South Dakota,Pierre,ssp245,SSP2-4.5,2051-2075,Summer,3312000,27.479861562970786,13.742401,37.17331,21.629051385256616,19.788972431077692,24.1062656641604,20.748370927318295,21.54786967418546,22.667167919799496,-1.68613006701538,68.55495169082126,20.97451690821256,0.0,0.0,0.0
South Dakota,Pierre,ssp245,SSP2-4.5,2051-2075,Winter,3247201,-1.9450391957536364,-26.085815,15.706177,26.580796792472448,23.6265664160401,30.34235588972431,25.38546365914787,26.504761904761903,27.943859649122807,20.82180360214749,0.0,0.0,96.49652115776017,0.0,0.0
Tennessee,Nashville,ssp245,SSP2-4.5,2051-2075,Fall,3276000,19.61426123142058,-1.4937134,34.22339,23.006983343125814,20.428571428571427,26.504761904761903,21.38796992481203,22.986967418546364,24.5859649122807,4.577197014208245,22.149175824175824,1.9101037851037852,4.184493284493285,0.0,0.0
Tennessee,Nashville,ssp245,SSP2-4.5,2051-2075,Spring,3312000,17.292248693007405,-3.5984497,31.463165,23.409080258920252,20.90827067669173,26.824561403508774,22.027568922305765,23.306766917293235,24.90576441102757,6.404910267819326,9.360507246376812,0.011503623188405797,7.4925724637681155,0.0,0.0
Tennessee,Nashville,ssp245,SSP2-4.5,2051-2075,Summer,3312000,28.917830885059622,16.272736,39.0076,21.372743867065,19.469172932330824,23.6265664160401,20.748370927318295,21.38796992481203,22.187468671679195,-2.851164240613632,85.0641304347826,23.55006038647343,0.0,0.0,0.0
Tennessee,Nashville,ssp245,SSP2-4.5,2051-2075,Winter,3247201,7.333239687841572,-10.073029,23.791016,25.085515911050695,22.347368421052632,27.783959899749373,23.946365914786966,25.065664160401,26.18496240601504,14.025072322957707,0.0,0.0,51.969680965237444,0.0,0.0
Texas,Austin,ssp245,SSP2-4.5,2051-2075,Fall,3276000,24.816641813785797,5.9318237,37.002106,22.098583885997048,19.948872180451126,25.38546365914787,20.90827067669173,22.027568922305765,23.466666666666665,0.4481085727138537,49.164468864468866,12.596581196581196,0.18345543345543344,0.0,0.0
Texas,Austin,ssp245,SSP2-4.5,2051-2075,Spring,3312000,22.676730011375234,3.8312378,33.10788,22.479373292228143,20.58847117794486,25.705263157894738,21.38796992481203,22.347368421052632,23.786466165413536,2.178969510127922,33.90374396135265,1.2359903381642512,0.43907004830917873,0.0,0.0
Texas,Austin,ssp245,SSP2-4.5,2051-2075,Summer,3312000,31.619770852917572,23.222748,40.743805,20.881423885347424,19.14937343358396,22.347368421052632,20.428571428571427,20.90827067669173,21.54786967418546,-5.084436884784438,99.44148550724637,63.24230072463768,0.0,0.0,0.0
Texas,Austin,ssp245,SSP2-4.5,2051-2075,Winter,3247201,13.810240764027933,-4.5162964,26.164337,24.008762695498056,21.86766917293233,26.984461152882204,22.986967418546364,23.946365914786966,25.065664160401,9.130739524991165,0.051490499048257254,0.0,11.938989917778418,0.0,0.0
Utah,Salt Lake City,ssp245,SSP2-4.5,2051-2075,Fall,3276000,13.850061920610905,-9.769409,29.782806,23.990102986709754,21.228070175438596,27.783959899749373,22.347368421052632,23.946365914786966,25.705263157894738,9.045922666862518,1.7335775335775336,0.0,26.352014652014656,0.0,0.0
Utah,Salt Lake City,ssp245,SSP2-4.5,2051-2075,Spring,3312000,10.50289529400171,-7.113373,26.73053,24.559470363862552,21.707769423558894,27.464160401002506,22.986967418546364,24.74586466165414,25.5453634085213,11.633956199375236,0.025966183574879228,0.0,40.294806763285024,0.0,0.0
Utah,Salt Lake City,ssp245,SSP2-4.5,2051-2075,Summer,3312000,25.196847615481698,11.009277,32.96518,22.040372585751822,20.58847117794486,24.426065162907268,21.38796992481203,21.86766917293233,22.827067669172934,0.18351175341737178,52.512439613526574,0.7028985507246377,0.0,0.0,0.0
Utah,Salt Lake City,ssp245,SSP2-4.5,2051-2075,Winter,3247201,1.5808890256940162,-17.565063,15.063965,26.023625962366207,23.786466165413536,29.06315789473684,25.38546365914787,25.86516290726817,26.984461152882204,18.2892089198464,0.0,0.0,97.58296452852781,0.0,0.0
Vermont,Montpelier,ssp245,SSP2-4.5,2051-2075,Fall,3276000,10.926558885511502,-8.031494,30.335846,24.482576545760004,21.068170426065162,27.624060150375943,22.827067669172934,24.5859649122807,26.18496240601504,11.284438844363654,1.448015873015873,0.0,36.48473748473749,0.0,0.0
Vermont,Montpelier,ssp245,SSP2-4.5,2051-2075,Spring,3312000,8.303794512248212,-13.243256,28.49405,24.91944921285703,21.38796992481203,28.423558897243108,23.466666666666665,25.065664160401,26.344862155388473,13.27022369480469,0.1195048309178744,0.0,50.317934782608695,0.0,0.0
Vermont,Montpelier,ssp245,SSP2-4.5,2051-2075,Summer,3312000,21.61423658863662,10.319672,33.08258,22.67099083699586,20.58847117794486,24.5859649122807,21.86766917293233,22.667167919799496,23.466666666666665,3.0499583499811775,13.41135265700483,0.19906400966183574,0.0,0.0,0.0
Vermont,Montpelier,ssp245,SSP2-4.5,2051-2075,Winter,3247201,-1.504901888218071,-22.847443,17.31845,26.514673499810506,23.466666666666665,29.86265664160401,25.5453634085213,26.504761904761903,27.624060150375943,20.521243180956848,0.0,0.0,99.18797758438728,0.0,0.0
Virginia,Richmond,ssp245,SSP2-4.5,2051-2075,Fall,3276000,19.426062859926926,0.47149658,33.85446,23.039621195540743,20.428571428571427,26.18496240601504,21.54786967418546,22.986967418546364,24.5859649122807,4.72555088882156,20.136416361416362,1.3503357753357754,4.494627594627595,0.0,0.0
Virginia,Richmond,ssp245,SSP2-4.5,2051-2075,Spring,3312000,17.01041754195192,-4.5311432,32.884277,23.457548277245053,20.58847117794486,26.984461152882204,22.027568922305765,23.466666666666665,24.90576441102757,6.625219442022967,8.51105072463768,0.11974637681159421,8.438979468599033,0.0,0.0
Virginia,Richmond,ssp245,SSP2-4.5,2051-2075,Summer,3312000,28.760951639693992,17.360565,40.604126,21.399857061433778,19.14937343358396,23.466666666666665,20.748370927318295,21.38796992481203,22.187468671679195,-2.727922448028282,81.59100241545893,24.272856280193235,0.0,0.0,0.0
Virginia,Richmond,ssp245,SSP2-4.5,2051-2075,Winter,3247201,7.641441847998902,-8.066711,23.10263,25.03456368842244,22.347368421052632,27.624060150375943,23.786466165413536,25.065664160401,26.18496240601504,13.793471311011096,0.0,0.0,52.39472394840973,0.0,0.0
Washington,Olympia,ssp245,SSP2-4.5,2051-2075,Fall,3276000,15.645350426097366,0.5166321,29.680267,23.696105235616503,21.228070175438596,26.18496240601504,22.507268170426066,23.786466165413536,24.90576441102757,7.7095692528022886,2.030250305250305,0.0,7.032112332112332,0.0,0.0
Washington,Olympia,ssp245,SSP2-4.5,2051-2075,Spring,3312000,13.648755554115334,3.6424255,27.65506,24.038492647833348,21.54786967418546,25.705263157894738,23.146867167919797,24.1062656641604,24.74586466165414,9.265875671969761,0.703653381642512,0.0,4.355132850241546,0.0,0.0
Washington,Olympia,ssp245,SSP2-4.5,2051-2075,Summer,3312000,21.622722974496416,11.11026,35.05713,22.670478646041435,20.268671679197993,24.426065162907268,21.86766917293233,22.667167919799496,23.466666666666665,3.0476302092792484,10.990338164251208,0.4458031400966183,0.0,0.0,0.0
Washington,Olympia,ssp245,SSP2-4.5,2051-2075,Winter,3247201,8.475614860876613,-6.765106,18.107025,24.90330145731315,23.306766917293235,27.304260651629072,24.266165413533837,24.90576441102757,25.5453634085213,13.196824805968872,0.0,0.0,43.1190739347518,0.0,0.0
West Virginia,Charleston,ssp245,SSP2-4.5,2051-2075,Fall,3276000,17.601162352827615,-2.714325,33.555878,23.35435027128259,20.58847117794486,26.66466165413534,21.707769423558894,23.306766917293235,24.90576441102757,6.156137596739051,13.505311355311356,0.16965811965811967,8.85369352869353,0.0,0.0
West Virginia,Charleston,ssp245,SSP2-4.5,2051-2075,Spring,3312000,15.242461527304869,-7.5152893,31.222809,23.758885100129554,20.90827067669173,27.464160401002506,22.347368421052632,23.786466165413536,25.225563909774436,7.994932273316153,4.205555555555556,0.015217391304347825,13.864855072463769,0.0,0.0
West Virginia,Charleston,ssp245,SSP2-4.5,2051-2075,Summer,3312000,26.80187161140579,13.316345,38.728363,21.75298069146296,19.62907268170426,24.1062656641604,20.90827067669173,21.707769423558894,22.667167919799496,-1.1228150388047324,66.018961352657,10.208393719806763,0.0,0.0,0.0
West Virginia,Charleston,ssp245,SSP2-4.5,2051-2075,Winter,3247201,5.351349726275629,-12.933563,22.815887,25.407517674606915,22.507268170426066,28.263659147869674,24.1062656641604,25.5453634085213,26.66466165413534,15.488716702758703,0.0,0.0,66.67314404005172,0.0,0.0
Wisconsin,Madison,ssp245,SSP2-4.5,2051-2075,Fall,3276000,13.514126509346395,-7.8312683,31.846527,24.041904160278584,20.90827067669173,27.464160401002506,22.187468671679195,23.946365914786966,26.18496240601504,9.281382546720836,6.34575702075702,0.17387057387057386,24.685164835164837,0.0,0.0
Wisconsin,Madison,ssp245,SSP2-4.5,2051-2075,Spring,3312000,10.49065022701223,-13.063599,28.309357,24.55188154686231,21.54786967418546,28.263659147869674,22.986967418546364,24.426065162907268,26.18496240601504,11.599461576646872,0.7295893719806763,0.0,38.11624396135266,0.0,0.0
Wisconsin,Madison,ssp245,SSP2-4.5,2051-2075,Summer,3312000,24.56912515131911,10.652496,35.183624,22.150711571955256,20.268671679197993,24.5859649122807,21.38796992481203,22.187468671679195,22.986967418546364,0.6850525997966176,38.347765700483095,2.808665458937198,0.0,0.0,0.0
Wisconsin,Madison,ssp245,SSP2-4.5,2051-2075,Winter,3247201,-1.5392088645407906,-22.091522,24.605927,26.519459657501404,22.187468671679195,29.70275689223058,25.5453634085213,26.504761904761903,27.624060150375943,20.5429984431882,0.0,0.0,94.885626113074,0.0,0.0
Wyoming,Cheyenne,ssp245,SSP2-4.5,2051-2075,Fall,3276000,11.989602770486702,-11.122528,26.781708,24.304944617037094,21.707769423558894,28.103759398496244,22.827067669172934,24.426065162907268,25.86516290726817,10.477020986532247,0.15439560439560437,0.0,34.72909035409035,0.0,0.0
Wyoming,Cheyenne,ssp245,SSP2-4.5,2051-2075,Spring,3312000,8.789777492138679,-8.005249,25.16513,24.844371597471927,22.027568922305765,27.464160401002506,23.466666666666665,24.90576441102757,26.0250626566416,12.928961806690575,0.0,0.0,48.17007850241546,0.0,0.0
Wyoming,Cheyenne,ssp245,SSP2-4.5,2051-2075,Summer,3312000,22.563926280837876,9.005859,31.323639,22.506156210574744,20.90827067669173,24.74586466165414,21.86766917293233,22.347368421052632,23.306766917293235,2.300710048067019,13.899184782608694,0.11681763285024155,0.0,0.0,0.0
Wyoming,Cheyenne,ssp245,SSP2-4.5,2051-2075,Winter,3247201,1.2617349320301234,-16.819366,13.854462,26.075345134313743,23.946365914786966,28.90325814536341,25.225563909774436,26.0250626566416,26.984461152882204,18.52429606506247,0.0,0.0,95.55457146015908,0.0,0.0
Alabama,Montgomery,ssp585,SSP5-8.5,2026-2050,Fall,3276000,22.051555301338066,0.07977103406249997,33.662354,22.585554765576944,20.428571428571427,26.344862155388473,21.38796992481203,22.507268170426066,24.1062656641604,2.6616125708042917,34.02087912087912,1.6179487179487178,1.9404456654456657,0.0,0.0
Alabama,Montgomery,ssp585,SSP5-8.5,2026-2050,Spring,3312000,20.469887886001217,1.4217529,33.03366,22.864286653227282,20.58847117794486,26.0250626566416,21.707769423558894,22.827067669172934,24.1062656641604,3.9285756964876453,17.32110507246377,0.4869565217391304,1.0976147342995168,0.0,0.0
Alabama,Montgomery,ssp585,SSP5-8.5,2026-2050,Summer,3312000,29.268342853509736,15.945465,36.66696,21.311358343624768,19.948872180451126,23.6265664160401,20.90827067669173,21.228070175438596,21.707769423558894,-3.1301893471601456,94.30736714975846,17.39903381642512,0.0,0.0,0.0
Alabama,Montgomery,ssp585,SSP5-8.5,2026-2050,Winter,3247201,11.608417101739134,-7.553192,25.466888,24.377586037913815,22.027568922305765,27.464160401002506,23.306766917293235,24.426065162907268,25.38546365914787,10.807209263244614,0.0,0.0,23.99934589820587,0.0,0.0
Alaska,Juneau,ssp585,SSP5-8.5,2026-2050,Fall,3276000,5.420542229039675,-15.767975,19.322174,25.399217038781334,23.146867167919797,28.743358395989976,24.266165413533837,25.38546365914787,26.504761904761903,15.450986539915155,0.0,0.0,65.5806166056166,0.0,0.0
Alaska,Juneau,ssp585,SSP5-8.5,2026-2050,Spring,3312000,3.4848045810936497,-17.677368,19.27063,25.71595727437554,23.146867167919797,29.06315789473684,24.90576441102757,25.705263157894738,26.66466165413534,16.890714883525185,0.0,0.0,87.22774758454106,0.0,0.0
Alaska,Juneau,ssp585,SSP5-8.5,2026-2050,Summer,3312000,13.764300937204709,3.1787415,28.412262,24.01979958501326,21.54786967418546,25.705263157894738,23.306766917293235,24.1062656641604,24.74586466165414,9.180907204605727,0.5431763285024155,0.0,4.1681461352657,0.0,0.0
Alaska,Juneau,ssp585,SSP5-8.5,2026-2050,Winter,3247201,-4.2629399216361366,-27.838959,7.170532,26.94867857226003,25.065664160401,30.502255639097744,25.86516290726817,26.824561403508774,28.263659147869674,22.49399351027286,0.0,0.0,100.0,0.0,0.0
Arizona,Phoenix,ssp585,SSP5-8.5,2026-2050,Fall,3276000,25.765898775853472,8.193695,37.40808,21.926016816002154,19.788972431077692,24.90576441102757,20.58847117794486,21.86766917293233,23.466666666666665,-0.336287199990211,53.243711843711836,24.824420024420025,0.0,0.0,0.0
Arizona,Phoenix,ssp585,SSP5-8.5,2026-2050,Spring,3312000,22.34939739362742,5.916168,37.57785,22.537042112073664,19.788972431077692,25.38546365914787,21.38796992481203,22.507268170426066,23.786466165413536,2.4411005094257443,25.62397342995169,3.5543780193236714,0.16893115942028986,0.0,0.0
Arizona,Phoenix,ssp585,SSP5-8.5,2026-2050,Summer,3312000,34.2163068170093,22.742065,42.13492,20.39911656223892,18.82957393483709,22.507268170426066,19.788972431077692,20.428571428571427,21.068170426065162,-7.2767428989140015,99.08671497584541,88.9054649758454,0.0,0.0,0.0
Arizona,Phoenix,ssp585,SSP5-8.5,2026-2050,Winter,3247201,14.444609642564696,2.1547546,26.794647,23.90569775620577,21.707769423558894,25.86516290726817,23.146867167919797,23.946365914786966,24.5859649122807,8.662262528208053,0.042960075461913196,0.0,3.378263310463381,0.0,0.0
Arkansas,Little Rock,ssp585,SSP5-8.5,2026-2050,Fall,3276000,20.637849259172054,-2.2729187,34.886627,22.828715866589558,20.268671679197993,26.66466165413534,21.38796992481203,22.667167919799496,24.426065162907268,3.76689030267981,26.63171550671551,2.732783882783883,4.108791208791208,0.0,0.0
Arkansas,Little Rock,ssp585,SSP5-8.5,2026-2050,Spring,3312000,19.303296051461547,-0.30917358,32.15695804166666,23.06608578556899,20.748370927318295,26.344862155388473,21.86766917293233,22.986967418546364,24.426065162907268,4.845844479859047,13.12937801932367,0.18873792270531403,2.480676328502416,0.0,0.0
Arkansas,Little Rock,ssp585,SSP5-8.5,2026-2050,Summer,3312000,29.680989770243364,18.052277,37.29843,21.23350247009432,19.788972431077692,23.306766917293235,20.58847117794486,21.228070175438596,21.86766917293233,-3.4840796813894603,90.54278381642511,32.80277777777778,0.0,0.0,0.0
Arkansas,Little Rock,ssp585,SSP5-8.5,2026-2050,Winter,3247201,8.905335630338238,-11.93988,24.912598000000003,24.826177329221096,22.027568922305765,28.103759398496244,23.6265664160401,24.74586466165414,26.0250626566416,12.846260587368619,0.0,0.0,41.59877999544839,0.0,0.0
California,Sacramento,ssp585,SSP5-8.5,2026-2050,Fall,3276000,20.572726178103647,4.0800476,33.65732,22.8454975307622,20.428571428571427,25.705263157894738,21.707769423558894,22.667167919799496,24.266165413533837,3.84317059437363,20.80558608058608,0.7442002442002442,1.0259462759462759,0.0,0.0
California,Sacramento,ssp585,SSP5-8.5,2026-2050,Spring,3312000,17.01621356534956,5.6115723,30.738678,23.46589608698679,21.068170426065162,25.38546365914787,22.507268170426066,23.466666666666665,24.426065162907268,6.663164031758129,2.2869565217391306,0.0,0.44692028985507243,0.0,0.0
California,Sacramento,ssp585,SSP5-8.5,2026-2050,Summer,3312000,26.619787495897583,15.1432495,34.77481,21.787876252981484,20.268671679197993,23.786466165413536,21.228070175438596,21.707769423558894,22.347368421052632,-0.9641988500841657,63.07427536231884,4.869716183574879,0.0,0.0,0.0
California,Sacramento,ssp585,SSP5-8.5,2026-2050,Winter,3247201,10.800695715269116,-1.8083191,19.13565,24.518609724201745,23.146867167919797,26.504761904761903,23.946365914786966,24.426065162907268,25.065664160401,11.448226019098842,0.0,0.0,14.876596798288741,0.0,0.0
Colorado,Denver,ssp585,SSP5-8.5,2026-2050,Fall,3276000,13.083258977736143,-10.512024,26.395996,24.122581930252995,21.86766917293233,27.943859649122807,22.667167919799496,24.1062656641604,25.5453634085213,9.648099682968159,0.012698412698412698,0.0,24.90583028083028,0.0,0.0
Colorado,Denver,ssp585,SSP5-8.5,2026-2050,Spring,3312000,10.34862928840577,-7.6357727,26.185944,24.587668964682237,21.86766917293233,27.464160401002506,23.306766917293235,24.5859649122807,25.705263157894738,11.762131657646533,0.021286231884057972,0.0,35.41002415458937,0.0,0.0
Colorado,Denver,ssp585,SSP5-8.5,2026-2050,Summer,3312000,23.19427481615976,12.155792,31.011292,22.396481107660453,21.068170426065162,24.266165413533837,21.86766917293233,22.347368421052632,23.146867167919797,1.8021868530020575,18.288677536231884,0.0,0.0,0.0,0.0
Colorado,Denver,ssp585,SSP5-8.5,2026-2050,Winter,3247201,2.5303840994295155,-16.945404,13.505707,25.87072433623245,24.1062656641604,28.90325814536341,24.90576441102757,25.86516290726817,26.824561403508774,17.594201528329314,0.0,0.0,89.71230915486908,0.0,0.0
Connecticut,Hartford,ssp585,SSP5-8.5,2026-2050,Fall,3276000,15.202326399567506,-4.798828,30.732635,23.765281840284473,21.068170426065162,26.984461152882204,22.347368421052632,23.786466165413536,25.38546365914787,8.024008364929424,3.4179181929181928,0.0,15.897466422466422,0.0,0.0
Connecticut,Hartford,ssp585,SSP5-8.5,2026-2050,Spring,3312000,12.01410934100784,-7.9823305,28.791473,24.30447694931773,21.38796992481203,27.464160401002506,22.827067669172934,24.266165413533837,25.705263157894738,10.474895224171506,0.3605978260869565,0.0,30.099667874396136,0.0,0.0
Connecticut,Hartford,ssp585,SSP5-8.5,2026-2050,Summer,3312000,25.081834549809486,14.596344,34.565186,22.06159821534514,20.268671679197993,23.946365914786966,21.38796992481203,22.027568922305765,22.827067669172934,0.27999188793245045,44.466425120772946,1.2093599033816425,0.0,0.0,0.0
Connecticut,Hartford,ssp585,SSP5-8.5,2026-2050,Winter,3247201,2.2719836123691466,-14.052551,19.092896,25.913116321126303,23.146867167919797,28.423558897243108,25.065664160401,25.86516290726817,26.824561403508774,17.78689236875592,0.0,0.0,92.30136970270704,0.0,0.0
Delaware,Dover,ssp585,SSP5-8.5,2026-2050,Fall,3276000,17.853927777315388,-3.426500604375,33.46875,23.31045276270652,20.58847117794486,26.824561403508774,21.86766917293233,23.306766917293235,24.90576441102757,5.956603466847826,13.528510378510378,0.2797008547008547,8.652747252747254,0.0,0.0
Delaware,Dover,ssp585,SSP5-8.5,2026-2050,Spring,3312000,15.095165128677822,-3.43728625,29.523468,23.78486682996743,21.228070175438596,26.824561403508774,22.347368421052632,23.786466165413536,25.225563909774436,8.113031045306505,3.233937198067633,0.0,14.713013285024154,0.0,0.0
Delaware,Dover,ssp585,SSP5-8.5,2026-2050,Summer,3312000,27.167533329093594,14.061493,36.186127,21.687574838364025,20.10877192982456,23.946365914786966,20.90827067669173,21.54786967418546,22.507268170426066,-1.4201143710726136,68.45015096618357,11.13282004830918,0.0,0.0,0.0
Delaware,Dover,ssp585,SSP5-8.5,2026-2050,Winter,3247201,5.282705250843819,-12.361176,21.779114,25.422717797616414,22.667167919799496,28.263659147869674,24.266165413533837,25.5453634085213,26.504761904761903,15.5578081709837,0.0,0.0,69.17335884042903,0.0,0.0
Florida,Tallahassee,ssp585,SSP5-8.5,2026-2050,Fall,3276000,23.658739056083586,4.8230896,35.387634,22.30647474348262,20.10877192982456,25.5453634085213,21.228070175438596,22.187468671679195,23.6265664160401,1.393067015830095,41.596550671550666,1.5652014652014652,0.26965811965811964,0.0,0.0
Florida,Tallahassee,ssp585,SSP5-8.5,2026-2050,Spring,3312000,21.84804711688873,5.1875305,32.305603,22.626120659589795,20.748370927318295,25.38546365914787,21.707769423558894,22.507268170426066,23.786466165413536,2.84600299813543,23.962107487922705,0.41497584541062804,0.5090277777777777,0.0,0.0
Florida,Tallahassee,ssp585,SSP5-8.5,2026-2050,Summer,3312000,29.404329905030362,19.069092,34.87741,21.287771440830333,20.268671679197993,23.146867167919797,20.90827067669173,21.228070175438596,21.54786967418546,-3.237402541680303,97.25875603864735,10.68580917874396,0.0,0.0,0.0
Florida,Tallahassee,ssp585,SSP5-8.5,2026-2050,Winter,3247201,14.385786491475347,-2.2757263,26.150848,23.911279079072127,21.86766917293233,26.66466165413534,22.827067669172934,23.946365914786966,24.90576441102757,8.687632177600578,0.012995807774141485,0.0,9.722034453672562,0.0,0.0
Georgia,Atlanta,ssp585,SSP5-8.5,2026-2050,Fall,3276000,20.48065216468856,-2.1300900331458332,32.005615,22.859208836652066,20.748370927318295,26.66466165413534,21.54786967418546,22.667167919799496,24.426065162907268,3.905494712054844,24.79282661782662,0.2579059829059829,3.8211538461538463,0.0,0.0
Georgia,Atlanta,ssp585,SSP5-8.5,2026-2050,Spring,3312000,18.894313987451017,-1.179779,31.092346,23.137641164808162,20.90827067669173,26.504761904761903,21.86766917293233,23.146867167919797,24.426065162907268,5.171096203673464,10.289764492753624,0.0016304347826086956,3.015277777777778,0.0,0.0
Georgia,Atlanta,ssp585,SSP5-8.5,2026-2050,Summer,3312000,28.160245232952303,13.654144,33.710785,21.511536270174222,20.428571428571427,24.1062656641604,21.068170426065162,21.38796992481203,22.027568922305765,-2.220289681026263,87.73502415458937,5.950150966183575,0.0,0.0,0.0
Georgia,Atlanta,ssp585,SSP5-8.5,2026-2050,Winter,3247201,9.691146094647547,-8.735016,23.76477,24.696415068783676,22.347368421052632,27.624060150375943,23.6265664160401,24.74586466165414,25.86516290726817,12.25643213083489,0.0,0.0,36.20142393402811,0.0,0.0
Hawaii,Honolulu,ssp585,SSP5-8.5,2026-2050,Fall,3276000,25.737434463888274,22.46225,28.33963,21.947618950000145,21.54786967418546,22.507268170426066,21.707769423558894,21.86766917293233,22.187468671679195,-0.23809568181752447,50.348626373626374,0.0,0.0,0.0,0.0
Hawaii,Honolulu,ssp585,SSP5-8.5,2026-2050,Spring,3312000,23.837506991868285,19.854034,26.532654,22.284420543811223,21.86766917293233,22.986967418546364,22.027568922305765,22.347368421052632,22.507268170426066,1.2928206536873754,3.2418176328502413,0.0,0.0,0.0,0.0
Hawaii,Honolulu,ssp585,SSP5-8.5,2026-2050,Summer,3312000,26.107389432231056,23.737686,28.493103,21.881801616813775,21.38796992481203,22.347368421052632,21.707769423558894,21.86766917293233,22.027568922305765,-0.5372653781192066,71.90830314009662,0.0,0.0,0.0,0.0
Hawaii,Honolulu,ssp585,SSP5-8.5,2026-2050,Winter,3247201,22.856853350171427,18.33664,26.085602,22.456571170804033,21.86766917293233,23.306766917293235,22.187468671679195,22.507268170426066,22.667167919799496,2.0753235036546935,0.16167770335128623,0.0,0.0,0.0,0.0
Idaho,Boise,ssp585,SSP5-8.5,2026-2050,Fall,3276000,13.405509696022117,-10.740753,29.370636,24.064519236736537,21.228070175438596,27.943859649122807,22.507268170426066,24.1062656641604,25.705263157894738,9.38417834880244,2.506013431013431,0.0,27.32045177045177,0.0,0.0
Idaho,Boise,ssp585,SSP5-8.5,2026-2050,Spring,3312000,10.880360545146877,-9.168335,27.385681,24.499048777136075,21.707769423558894,27.783959899749373,23.306766917293235,24.5859649122807,25.38546365914787,11.359312623345796,0.19631642512077294,0.0,29.814643719806767,0.0,0.0
Idaho,Boise,ssp585,SSP5-8.5,2026-2050,Summer,3312000,24.718264316000916,5.313751,33.665985,22.121603444753188,20.428571428571427,25.38546365914787,21.228070175438596,22.027568922305765,23.146867167919797,0.5527429306963069,49.02986111111111,1.7391304347826086,0.1748792270531401,0.0,0.0
Idaho,Boise,ssp585,SSP5-8.5,2026-2050,Winter,3247201,2.0829464193336227,-17.079071,13.695892,25.943908486864885,24.1062656641604,28.90325814536341,25.225563909774436,25.86516290726817,26.824561403508774,17.92685675847675,0.0,0.0,95.75234178604897,0.0,0.0
Illinois,Springfield,ssp585,SSP5-8.5,2026-2050,Fall,3276000,15.979383380889535,-9.673645,31.844574,23.6260862286975,20.90827067669173,27.783959899749373,21.86766917293233,23.466666666666665,25.5453634085213,7.3913010395340875,10.960714285714285,0.03089133089133089,16.66025641025641,0.0,0.0
Illinois,Springfield,ssp585,SSP5-8.5,2026-2050,Spring,3312000,13.91718776495255,-10.584198,29.560791,23.981540914635623,21.228070175438596,27.943859649122807,22.507268170426066,23.946365914786966,25.5453634085213,9.00700415743465,2.111986714975845,0.0,21.00247584541063,0.0,0.0
Illinois,Springfield,ssp585,SSP5-8.5,2026-2050,Summer,3312000,26.38832662459541,14.200928,35.987762,21.827758446539065,20.10877192982456,23.946365914786966,21.068170426065162,21.707769423558894,22.667167919799496,-0.782916152095161,60.647584541062805,5.127204106280193,0.0,0.0,0.0
Illinois,Springfield,ssp585,SSP5-8.5,2026-2050,Winter,3247201,1.1373059403394206,-17.554,23.151031,26.08966800518053,22.347368421052632,29.06315789473684,24.74586466165414,26.18496240601504,27.304260651629072,18.58940002354787,0.0,0.0,84.9668683891142,0.0,0.0
Indiana,Indianapolis,ssp585,SSP5-8.5,2026-2050,Fall,3276000,15.729948162686432,-8.318054,32.723389,23.669366688240746,20.748370927318295,27.624060150375943,22.027568922305765,23.6265664160401,25.5453634085213,7.588030401094302,9.519810744810744,0.06962759462759463,16.186477411477412,0.0,0.0
Indiana,Indianapolis,ssp585,SSP5-8.5,2026-2050,Spring,3312000,13.543377586079064,-9.345245,29.960083,24.044791597199513,21.228070175438596,27.783959899749373,22.507268170426066,23.946365914786966,25.5453634085213,9.294507259997786,2.288617149758454,0.0,21.118357487922708,0.0,0.0
Indiana,Indianapolis,ssp585,SSP5-8.5,2026-2050,Summer,3312000,25.976634721683965,12.78714,37.07364,21.900034871296583,19.788972431077692,24.266165413533837,21.068170426065162,21.86766917293233,22.667167919799496,-0.454386948651895,54.52566425120773,5.847101449275362,0.0,0.0,0.0
Indiana,Indianapolis,ssp585,SSP5-8.5,2026-2050,Winter,3247201,1.4796378844547502,-18.40245,20.86618,26.034772555098744,22.827067669172934,29.06315789473684,24.74586466165414,26.0250626566416,27.304260651629072,18.339875250448838,0.0,0.0,84.07274449595205,0.0,0.0
Iowa,Des Moines,ssp585,SSP5-8.5,2026-2050,Fall,3276000,14.493842916566264,-13.583679,31.303314,23.873430689819777,20.90827067669173,28.423558897243108,22.027568922305765,23.786466165413536,26.0250626566416,8.515594044635352,8.029212454212455,0.03745421245421245,23.98409645909646,0.0,0.0
Iowa,Des Moines,ssp585,SSP5-8.5,2026-2050,Spring,3312000,12.268456741022533,-13.242615,27.27237,24.256070148650615,21.707769423558894,28.423558897243108,22.667167919799496,24.1062656641604,25.86516290726817,10.25486431204825,1.0314915458937197,0.0,29.99453502415459,0.0,0.0
Iowa,Des Moines,ssp585,SSP5-8.5,2026-2050,Summer,3312000,26.107916269147232,14.296356,35.12616,21.878391242901948,20.268671679197993,23.946365914786966,21.228070175438596,21.86766917293233,22.667167919799496,-0.552767077718418,57.310658212560384,4.435869565217391,0.0,0.0,0.0
Iowa,Des Moines,ssp585,SSP5-8.5,2026-2050,Winter,3247201,-1.571066251095837,-21.70111,23.731842,26.521918524102276,22.347368421052632,29.54285714285714,25.225563909774436,26.504761904761903,27.783959899749373,20.554175109555796,0.0,0.0,94.24384262015194,0.0,0.0
Kansas,Topeka,ssp585,SSP5-8.5,2026-2050,Fall,3276000,17.173174654855654,-10.654877,33.276185,23.420850019431978,20.58847117794486,27.943859649122807,21.707769423558894,23.306766917293235,25.225563909774436,6.458409179236262,15.03257020757021,0.5106837606837606,14.918406593406594,0.0,0.0
Kansas,Topeka,ssp585,SSP5-8.5,2026-2050,Spring,3312000,15.299270558208054,-11.048523,28.657882420833335,23.74869863638566,21.38796992481203,27.943859649122807,22.347368421052632,23.6265664160401,25.225563909774436,7.948630165389371,4.402536231884058,0.0,15.705193236714976,0.0,0.0
Kansas,Topeka,ssp585,SSP5-8.5,2026-2050,Summer,3312000,28.303736545535784,15.682648,36.002533,21.483089515757996,20.10877192982456,23.6265664160401,20.748370927318295,21.38796992481203,22.187468671679195,-2.3495931101909275,80.92913647342995,18.467210144927538,0.0,0.0,0.0
Kansas,Topeka,ssp585,SSP5-8.5,2026-2050,Winter,3247201,2.206310281859686,-19.487076,21.558136,25.91658431083472,22.667167919799496,29.223057644110277,24.74586466165414,25.86516290726817,27.304260651629072,17.802655958339628,0.0,0.0,83.18428702134545,0.0,0.0
Kentucky,Frankfort,ssp585,SSP5-8.5,2026-2050,Fall,3276000,16.848559879151043,-5.6523438,33.8044735,23.480760589813976,20.428571428571427,27.14436090225564,21.86766917293233,23.466666666666665,25.065664160401,6.730729953699889,10.984981684981685,0.39606227106227104,11.537728937728938,0.0,0.0
Kentucky,Frankfort,ssp585,SSP5-8.5,2026-2050,Spring,3312000,14.77103172258993,-7.163666,31.283234,23.840051844738657,20.90827067669173,27.464160401002506,22.347368421052632,23.786466165413536,25.225563909774436,8.363872021539349,3.300664251207729,0.021316425120772947,15.120410628019323,0.0,0.0
Kentucky,Frankfort,ssp585,SSP5-8.5,2026-2050,Summer,3312000,26.30452060542202,13.18808,36.466614,21.84125631242962,19.948872180451126,24.1062656641604,21.068170426065162,21.707769423558894,22.667167919799496,-0.7215622162289942,59.98282004830918,7.504468599033816,0.0,0.0,0.0
Kentucky,Frankfort,ssp585,SSP5-8.5,2026-2050,Winter,3247201,3.9251861569469377,-13.488861,21.575928,25.641448099540405,22.667167919799496,28.423558897243108,24.426065162907268,25.705263157894738,26.824561403508774,16.55203681609275,0.0,0.0,74.34359622333203,0.0,0.0
Louisiana,Baton Rouge,ssp585,SSP5-8.5,2026-2050,Fall,3276000,23.623042947277664,6.2885437,34.659485,22.312403968712985,20.268671679197993,25.225563909774436,21.228070175438596,22.187468671679195,23.6265664160401,1.420018039604478,40.79264346764347,2.846947496947497,0.167002442002442,0.0,0.0
Louisiana,Baton Rouge,ssp585,SSP5-8.5,2026-2050,Spring,3312000,22.42934048165158,7.7873535,32.5412,22.525299570786874,20.748370927318295,25.065664160401,21.54786967418546,22.507268170426066,23.6265664160401,2.387725321758519,29.091304347826085,0.25929951690821257,0.03765096618357488,0.0,0.0
Louisiana,Baton Rouge,ssp585,SSP5-8.5,2026-2050,Summer,3312000,29.922618565694513,19.600464,34.15219909236111,21.192315587277367,20.428571428571427,22.986967418546364,20.90827067669173,21.228070175438596,21.54786967418546,-3.6712927851028776,97.88638285024155,23.52403381642512,0.0,0.0,0.0
Louisiana,Baton Rouge,ssp585,SSP5-8.5,2026-2050,Winter,3247201,14.335281154880198,-4.038849,30.654724,23.92078087943469,21.068170426065162,26.984461152882204,22.986967418546364,23.946365914786966,24.90576441102757,8.730822179248596,0.5206945920501995,0.0,5.717385526796771,0.0,0.0
Maine,Augusta,ssp585,SSP5-8.5,2026-2050,Fall,3276000,11.60107651591507,-9.014404193055556,29.92981,24.371954472720272,21.228070175438596,27.624060150375943,22.827067669172934,24.266165413533837,25.86516290726817,10.781611239637602,0.37213064713064714,0.0,31.552594627594626,0.0,0.0
Maine,Augusta,ssp585,SSP5-8.5,2026-2050,Spring,3312000,8.160698066771102,-13.107956,24.496368,24.944142475149224,22.187468671679195,28.263659147869674,23.466666666666665,24.90576441102757,26.344862155388473,13.382465796132836,0.0,0.0,49.34139492753623,0.0,0.0
Maine,Augusta,ssp585,SSP5-8.5,2026-2050,Summer,3312000,22.127457259872617,10.300567999999998,32.248688,22.58194468462824,20.748370927318295,24.5859649122807,21.86766917293233,22.507268170426066,23.306766917293235,2.645203111946547,14.899365942028986,0.04196859903381643,0.0,0.0,0.0
Maine,Augusta,ssp585,SSP5-8.5,2026-2050,Winter,3247201,-2.265125187387039,-20.094818,14.709412,26.63690641073176,23.786466165413536,29.382957393483707,25.705263157894738,26.66466165413534,27.624060150375943,21.076847321508005,0.0,0.0,99.09448167822073,0.0,0.0
Maryland,Annapolis,ssp585,SSP5-8.5,2026-2050,Fall,3276000,18.294798076880593,-3.711395578472222,34.0697635,23.234237640499295,20.428571428571427,26.824561403508774,21.707769423558894,23.146867167919797,24.74586466165414,5.610171093178613,15.952136752136752,0.7528388278388278,8.061630036630037,0.0,0.0
Maryland,Annapolis,ssp585,SSP5-8.5,2026-2050,Spring,3312000,15.6946992206093,-3.7814026,30.575409,23.68221732229124,21.068170426065162,26.824561403508774,22.187468671679195,23.6265664160401,25.225563909774436,7.646442374051094,5.124577294685991,0.0,13.10510265700483,0.0,0.0
Maryland,Annapolis,ssp585,SSP5-8.5,2026-2050,Summer,3312000,27.705072774156164,14.57724,37.27646,21.590181938390653,19.788972431077692,23.946365914786966,20.748370927318295,21.54786967418546,22.507268170426066,-1.862809370951575,72.18378623188406,16.583937198067634,0.0,0.0,0.0
Maryland,Annapolis,ssp585,SSP5-8.5,2026-2050,Winter,3247201,5.703446010876705,-12.666107,22.593964,25.353193041636466,22.507268170426066,28.263659147869674,24.266165413533837,25.38546365914787,26.504761904761903,15.241786552893027,0.0,0.0,66.33713157885822,0.0,0.0
Massachusetts,Boston,ssp585,SSP5-8.5,2026-2050,Fall,3276000,14.80077974468223,-3.8715947713888887,30.307892,23.834593500693135,21.068170426065162,26.824561403508774,22.507268170426066,23.786466165413536,25.225563909774436,8.339061366786977,1.5403846153846152,0.0,16.55054945054945,0.0,0.0
Massachusetts,Boston,ssp585,SSP5-8.5,2026-2050,Spring,3312000,11.285474794778658,-8.32959,25.812256,24.428766609307086,21.86766917293233,27.624060150375943,23.146867167919797,24.426065162907268,25.705263157894738,11.039848224123118,0.003170289855072464,0.0,32.24972826086957,0.0,0.0
Massachusetts,Boston,ssp585,SSP5-8.5,2026-2050,Summer,3312000,24.42996094755829,13.772369,30.94873,22.177590275658957,21.068170426065162,23.946365914786966,21.54786967418546,22.187468671679195,22.827067669172934,0.8072285257225335,35.08822463768116,0.0,0.0,0.0,0.0
Massachusetts,Boston,ssp585,SSP5-8.5,2026-2050,Winter,3247201,1.9680252699713194,-13.2526245,17.170929,25.961964369670333,23.466666666666665,28.423558897243108,25.225563909774436,25.86516290726817,26.824561403508774,18.008928953046972,0.0,0.0,93.62928257289894,0.0,0.0
Michigan,Lansing,ssp585,SSP5-8.5,2026-2050,Fall,3276000,13.56563093730675,-8.28949,31.668182,24.036296394068202,20.90827067669173,27.624060150375943,22.347368421052632,23.946365914786966,26.0250626566416,9.25589270031001,4.056349206349206,0.061660561660561664,23.894200244200245,0.0,0.0
Michigan,Lansing,ssp585,SSP5-8.5,2026-2050,Spring,3312000,10.47038568393767,-10.233978,29.07166843263889,24.55687749673095,21.38796992481203,27.943859649122807,22.986967418546364,24.426065162907268,26.344862155388473,11.622170439686142,1.0790760869565217,0.0,37.35274758454106,0.0,0.0
Michigan,Lansing,ssp585,SSP5-8.5,2026-2050,Summer,3312000,24.018315161168516,10.693207,34.66812,22.24682474286562,20.268671679197993,24.5859649122807,21.38796992481203,22.187468671679195,23.146867167919797,1.1219306493891812,36.118961352657,3.4397644927536235,0.0,0.0,0.0
Michigan,Lansing,ssp585,SSP5-8.5,2026-2050,Winter,3247201,-0.5306275141053794,-20.581406,20.237091,26.35904842802656,22.986967418546364,29.382957393483707,25.38546365914787,26.344862155388473,27.464160401002506,19.813856491029824,0.0,0.0,93.84066462162336,0.0,0.0
Minnesota,Saint Paul,ssp585,SSP5-8.5,2026-2050,Fall,3276000,12.420558491850898,-17.067017,31.9841,24.220374342449524,20.748370927318295,28.90325814536341,22.187468671679195,24.1062656641604,26.344862155388473,10.092610647497837,5.178754578754579,0.13769841269841268,32.004120879120876,0.0,0.0
Minnesota,Saint Paul,ssp585,SSP5-8.5,2026-2050,Spring,3312000,9.895948404682272,-14.39444,28.361847,24.648524144297937,21.54786967418546,28.58345864661654,22.827067669172934,24.5859649122807,26.504761904761903,12.03874611044517,1.1647041062801933,0.0,41.65667270531401,0.0,0.0
Minnesota,Saint Paul,ssp585,SSP5-8.5,2026-2050,Summer,3312000,24.91977094447366,11.122284,35.31433,22.088614948452037,20.268671679197993,24.426065162907268,21.228070175438596,22.027568922305765,22.986967418546364,0.4027952202365303,43.50769927536232,3.687832125603865,0.0,0.0,0.0
Minnesota,Saint Paul,ssp585,SSP5-8.5,2026-2050,Winter,3247201,-4.486122080003404,-29.28273,21.86319,26.982393910546904,22.667167919799496,30.662155388471177,25.86516290726817,26.824561403508774,28.423558897243108,22.64724504794047,0.0,0.0,99.44213493405552,0.0,0.0
Mississippi,Jackson,ssp585,SSP5-8.5,2026-2050,Fall,3276000,21.809219843876452,-0.1366272,35.68808,22.62710209926526,20.10877192982456,26.344862155388473,21.38796992481203,22.507268170426066,24.1062656641604,2.850464087569371,31.97014652014652,2.2702686202686206,1.9749694749694748,0.0,0.0
Mississippi,Jackson,ssp585,SSP5-8.5,2026-2050,Spring,3312000,20.326314432231023,2.276703,34.64987,22.889736928825684,20.268671679197993,25.86516290726817,21.707769423558894,22.827067669172934,24.1062656641604,4.044258767389473,16.27285628019324,0.4416968599033817,1.0538043478260868,0.0,0.0
Mississippi,Jackson,ssp585,SSP5-8.5,2026-2050,Summer,3312000,29.388768386324355,17.038391,36.215576,21.288437641507144,19.948872180451126,23.466666666666665,20.748370927318295,21.228070175438596,21.86766917293233,-3.2343743567857075,93.30564613526569,21.653200483091787,0.0,0.0,0.0
Mississippi,Jackson,ssp585,SSP5-8.5,2026-2050,Winter,3247201,11.179267430596388,-11.177643,25.751007,24.450187356305918,21.86766917293233,28.103759398496244,23.306766917293235,24.426065162907268,25.5453634085213,11.13721525593599,0.00040034478925080405,0.0,26.17435754669945,0.0,0.0
Missouri,Jefferson City,ssp585,SSP5-8.5,2026-2050,Fall,3276000,17.028118944674727,-8.407043,34.088318,23.44785511519948,20.428571428571427,27.624060150375943,21.707769423558894,23.306766917293235,25.225563909774436,6.581159614543094,13.414285714285715,0.48031135531135527,13.490109890109892,0.0,0.0
Missouri,Jefferson City,ssp585,SSP5-8.5,2026-2050,Spring,3312000,15.126012295220324,-7.923767,29.719269,23.778246632735218,21.228070175438596,27.464160401002506,22.347368421052632,23.6265664160401,25.225563909774436,8.082939239705537,2.6318538647342993,0.0,15.287741545893722,0.0,0.0
Missouri,Jefferson City,ssp585,SSP5-8.5,2026-2050,Summer,3312000,27.192733449151277,14.849274,36.057465,21.68308132711004,20.10877192982456,23.786466165413536,20.90827067669173,21.54786967418546,22.507268170426066,-1.4405394222270829,68.84764492753624,10.03112922705314,0.0,0.0,0.0
Missouri,Jefferson City,ssp585,SSP5-8.5,2026-2050,Winter,3247201,2.919286084791788,-16.749847,24.116028,25.802650308592458,22.187468671679195,28.90325814536341,24.5859649122807,25.86516290726817,27.14436090225564,17.28477412996572,0.0,0.0,79.15623332217501,0.0,0.0
Montana,Helena,ssp585,SSP5-8.5,2026-2050,Fall,3276000,11.03367592575741,-17.674591,27.599152,24.461624016696202,21.54786967418546,29.06315789473684,22.827067669172934,24.426065162907268,26.0250626566416,11.189200075891828,0.616971916971917,0.0,39.53287545787546,0.0,0.0
Montana,Helena,ssp585,SSP5-8.5,2026-2050,Spring,3312000,8.776386005995338,-16.513885,26.570679,24.84702824104343,21.86766917293233,28.90325814536341,23.466666666666665,25.065664160401,25.86516290726817,12.941037459288312,0.015096618357487922,0.0,51.00842391304348,0.0,0.0
Montana,Helena,ssp585,SSP5-8.5,2026-2050,Summer,3312000,22.863906426315136,9.80484,32.353485,22.450449735298392,20.748370927318295,24.74586466165414,21.54786967418546,22.347368421052632,23.6265664160401,2.047498796810872,28.405434782608697,0.1361413043478261,0.0,0.0,0.0
Montana,Helena,ssp585,SSP5-8.5,2026-2050,Winter,3247201,-0.22073505166000915,-27.407684,12.761322,26.309273983492606,24.266165413533837,30.502255639097744,25.38546365914787,26.18496240601504,27.464160401002506,19.587609015875483,0.0,0.0,98.63269936169642,0.0,0.0
Nebraska,Lincoln,ssp585,SSP5-8.5,2026-2050,Fall,3276000,15.020487770963028,-14.590393,32.374054,23.784657140868042,20.748370927318295,28.58345864661654,22.027568922305765,23.6265664160401,25.705263157894738,8.112077913036554,9.472985347985349,0.13467643467643467,23.121092796092796,0.0,0.0
Nebraska,Lincoln,ssp585,SSP5-8.5,2026-2050,Spring,3312000,12.80073543050251,-14.620819,28.592194,24.16749008087853,21.38796992481203,28.58345864661654,22.507268170426066,24.1062656641604,25.705263157894738,9.852227640356952,1.8116545893719809,0.0,27.29157608695652,0.0,0.0
Nebraska,Lincoln,ssp585,SSP5-8.5,2026-2050,Summer,3312000,26.930987484193,14.799896,34.679474,21.731239877622798,20.268671679197993,23.786466165413536,21.068170426065162,21.707769423558894,22.507268170426066,-1.2216369198963728,68.78671497584541,6.83058574879227,0.0,0.0,0.0
Nebraska,Lincoln,ssp585,SSP5-8.5,2026-2050,Winter,3247201,-0.8684088211130597,-22.243134,17.276459,26.40952009473787,23.466666666666665,29.70275689223058,25.225563909774436,26.344862155388473,27.783959899749373,20.043273157899417,0.0,0.0,94.4069061323891,0.0,0.0
Nevada,Carson City,ssp585,SSP5-8.5,2026-2050,Fall,3276000,12.04148329205206,-5.6404724,25.38565,24.301792893405675,22.027568922305765,27.14436090225564,22.986967418546364,24.266165413533837,25.705263157894738,10.462694970025797,0.0,0.0,27.47567155067155,0.0,0.0
Nevada,Carson City,ssp585,SSP5-8.5,2026-2050,Spring,3312000,7.910779742090224,-4.960663,22.645355,24.99233419327305,22.507268170426066,27.14436090225564,23.946365914786966,25.065664160401,25.86516290726817,13.60151906033204,0.0,0.0,54.076781400966176,0.0,0.0
Nevada,Carson City,ssp585,SSP5-8.5,2026-2050,Summer,3312000,20.039240693158728,5.7001038,28.379852,22.946194285986707,21.54786967418546,25.38546365914787,22.187468671679195,22.986967418546364,23.6265664160401,4.300883118121393,2.9653683574879226,0.0,0.3277475845410628,0.0,0.0
Nevada,Carson City,ssp585,SSP5-8.5,2026-2050,Winter,3247201,2.5283501061598685,-13.509186,12.742767,25.874170413103165,24.266165413533837,28.423558897243108,25.225563909774436,25.86516290726817,26.504761904761903,17.609865514105298,0.0,0.0,97.19801761578665,0.0,0.0
New Hampshire,Concord,ssp585,SSP5-8.5,2026-2050,Fall,3276000,12.804859217183536,-7.869570327083333,32.06894,24.16875571621361,20.748370927318295,27.464160401002506,22.667167919799496,24.1062656641604,25.86516290726817,9.857980528243683,1.3965201465201467,0.02622100122100122,25.349694749694752,0.0,0.0
New Hampshire,Concord,ssp585,SSP5-8.5,2026-2050,Spring,3312000,10.07906805752461,-10.621582,26.840973,24.626225757328097,21.707769423558894,27.943859649122807,23.146867167919797,24.5859649122807,26.0250626566416,11.937389806036803,0.16947463768115942,0.0,40.30908816425121,0.0,0.0
New Hampshire,Concord,ssp585,SSP5-8.5,2026-2050,Summer,3312000,23.37407365213169,11.981476,33.87961,22.362564159644275,20.428571428571427,24.266165413533837,21.54786967418546,22.347368421052632,23.146867167919797,1.6480189074739793,27.135718599033815,0.5810386473429952,0.0,0.0,0.0
New Hampshire,Concord,ssp585,SSP5-8.5,2026-2050,Winter,3247201,-0.1322750404578035,-17.618866,18.572113,26.29710251010633,23.146867167919797,29.06315789473684,25.38546365914787,26.344862155388473,27.304260651629072,19.532284136846958,0.0,0.0,97.16007724806688,0.0,0.0
New Jersey,Trenton,ssp585,SSP5-8.5,2026-2050,Fall,3276000,16.801338380731085,-3.3049622,31.826385,23.491782739204535,20.90827067669173,26.824561403508774,22.027568922305765,23.466666666666665,25.065664160401,6.780830632747885,8.448717948717949,0.03415750915750916,11.028144078144079,0.0,0.0
New Jersey,Trenton,ssp585,SSP5-8.5,2026-2050,Spring,3312000,13.745501356395827,-5.00590515,28.358612,24.01335806802633,21.54786967418546,27.14436090225564,22.667167919799496,23.946365914786966,25.38546365914787,9.15162758193787,0.8779287439613527,0.0,19.895169082125605,0.0,0.0
New Jersey,Trenton,ssp585,SSP5-8.5,2026-2050,Summer,3312000,26.32211070604424,14.695953,34.434906,21.83973267831414,20.428571428571427,23.946365914786966,21.228070175438596,21.86766917293233,22.667167919799496,-0.7284878258448237,59.9020229468599,4.089492753623189,0.0,0.0,0.0
New Jersey,Trenton,ssp585,SSP5-8.5,2026-2050,Winter,3247201,4.0679964426146995,-13.48764,19.650879,25.62093285771077,22.986967418546364,28.423558897243108,24.5859649122807,25.705263157894738,26.66466165413534,16.458785716867137,0.0,0.0,79.59547314748917,0.0,0.0
New Mexico,Santa Fe,ssp585,SSP5-8.5,2026-2050,Fall,3276000,11.950406911392951,-11.113525,24.355804,24.31755917464603,22.187468671679195,27.943859649122807,23.146867167919797,24.266165413533837,25.5453634085213,10.534359884754675,0.0,0.0,28.023504273504273,0.0,0.0
New Mexico,Santa Fe,ssp585,SSP5-8.5,2026-2050,Spring,3312000,9.666408286635418,-7.708679,23.153595,24.701402441036155,22.347368421052632,27.464160401002506,23.6265664160401,24.74586466165414,25.86516290726817,12.279102004709795,0.0,0.0,38.41165458937198,0.0,0.0
New Mexico,Santa Fe,ssp585,SSP5-8.5,2026-2050,Summer,3312000,20.570066594535437,11.047882,28.55478,22.856155084722666,21.38796992481203,24.426065162907268,22.347368421052632,22.827067669172934,23.466666666666665,3.8916140214666615,1.9896739130434782,0.0,0.0,0.0,0.0
New Mexico,Santa Fe,ssp585,SSP5-8.5,2026-2050,Winter,3247201,1.4824188109732872,-17.40152,15.711884,26.040624021397893,23.6265664160401,28.90325814536341,25.38546365914787,26.0250626566416,26.824561403508774,18.366472824535876,0.0,0.0,97.56722789873494,0.0,0.0
New York,Albany,ssp585,SSP5-8.5,2026-2050,Fall,3276000,13.965686433278938,-7.017517,33.41571,23.971205872281434,20.58847117794486,27.464160401002506,22.347368421052632,23.946365914786966,25.705263157894738,8.960026692188338,3.582814407814408,0.04120879120879121,21.450457875457875,0.0,0.0
New York,Albany,ssp585,SSP5-8.5,2026-2050,Spring,3312000,11.323928361005292,-9.561142,29.641052,24.416770555464748,21.228070175438596,27.783959899749373,22.827067669172934,24.426065162907268,25.86516290726817,10.985320706657943,0.803864734299517,0.0,34.38414855072464,0.0,0.0
New York,Albany,ssp585,SSP5-8.5,2026-2050,Summer,3312000,24.648589446522422,12.85672,36.729675,22.13528621886843,19.948872180451126,24.1062656641604,21.228070175438596,22.187468671679195,22.986967418546364,0.6149373584928629,41.16651570048309,3.3026570048309183,0.0,0.0,0.0
New York,Albany,ssp585,SSP5-8.5,2026-2050,Winter,3247201,0.6366212287275359,-18.124084,18.334564,26.17371988921998,23.306766917293235,29.06315789473684,25.225563909774436,26.18496240601504,27.14436090225564,18.971454041909006,0.0,0.0,95.43874863305352,0.0,0.0
North Carolina,Raleigh,ssp585,SSP5-8.5,2026-2050,Fall,3276000,19.242077045656636,-2.724036397916667,32.321106,23.072387123945397,20.748370927318295,26.66466165413534,21.707769423558894,22.986967418546364,24.5859649122807,4.874486927024532,18.63525641025641,0.3771062271062271,5.576862026862027,0.0,0.0
North Carolina,Raleigh,ssp585,SSP5-8.5,2026-2050,Spring,3312000,17.655946044682604,-0.6383362,31.152557,23.34771370909158,20.90827067669173,26.344862155388473,21.86766917293233,23.306766917293235,24.74586466165414,6.125971404961723,10.290972222222223,0.014130434782608694,7.165307971014492,0.0,0.0
North Carolina,Raleigh,ssp585,SSP5-8.5,2026-2050,Summer,3312000,27.956969298431986,12.972107,36.64508,21.545966229886307,19.948872180451126,24.1062656641604,20.90827067669173,21.38796992481203,22.347368421052632,-2.0637898641531485,78.77949879227053,13.079106280193237,0.0,0.0,0.0
North Carolina,Raleigh,ssp585,SSP5-8.5,2026-2050,Winter,3247201,8.078514227646396,-9.649994,23.922638,24.962529444724417,22.347368421052632,27.783959899749373,23.786466165413536,24.90576441102757,26.18496240601504,13.466042930565534,0.0,0.0,47.60219647628835,0.0,0.0
North Dakota,Bismarck,ssp585,SSP5-8.5,2026-2050,Fall,3276000,10.17422132798609,-20.053314,30.495575,24.59181804358269,21.068170426065162,29.382957393483707,22.507268170426066,24.426065162907268,26.824561403508774,11.780991107194051,2.7365384615384616,0.0,41.203266178266176,0.0,0.0
North Dakota,Bismarck,ssp585,SSP5-8.5,2026-2050,Spring,3312000,7.413976254162322,-19.796509,27.679596,25.059459065235558,21.54786967418546,29.382957393483707,23.306766917293235,25.065664160401,26.824561403508774,13.906632114707081,0.22044082125603864,0.0,51.00815217391305,0.0,0.0
North Dakota,Bismarck,ssp585,SSP5-8.5,2026-2050,Summer,3312000,23.991244908224196,10.485474,37.660065,22.25087152936689,19.788972431077692,24.5859649122807,21.38796992481203,22.187468671679195,23.306766917293235,1.1403251334858633,38.39725241545894,1.8614734299516909,0.0,0.0,0.0
North Dakota,Bismarck,ssp585,SSP5-8.5,2026-2050,Winter,3247201,-6.602337394376374,-33.980087,11.294098,27.31035483338214,24.426065162907268,31.461654135338343,26.0250626566416,27.14436090225564,28.90325814536341,24.137976515373357,0.0,0.0,99.8367209174917,0.0,0.0
Ohio,Columbus,ssp585,SSP5-8.5,2026-2050,Fall,3276000,15.513512016560197,-7.1825867,33.717515,23.707858452908823,20.428571428571427,27.464160401002506,22.187468671679195,23.6265664160401,25.5453634085213,7.762992967767378,7.263186813186813,0.04478021978021978,15.738492063492062,0.0,0.0
Ohio,Columbus,ssp585,SSP5-8.5,2026-2050,Spring,3312000,13.241173041447281,-8.565521,30.587433,24.09632267095879,21.068170426065162,27.624060150375943,22.507268170426066,24.1062656641604,25.705263157894738,9.52873941344905,2.2771739130434785,0.0,21.827596618357486,0.0,0.0
Ohio,Columbus,ssp585,SSP5-8.5,2026-2050,Summer,3312000,25.36916834189009,12.284393,36.40985,22.008048890039095,19.948872180451126,24.266165413533837,21.228070175438596,22.027568922305765,22.986967418546364,0.036585863814069856,48.891696859903384,5.903442028985507,0.0,0.0,0.0
Ohio,Columbus,ssp585,SSP5-8.5,2026-2050,Winter,3247201,2.135103274230321,-18.720398,19.591217,25.93092609075697,22.986967418546364,29.223057644110277,24.5859649122807,26.0250626566416,27.14436090225564,17.867845867077133,0.0,0.0,82.92310823998884,0.0,0.0
Oklahoma,Oklahoma City,ssp585,SSP5-8.5,2026-2050,Fall,3276000,19.86192932366754,-1.3766785,35.95218,22.962301369112645,20.10877192982456,26.504761904761903,21.38796992481203,22.827067669172934,24.5859649122807,4.374097132330202,22.885592185592184,2.407081807081807,5.7404151404151404,0.0,0.0
Oklahoma,Oklahoma City,ssp585,SSP5-8.5,2026-2050,Spring,3312000,18.39294465335155,-4.259369,31.243459933333334,23.222645937912414,20.90827067669173,26.984461152882204,22.027568922305765,23.146867167919797,24.5859649122807,5.55748153596552,8.459601449275363,0.005706521739130435,5.026177536231884,0.0,0.0
Oklahoma,Oklahoma City,ssp585,SSP5-8.5,2026-2050,Summer,3312000,29.67071876999396,16.791656,36.574554,21.235896283280663,19.948872180451126,23.466666666666665,20.58847117794486,21.228070175438596,21.86766917293233,-3.4731987123606216,90.04142512077294,36.37986111111111,0.0,0.0,0.0
Oklahoma,Oklahoma City,ssp585,SSP5-8.5,2026-2050,Winter,3247201,7.224980048294753,-14.250305,23.862946,25.103090056123218,22.347368421052632,28.423558897243108,24.1062656641604,25.065664160401,26.344862155388473,14.104954800560082,0.0,0.0,54.173517438557084,0.0,0.0
Oregon,Salem,ssp585,SSP5-8.5,2026-2050,Fall,3276000,15.260798709748705,-3.099701,29.068237,23.76044843595558,21.38796992481203,26.824561403508774,22.507268170426066,23.786466165413536,24.90576441102757,8.002038345252641,1.276068376068376,0.0,7.476190476190476,0.0,0.0
Oregon,Salem,ssp585,SSP5-8.5,2026-2050,Spring,3312000,12.308934424442334,1.3066406,27.38211,24.26402120231132,21.707769423558894,26.0250626566416,23.466666666666665,24.266165413533837,24.90576441102757,10.291005465051452,0.1851147342995169,0.0,8.52403381642512,0.0,0.0
Oregon,Salem,ssp585,SSP5-8.5,2026-2050,Summer,3312000,21.032134479500606,8.822845,29.73285,22.77396941372151,21.228070175438596,24.90576441102757,22.027568922305765,22.827067669172934,23.466666666666665,3.5180427896432254,5.955163043478261,0.0,0.0,0.0,0.0
Oregon,Salem,ssp585,SSP5-8.5,2026-2050,Winter,3247201,7.802321560142906,-10.04715,17.73825,25.015577174786486,23.306766917293235,27.783959899749373,24.426065162907268,24.90576441102757,25.5453634085213,13.707168976302208,0.0,0.0,49.243302154686454,0.0,0.0
Pennsylvania,Harrisburg,ssp585,SSP5-8.5,2026-2050,Fall,3276000,15.303347152295697,-6.6778564,34.688232,23.744436740814177,20.268671679197993,27.304260651629072,22.187468671679195,23.786466165413536,25.5453634085213,7.929257912791711,6.059981684981685,0.0471001221001221,16.31480463980464,0.0,0.0
Pennsylvania,Harrisburg,ssp585,SSP5-8.5,2026-2050,Spring,3312000,12.805957811771409,-6.8552704,28.800476,24.168587315662354,21.38796992481203,27.304260651629072,22.667167919799496,24.1062656641604,25.86516290726817,9.857215071192517,1.6015096618357487,0.0,24.454227053140094,0.0,0.0
Pennsylvania,Harrisburg,ssp585,SSP5-8.5,2026-2050,Summer,3312000,25.450774200518822,12.9600525,37.240692,21.99336915643578,19.788972431077692,24.1062656641604,21.228070175438596,21.86766917293233,22.986967418546364,-0.030140198019184602,50.56887077294686,6.294776570048309,0.0,0.0,0.0
Pennsylvania,Harrisburg,ssp585,SSP5-8.5,2026-2050,Winter,3247201,2.353341678570605,-16.959991,19.751251,25.896782738121242,22.986967418546364,28.90325814536341,24.74586466165414,25.86516290726817,26.984461152882204,17.71264880964201,0.0,0.0,85.30047878157218,0.0,0.0
Rhode Island,Providence,ssp585,SSP5-8.5,2026-2050,Fall,3276000,15.441729998064385,-2.8729858,29.795258,23.726578633090664,21.228070175438596,26.66466165413534,22.347368421052632,23.6265664160401,25.225563909774436,7.848084695866656,1.9927350427350425,0.0,13.436080586080587,0.0,0.0
Rhode Island,Providence,ssp585,SSP5-8.5,2026-2050,Spring,3312000,11.477339812603018,-7.53567485,25.981842,24.396219720194193,21.86766917293233,27.464160401002506,23.146867167919797,24.426065162907268,25.705263157894738,10.891907819064512,0.010869565217391304,0.0,30.641666666666666,0.0,0.0
Rhode Island,Providence,ssp585,SSP5-8.5,2026-2050,Summer,3312000,24.579509931937356,13.701233,31.344818,22.15210243906868,20.90827067669173,24.1062656641604,21.54786967418546,22.027568922305765,22.827067669172934,0.6913747230394598,37.160718599033814,0.0058272946859903385,0.0,0.0,0.0
Rhode Island,Providence,ssp585,SSP5-8.5,2026-2050,Winter,3247201,2.781179129868939,-12.402344,18.116241,25.830967308518304,23.306766917293235,28.263659147869674,25.065664160401,25.86516290726817,26.66466165413534,17.41348776599229,0.0,0.0,91.47755251368794,0.0,0.0
South Carolina,Columbia,ssp585,SSP5-8.5,2026-2050,Fall,3276000,20.81497744217278,0.05173242277777762,32.564972,22.80019572557767,20.748370927318295,26.344862155388473,21.54786967418546,22.667167919799496,24.266165413533837,3.637253298080316,26.680525030525033,0.3196275946275946,2.591147741147741,0.0,0.0
South Carolina,Columbia,ssp585,SSP5-8.5,2026-2050,Spring,3312000,19.45390003619903,1.5310364,32.22525,23.038866039646212,20.748370927318295,26.0250626566416,21.707769423558894,22.986967418546364,24.426065162907268,4.722118362028238,15.810960144927536,0.2227958937198068,2.821407004830918,0.0,0.0
South Carolina,Columbia,ssp585,SSP5-8.5,2026-2050,Summer,3312000,28.9253866023636,15.271057,36.147247,21.37225011865412,20.10877192982456,23.786466165413536,20.90827067669173,21.228070175438596,21.86766917293233,-2.8534085515721874,90.06793478260869,15.431521739130435,0.0,0.0,0.0
South Carolina,Columbia,ssp585,SSP5-8.5,2026-2050,Winter,3247201,10.169324628182121,-8.291351,24.945068,24.61741047452119,22.027568922305765,27.624060150375943,23.466666666666665,24.5859649122807,25.705263157894738,11.897320338732682,0.0,0.0,32.920967935153996,0.0,0.0
South Dakota,Pierre,ssp585,SSP5-8.5,2026-2050,Fall,3276000,13.34325636280512,-16.80014,33.778656,24.061708739951218,20.428571428571427,28.90325814536341,22.027568922305765,23.946365914786966,26.344862155388473,9.371403363414627,9.02106227106227,0.6771062271062271,32.380433455433455,0.0,0.0
South Dakota,Pierre,ssp585,SSP5-8.5,2026-2050,Spring,3312000,10.202763337439961,-17.3087,32.435577,24.599959471595664,20.748370927318295,28.90325814536341,22.986967418546364,24.5859649122807,26.344862155388473,11.81799759816211,0.9368357487922705,0.05289855072463768,38.86917270531401,0.0,0.0
South Dakota,Pierre,ssp585,SSP5-8.5,2026-2050,Summer,3312000,26.640797693001957,12.245575,37.351044,21.779253253453682,19.788972431077692,24.266165413533837,20.90827067669173,21.707769423558894,22.827067669172934,-1.0033943024832646,62.19067028985508,13.213979468599032,0.0,0.0,0.0
South Dakota,Pierre,ssp585,SSP5-8.5,2026-2050,Winter,3247201,-2.9198697340221336,-26.733063,12.409515,26.733370070737138,24.266165413533837,30.34235588972431,25.5453634085213,26.504761904761903,28.263659147869674,21.515318503350624,0.0,0.0,98.42975534929928,0.0,0.0
Tennessee,Nashville,ssp585,SSP5-8.5,2026-2050,Fall,3276000,18.797237772370718,-4.1634216,33.78946,23.147273994663088,20.428571428571427,26.984461152882204,21.707769423558894,23.146867167919797,24.74586466165414,5.214881793923127,18.436721611721612,0.8793040293040294,6.514529914529915,0.0,0.0
Tennessee,Nashville,ssp585,SSP5-8.5,2026-2050,Spring,3312000,17.179298189004815,-4.256897,31.478668,23.431110456545955,20.90827067669173,26.984461152882204,22.187468671679195,23.466666666666665,24.74586466165414,6.505047529754342,6.720501207729468,0.04456521739130435,6.4850241545893725,0.0,0.0
Tennessee,Nashville,ssp585,SSP5-8.5,2026-2050,Summer,3312000,27.779535611063096,13.698303,36.117096,21.57816058639957,20.10877192982456,24.1062656641604,20.90827067669173,21.54786967418546,22.347368421052632,-1.9174518800019575,78.30365338164252,11.175694444444446,0.0,0.0,0.0
Tennessee,Nashville,ssp585,SSP5-8.5,2026-2050,Winter,3247201,6.684384194549133,-12.097229,23.143372,25.191784901152406,22.347368421052632,28.103759398496244,24.1062656641604,25.065664160401,26.344862155388473,14.508113187056393,0.0,0.0,56.35471903340754,0.0,0.0
Texas,Austin,ssp585,SSP5-8.5,2026-2050,Fall,3276000,23.566918795427274,4.731598,35.686646,22.31971015726129,20.10877192982456,25.5453634085213,21.068170426065162,22.187468671679195,23.786466165413536,1.4532279875513219,41.545757020757016,6.742704517704517,0.3302197802197802,0.0,0.0
Texas,Austin,ssp585,SSP5-8.5,2026-2050,Spring,3312000,22.320423094992936,4.3234253,32.210114,22.544154126560347,20.748370927318295,25.5453634085213,21.54786967418546,22.507268170426066,23.786466165413536,2.473427848001577,28.307669082125603,0.1644927536231884,0.22952898550724637,0.0,0.0
Texas,Austin,ssp585,SSP5-8.5,2026-2050,Summer,3312000,30.759206080480986,21.072784,37.68802,21.039359745226594,19.788972431077692,22.827067669172934,20.58847117794486,21.068170426065162,21.54786967418546,-4.366546612606389,98.25320048309179,49.36497584541063,0.0,0.0,0.0
Texas,Austin,ssp585,SSP5-8.5,2026-2050,Winter,3247201,13.347662907781551,-8.409393,26.953827,24.086880090666764,21.707769423558894,27.624060150375943,23.146867167919797,24.1062656641604,25.065664160401,9.485818593939834,0.05906625429100324,0.0,12.186495384794474,0.0,0.0
Utah,Salt Lake City,ssp585,SSP5-8.5,2026-2050,Fall,3276000,12.871243502925568,-12.518829,27.300293,24.15581599006673,21.707769423558894,28.263659147869674,22.667167919799496,24.1062656641604,25.705263157894738,9.799163591212414,0.47609890109890113,0.0,29.602503052503053,0.0,0.0
Utah,Salt Lake City,ssp585,SSP5-8.5,2026-2050,Spring,3312000,9.864277521319561,-11.175781,25.735748,24.667278569612435,22.027568922305765,28.103759398496244,23.306766917293235,24.90576441102757,25.5453634085213,12.12399349823834,0.0,0.0,43.16784420289855,0.0,0.0
Utah,Salt Lake City,ssp585,SSP5-8.5,2026-2050,Summer,3312000,23.99501730102525,10.6918335,32.383087,22.253639600662282,20.748370927318295,24.5859649122807,21.707769423558894,22.187468671679195,22.986967418546364,1.1529072757376468,30.797373188405796,0.15694444444444444,0.0,0.0,0.0
Utah,Salt Lake City,ssp585,SSP5-8.5,2026-2050,Winter,3247201,1.0294568145840184,-22.654404,11.814972,26.112323466481346,24.426065162907268,29.70275689223058,25.38546365914787,26.0250626566416,27.14436090225564,18.692379393097028,0.0,0.0,98.68246529857561,0.0,0.0
Vermont,Montpelier,ssp585,SSP5-8.5,2026-2050,Fall,3276000,10.130550899273082,-11.064056,29.334076,24.6147479897852,21.228070175438596,27.943859649122807,22.986967418546364,24.5859649122807,26.344862155388473,11.885218135387277,0.24594017094017093,0.0,38.40982905982906,0.0,0.0
Vermont,Montpelier,ssp585,SSP5-8.5,2026-2050,Spring,3312000,7.2495708293183725,-15.734741499999998,25.516693,25.09103984508371,22.027568922305765,28.743358395989976,23.466666666666665,25.065664160401,26.66466165413534,14.050181114016864,0.0,0.0,53.27702294685991,0.0,0.0
Vermont,Montpelier,ssp585,SSP5-8.5,2026-2050,Summer,3312000,20.80478192313954,9.301697,34.310486,22.811608810522685,20.428571428571427,24.74586466165414,21.86766917293233,22.827067669172934,23.6265664160401,3.689130956921296,10.771890096618357,0.10606884057971014,0.0,0.0,0.0
Vermont,Montpelier,ssp585,SSP5-8.5,2026-2050,Winter,3247201,-3.8840367581972117,-26.44487,14.930145,26.890424204234982,23.786466165413536,30.34235588972431,25.86516290726817,26.824561403508774,28.103759398496244,22.229200928340827,0.0,0.0,99.50982399919191,0.0,0.0
Virginia,Richmond,ssp585,SSP5-8.5,2026-2050,Fall,3276000,18.81151073645263,-4.365723469652778,33.7265175,23.146185055893703,20.428571428571427,26.984461152882204,21.707769423558894,23.146867167919797,24.74586466165414,5.209932072244105,16.9275641025641,0.5678571428571428,6.594566544566545,0.0,0.0
Virginia,Richmond,ssp585,SSP5-8.5,2026-2050,Spring,3312000,16.762946830997187,-3.2097473,31.434692,23.500690166236847,20.90827067669173,26.824561403508774,22.027568922305765,23.466666666666665,24.90576441102757,6.821318937440214,7.113586956521739,0.009510869565217392,9.458816425120773,0.0,0.0
Virginia,Richmond,ssp585,SSP5-8.5,2026-2050,Summer,3312000,27.940630129037896,14.482056,36.729095,21.54807616308283,19.948872180451126,23.946365914786966,20.90827067669173,21.38796992481203,22.347368421052632,-2.0541992587144136,75.5530193236715,16.18605072463768,0.0,0.0,0.0
Virginia,Richmond,ssp585,SSP5-8.5,2026-2050,Winter,3247201,6.853968007891942,-10.75235,23.722717,25.164484656895546,22.347368421052632,27.943859649122807,23.946365914786966,25.225563909774436,26.344862155388473,14.384021167707026,0.0,0.0,56.719525523674086,0.0,0.0
Washington,Olympia,ssp585,SSP5-8.5,2026-2050,Fall,3276000,14.656156518256394,-2.771698,29.04654,23.864807183098158,21.38796992481203,26.66466165413534,22.667167919799496,23.946365914786966,24.90576441102757,8.476396286809807,0.4726190476190476,0.0,8.488125763125764,0.0,0.0
Washington,Olympia,ssp585,SSP5-8.5,2026-2050,Spring,3312000,12.528026445032621,2.521637,27.576324,24.228759686656243,21.54786967418546,25.86516290726817,23.466666666666665,24.266165413533837,24.90576441102757,10.13072584843747,0.1393719806763285,0.0,7.2532004830917876,0.0,0.0
Washington,Olympia,ssp585,SSP5-8.5,2026-2050,Summer,3312000,20.3149895554221,9.309631,32.035797,22.89896148357004,20.748370927318295,24.74586466165414,22.187468671679195,22.827067669172934,23.6265664160401,4.086188561682003,4.4655495169082124,0.05745772946859903,0.0,0.0,0.0
Washington,Olympia,ssp585,SSP5-8.5,2026-2050,Winter,3247201,7.922830721036247,-10.75943,17.0372,24.99487146361707,23.466666666666665,27.943859649122807,24.266165413533837,24.90576441102757,25.705263157894738,13.613052107350319,0.0,0.0,48.58553566594738,0.0,0.0
West Virginia,Charleston,ssp585,SSP5-8.5,2026-2050,Fall,3276000,16.88720968815193,-6.4701843,32.729523,23.475467107634774,20.748370927318295,27.304260651629072,22.027568922305765,23.466666666666665,25.065664160401,6.706668671067155,9.717429792429792,0.18766788766788767,10.886446886446887,0.0,0.0
West Virginia,Charleston,ssp585,SSP5-8.5,2026-2050,Spring,3312000,14.98671221060684,-8.766815,30.223633,23.8040114454312,21.068170426065162,27.624060150375943,22.347368421052632,23.786466165413536,25.225563909774436,8.200052024687276,2.5751509661835748,0.0,14.250664251207729,0.0,0.0
West Virginia,Charleston,ssp585,SSP5-8.5,2026-2050,Summer,3312000,25.97410350878262,11.734894,35.049347,21.900230159486878,20.268671679197993,24.426065162907268,21.228070175438596,21.86766917293233,22.827067669172934,-0.45349927505964743,58.54821859903382,5.08070652173913,0.0,0.0,0.0
West Virginia,Charleston,ssp585,SSP5-8.5,2026-2050,Winter,3247201,4.5490245436776195,-13.775787,21.604218,25.539775142486132,22.667167919799496,28.423558897243108,24.266165413533837,25.5453634085213,26.66466165413534,16.0898870113006,0.0,0.0,71.40152395863392,0.0,0.0
Wisconsin,Madison,ssp585,SSP5-8.5,2026-2050,Fall,3276000,12.575805050874234,-13.026459,31.316742,24.19875117157974,20.90827067669173,28.263659147869674,22.347368421052632,24.1062656641604,26.344862155388473,9.994323507180637,3.8618131868131864,0.013766788766788766,29.0228021978022,0.0,0.0
Wisconsin,Madison,ssp585,SSP5-8.5,2026-2050,Spring,3312000,9.725723931407636,-13.983429,27.415436,24.679360028846272,21.707769423558894,28.423558897243108,22.986967418546364,24.5859649122807,26.344862155388473,12.17890922202851,0.33103864734299515,0.0,40.752324879227054,0.0,0.0
Wisconsin,Madison,ssp585,SSP5-8.5,2026-2050,Summer,3312000,23.868607764738712,9.394684,35.014923,22.274766886116257,20.268671679197993,24.74586466165414,21.38796992481203,22.187468671679195,23.146867167919797,1.2489403914375334,33.93864734299517,1.7538647342995168,0.0,0.0,0.0
Wisconsin,Madison,ssp585,SSP5-8.5,2026-2050,Winter,3247201,-2.9758112306303715,-27.065079,21.910004,26.745927702490118,22.667167919799496,30.34235588972431,25.705263157894738,26.66466165413534,27.943859649122807,21.572398647682352,0.0,0.0,96.95602458856104,0.0,0.0
Wyoming,Cheyenne,ssp585,SSP5-8.5,2026-2050,Fall,3276000,10.99865964281722,-12.602051,24.212006,24.470560001499482,22.187468671679195,28.263659147869674,22.986967418546364,24.426065162907268,26.0250626566416,11.22981818863401,0.0,0.0,38.695787545787546,0.0,0.0
Wyoming,Cheyenne,ssp585,SSP5-8.5,2026-2050,Spring,3312000,8.154856446083079,-11.059845,24.382507,24.950289297670523,22.187468671679195,27.943859649122807,23.6265664160401,25.065664160401,26.0250626566416,13.410405898502376,0.0,0.0,51.0256038647343,0.0,0.0
Wyoming,Cheyenne,ssp585,SSP5-8.5,2026-2050,Summer,3312000,21.62562050418893,10.088745,29.629486,22.670198193854212,21.228070175438596,24.5859649122807,22.027568922305765,22.667167919799496,23.466666666666665,3.0463554266100537,6.253834541062801,0.0,0.0,0.0,0.0
Wyoming,Cheyenne,ssp585,SSP5-8.5,2026-2050,Winter,3247201,0.4612904459605829,-20.55243,14.2925415,26.202971114666543,23.946365914786966,29.382957393483707,25.38546365914787,26.18496240601504,27.14436090225564,19.104414157575196,0.0,0.0,97.63115988200299,0.0,0.0
Alabama,Montgomery,ssp585,SSP5-8.5,2051-2075,Fall,3276000,23.733671084894702,3.2912903,35.319855,22.2872827223737,20.268671679197993,25.705263157894738,20.90827067669173,22.187468671679195,23.786466165413536,1.30583055624409,43.72158119658119,10.83556166056166,1.1526862026862028,0.0,0.0
Alabama,Montgomery,ssp585,SSP5-8.5,2051-2075,Spring,3312000,21.561159759332618,2.160553,34.868805,22.672724532648054,20.268671679197993,25.86516290726817,21.38796992481203,22.667167919799496,23.946365914786966,3.057838784763883,25.579015700483094,2.088315217391304,1.0008152173913043,0.0,0.0
Alabama,Montgomery,ssp585,SSP5-8.5,2051-2075,Summer,3312000,31.335350020386777,19.428955,37.70758,20.93462714742775,19.788972431077692,22.986967418546364,20.428571428571427,20.90827067669173,21.38796992481203,-4.842603875328406,99.01654589371981,55.58771135265701,0.0,0.0,0.0
Alabama,Montgomery,ssp585,SSP5-8.5,2051-2075,Winter,3247201,12.356037516965845,-9.059967,27.155273,24.250215182082556,21.707769423558894,27.783959899749373,22.986967418546364,24.266165413533837,25.38546365914787,10.228250827647981,0.185544411941238,0.0,21.054471219982997,0.0,0.0
Alaska,Juneau,ssp585,SSP5-8.5,2051-2075,Fall,3276000,7.835597710751729,-11.327301,23.631683,25.005308399050136,22.347368421052632,28.103759398496244,23.946365914786966,25.065664160401,26.0250626566416,13.660492722955164,0.0,0.0,50.10668498168498,0.0,0.0
Alaska,Juneau,ssp585,SSP5-8.5,2051-2075,Spring,3312000,5.741208480903578,-17.56726,23.600128,25.347680101521917,22.347368421052632,29.06315789473684,24.266165413533837,25.38546365914787,26.18496240601504,15.21672773419053,0.0,0.0,73.67303743961354,0.0,0.0
Alaska,Juneau,ssp585,SSP5-8.5,2051-2075,Summer,3312000,15.897483791626605,2.5732727,27.02069,23.659793748108196,21.707769423558894,25.86516290726817,22.986967418546364,23.6265664160401,24.266165413533837,7.544517036855438,0.11802536231884059,0.0,0.7263586956521739,0.0,0.0
Alaska,Juneau,ssp585,SSP5-8.5,2051-2075,Winter,3247201,-1.1658770255655861,-29.524445,7.29068,26.459811632999074,25.065664160401,30.82205513784461,25.5453634085213,26.18496240601504,27.624060150375943,20.2718710590867,0.0,0.0,100.0,0.0,0.0
Arizona,Phoenix,ssp585,SSP5-8.5,2051-2075,Fall,3276000,27.90619783001302,8.67569,40.63028,21.541954750123182,19.14937343358396,24.90576441102757,20.10877192982456,21.38796992481203,23.146867167919797,-2.0820238630764463,63.1015873015873,39.41138583638584,0.0,0.0,0.0
Arizona,Phoenix,ssp585,SSP5-8.5,2051-2075,Spring,3312000,24.307981633884626,7.430237,39.064728,22.190311575284838,19.469172932330824,25.065664160401,20.90827067669173,22.187468671679195,23.466666666666665,0.8650526149310812,40.70984299516908,10.626298309178745,0.05410628019323671,0.0,0.0
Arizona,Phoenix,ssp585,SSP5-8.5,2051-2075,Summer,3312000,36.32680740912621,25.983002,45.47348,20.001814253629234,18.189974937343358,21.86766917293233,19.30927318295739,19.948872180451126,20.748370927318295,-9.08266248350348,100.0,94.49269323671497,0.0,0.0,0.0
Arizona,Phoenix,ssp585,SSP5-8.5,2051-2075,Winter,3247201,15.776122812775677,1.5602112,26.778412,23.68001773625438,21.707769423558894,26.0250626566416,22.986967418546364,23.6265664160401,24.426065162907268,7.636444255701734,0.09528205984169136,0.0,1.413309493314396,0.0,0.0
Arkansas,Little Rock,ssp585,SSP5-8.5,2051-2075,Fall,3276000,22.474925527538527,-0.024129825243055562,36.895905,22.506130422209374,19.948872180451126,26.344862155388473,20.90827067669173,22.507268170426066,24.266165413533837,2.300592828224427,36.72506105006105,11.97991452991453,2.5053724053724054,0.0,0.0
Arkansas,Little Rock,ssp585,SSP5-8.5,2051-2075,Spring,3312000,20.342448151940605,-1.17453,34.371918,22.883455263309234,20.428571428571427,26.504761904761903,21.54786967418546,22.827067669172934,24.266165413533837,4.015705742314698,22.371256038647346,1.3232487922705314,2.34368961352657,0.0,0.0
Arkansas,Little Rock,ssp585,SSP5-8.5,2051-2075,Summer,3312000,32.125591582543336,21.415497,43.91153,20.785903193218562,18.509774436090222,22.667167919799496,20.10877192982456,20.748370927318295,21.38796992481203,-5.518621849006535,97.94767512077294,66.10800120772947,0.0,0.0,0.0
Arkansas,Little Rock,ssp585,SSP5-8.5,2051-2075,Winter,3247201,9.847522873411528,-12.420166,25.632568,24.66932016505081,22.027568922305765,28.263659147869674,23.466666666666665,24.74586466165414,25.86516290726817,12.13327347750368,0.0,0.0,36.1859336702594,0.0,0.0
California,Sacramento,ssp585,SSP5-8.5,2051-2075,Fall,3276000,22.715348843460045,3.5787659,35.005768,22.468376412337317,20.268671679197993,25.705263157894738,21.228070175438596,22.347368421052632,23.946365914786966,2.1289836924423513,36.940659340659344,5.037728937728938,0.16831501831501833,0.0,0.0
California,Sacramento,ssp585,SSP5-8.5,2051-2075,Spring,3312000,18.76927605369357,7.346039,30.858124,23.163443731611643,21.068170426065162,25.065664160401,22.187468671679195,23.306766917293235,24.1062656641604,5.288380598234743,6.139915458937198,0.0,0.08221618357487923,0.0,0.0
California,Sacramento,ssp585,SSP5-8.5,2051-2075,Summer,3312000,29.005945855949122,17.97641,37.469543,21.35786165171382,19.788972431077692,23.306766917293235,20.748370927318295,21.38796992481203,22.027568922305765,-2.918810674028097,88.84525966183575,21.974064009661838,0.0,0.0,0.0
California,Sacramento,ssp585,SSP5-8.5,2051-2075,Winter,3247201,12.22944043889937,1.9075623,20.623211249305555,24.279939133915335,22.827067669172934,26.0250626566416,23.6265664160401,24.266165413533837,24.90576441102757,10.363359699615158,0.0,0.0,7.021062139362484,0.0,0.0
Colorado,Denver,ssp585,SSP5-8.5,2051-2075,Fall,3276000,15.103851975160174,-7.7087097,27.985168,23.780171406232302,21.54786967418546,27.464160401002506,22.347368421052632,23.786466165413536,25.225563909774436,8.09168821014683,1.9584859584859584,0.0,15.229456654456655,0.0,0.0
Colorado,Denver,ssp585,SSP5-8.5,2051-2075,Spring,3312000,11.940654100408333,-6.487213,27.351746,24.318887914230025,21.707769423558894,27.304260651629072,22.827067669172934,24.426065162907268,25.38546365914787,10.540399610136477,0.5306763285024154,0.0,29.281582125603865,0.0,0.0
Colorado,Denver,ssp585,SSP5-8.5,2051-2075,Summer,3312000,25.49065492313964,14.513153,34.83548,21.988682529542455,20.268671679197993,23.946365914786966,21.38796992481203,22.027568922305765,22.667167919799496,-0.05144304753429519,48.34208937198068,1.955193236714976,0.0,0.0,0.0
Colorado,Denver,ssp585,SSP5-8.5,2051-2075,Winter,3247201,4.0465178290783,-16.683258,15.747894,25.625793026626507,23.6265664160401,28.90325814536341,24.74586466165414,25.5453634085213,26.504761904761903,16.480877393756852,0.0,0.0,81.87903982537577,0.0,0.0
Connecticut,Hartford,ssp585,SSP5-8.5,2051-2075,Fall,3276000,16.73679680806992,-0.3711853,33.28012,23.502990999017687,20.58847117794486,26.344862155388473,22.027568922305765,23.466666666666665,25.065664160401,6.831777268262212,8.904334554334554,0.3917887667887668,11.318406593406593,0.0,0.0
Connecticut,Hartford,ssp585,SSP5-8.5,2051-2075,Spring,3312000,13.189284774725175,-5.657196,28.960236,24.105900289370773,21.38796992481203,27.14436090225564,22.667167919799496,24.1062656641604,25.5453634085213,9.57227404259442,1.2903683574879228,0.0,24.820954106280194,0.0,0.0
Connecticut,Hartford,ssp585,SSP5-8.5,2051-2075,Summer,3312000,26.667221183032467,16.621002,36.601868,21.778288544277355,19.948872180451126,23.466666666666665,21.068170426065162,21.707769423558894,22.507268170426066,-1.0077793441938387,61.64399154589372,8.361533816425121,0.0,0.0,0.0
Connecticut,Hartford,ssp585,SSP5-8.5,2051-2075,Winter,3247201,3.6201492904869825,-10.402191,19.065216,25.695611562358557,23.146867167919797,27.943859649122807,24.90576441102757,25.705263157894738,26.504761904761903,16.79823437435708,0.0,0.0,87.42547812716244,0.0,0.0
Delaware,Dover,ssp585,SSP5-8.5,2051-2075,Fall,3276000,19.45403464086968,0.37997437,34.952118,23.034560729662978,20.268671679197993,26.18496240601504,21.54786967418546,22.986967418546364,24.5859649122807,4.702548771195354,20.11144688644689,2.621123321123321,5.999114774114775,0.0,0.0
Delaware,Dover,ssp585,SSP5-8.5,2051-2075,Spring,3312000,16.165559513363128,-4.503174,31.62149,23.601000946962824,20.90827067669173,26.984461152882204,22.027568922305765,23.6265664160401,25.065664160401,7.277277031649199,7.579317632850241,0.03532608695652174,12.439039855072464,0.0,0.0
Delaware,Dover,ssp585,SSP5-8.5,2051-2075,Summer,3312000,28.897214538162682,17.938599,40.056763,21.374558526448972,19.30927318295739,23.306766917293235,20.58847117794486,21.38796992481203,22.187468671679195,-2.8429157888683094,81.15335144927536,27.948580917874395,0.0,0.0,0.0
Delaware,Dover,ssp585,SSP5-8.5,2051-2075,Winter,3247201,6.472635548816917,-9.891937,21.99356,25.22744004261967,22.667167919799496,27.783959899749373,24.1062656641604,25.38546365914787,26.344862155388473,14.670182011907587,0.0,0.0,62.457482613487734,0.0,0.0
Florida,Tallahassee,ssp585,SSP5-8.5,2051-2075,Fall,3276000,25.206335085182044,7.8055725,35.518036,22.030507836746935,20.10877192982456,25.065664160401,20.90827067669173,21.86766917293233,23.466666666666665,0.1386719852133405,54.20570818070818,10.13021978021978,0.003632478632478632,0.0,0.0
Florida,Tallahassee,ssp585,SSP5-8.5,2051-2075,Spring,3312000,23.01536866456053,4.806366,33.020477,22.420786883422323,20.58847117794486,25.5453634085213,21.38796992481203,22.347368421052632,23.6265664160401,1.9126676519196517,32.39957729468599,2.136020531400966,0.38451086956521735,0.0,0.0
Florida,Tallahassee,ssp585,SSP5-8.5,2051-2075,Summer,3312000,31.022418096105064,21.748596,36.645477,20.993287326407795,19.948872180451126,22.667167919799496,20.58847117794486,21.068170426065162,21.228070175438596,-4.575966698146384,99.48131038647344,47.96974637681159,0.0,0.0,0.0
Florida,Tallahassee,ssp585,SSP5-8.5,2051-2075,Winter,3247201,15.251481537217172,-2.1463928,28.698578,23.7622691236704,21.38796992481203,26.66466165413534,22.667167919799496,23.786466165413536,24.90576441102757,8.010314198501819,0.675443250972145,0.0,8.374905033596628,0.0,0.0
Georgia,Atlanta,ssp585,SSP5-8.5,2051-2075,Fall,3276000,22.19406427892704,2.1965759730555554,33.578644,22.558069287229067,20.58847117794486,25.86516290726817,21.228070175438596,22.347368421052632,24.266165413533837,2.5366785783139405,35.669780219780215,3.9856837606837607,2.3606227106227107,0.0,0.0
Georgia,Atlanta,ssp585,SSP5-8.5,2051-2075,Spring,3312000,19.996285715757285,-0.07672119,33.910614,22.944491150884456,20.428571428571427,26.344862155388473,21.54786967418546,22.827067669172934,24.426065162907268,4.293141594929346,19.379287439613528,0.7785929951690821,2.6167874396135264,0.0,0.0
Georgia,Atlanta,ssp585,SSP5-8.5,2051-2075,Summer,3312000,30.256955114519233,17.79306,36.768982,21.130668874934926,19.948872180451126,23.306766917293235,20.58847117794486,21.068170426065162,21.54786967418546,-3.951505113932153,96.599788647343,34.75353260869565,0.0,0.0,0.0
Georgia,Atlanta,ssp585,SSP5-8.5,2051-2075,Winter,3247201,10.441808404595234,-11.694672,26.101532,24.56956504909689,21.86766917293233,28.103759398496244,23.306766917293235,24.5859649122807,25.86516290726817,11.679841132258595,0.03954174687677172,0.0,32.08634143682513,0.0,0.0
Hawaii,Honolulu,ssp585,SSP5-8.5,2051-2075,Fall,3276000,27.17333280763209,23.802948,29.525177,21.691087965181563,21.228070175438596,22.347368421052632,21.54786967418546,21.707769423558894,21.86766917293233,-1.4041456128110787,92.08568376068375,0.0,0.0,0.0,0.0
Hawaii,Honolulu,ssp585,SSP5-8.5,2051-2075,Spring,3312000,24.83469203715701,20.887054,28.067657,22.11049524006272,21.54786967418546,22.827067669172934,21.86766917293233,22.187468671679195,22.347368421052632,0.5022510911941744,23.752747584541062,0.0,0.0,0.0,0.0
Hawaii,Honolulu,ssp585,SSP5-8.5,2051-2075,Summer,3312000,27.41545385205192,23.680069,29.898804,21.647693755221372,21.228070175438596,22.347368421052632,21.38796992481203,21.707769423558894,21.86766917293233,-1.6013920217210365,96.73146135265699,0.0,0.0,0.0,0.0
Hawaii,Honolulu,ssp585,SSP5-8.5,2051-2075,Winter,3247201,23.89917494930304,19.552643,26.845505,22.27475853449477,21.707769423558894,22.986967418546364,22.027568922305765,22.347368421052632,22.507268170426066,1.248902429521676,3.674456863002937,0.0,0.0,0.0,0.0
Idaho,Boise,ssp585,SSP5-8.5,2051-2075,Fall,3276000,15.302865704872598,-5.450775,31.57843,23.741101640089234,20.90827067669173,27.14436090225564,22.027568922305765,23.786466165413536,25.5453634085213,7.914098364041972,9.014346764346765,0.048382173382173384,20.341300366300366,0.0,0.0
Idaho,Boise,ssp585,SSP5-8.5,2051-2075,Spring,3312000,12.667740093848915,-2.5167847,29.228485,24.199304337534656,21.38796992481203,26.66466165413534,22.986967418546364,24.426065162907268,25.065664160401,9.9968378978848,0.5963768115942029,0.0,18.013828502415457,0.0,0.0
Idaho,Boise,ssp585,SSP5-8.5,2051-2075,Summer,3312000,27.706317761626064,6.113861,36.374237,21.586554792173676,19.948872180451126,25.225563909774436,20.748370927318295,21.38796992481203,22.827067669172934,-1.8792963992105658,74.60492149758454,23.267934782608695,0.042300724637681156,0.0,0.0
Idaho,Boise,ssp585,SSP5-8.5,2051-2075,Winter,3247201,4.0428776115256815,-12.294189,14.201553826388889,25.627844659142614,23.946365914786966,28.263659147869674,25.065664160401,25.5453634085213,26.504761904761903,16.49020299610279,0.0,0.0,90.22130136077195,0.0,0.0
Illinois,Springfield,ssp585,SSP5-8.5,2051-2075,Fall,3276000,17.848630798319395,-3.7233582,35.671722,23.305427244393037,20.10877192982456,26.824561403508774,21.54786967418546,23.146867167919797,25.225563909774436,5.933760201786533,16.696764346764347,2.728815628815629,12.104334554334555,0.0,0.0
Illinois,Springfield,ssp585,SSP5-8.5,2051-2075,Spring,3312000,15.085317927488514,-10.70224,31.013397,23.781133035638607,21.068170426065162,27.943859649122807,22.187468671679195,23.6265664160401,25.5453634085213,8.09605925290276,6.734450483091788,0.0,19.33949275362319,0.0,0.0
Illinois,Springfield,ssp585,SSP5-8.5,2051-2075,Summer,3312000,28.648239008909876,16.374054,39.98593,21.42129106280193,19.30927318295739,23.6265664160401,20.58847117794486,21.38796992481203,22.187468671679195,-2.6304951690821325,79.84586352657004,23.38082729468599,0.0,0.0,0.0
Illinois,Springfield,ssp585,SSP5-8.5,2051-2075,Winter,3247201,2.5190301015666807,-18.8844,24.410492,25.866101170660105,22.187468671679195,29.223057644110277,24.426065162907268,26.0250626566416,27.14436090225564,17.573187139364112,0.0,0.0,78.17033808501537,0.0,0.0
Indiana,Indianapolis,ssp585,SSP5-8.5,2051-2075,Fall,3276000,17.580658488615388,-3.827301,34.245483,23.352555303857937,20.428571428571427,26.824561403508774,21.54786967418546,23.306766917293235,25.225563909774436,6.147978653899712,15.036935286935288,2.1575396825396824,11.67457264957265,0.0,0.0
Indiana,Indianapolis,ssp585,SSP5-8.5,2051-2075,Spring,3312000,14.667113094178267,-11.268982,31.04721,23.851980018433768,21.068170426065162,28.103759398496244,22.187468671679195,23.786466165413536,25.5453634085213,8.418090992880762,6.1198369565217385,0.0,19.66536835748792,0.0,0.0
Indiana,Indianapolis,ssp585,SSP5-8.5,2051-2075,Summer,3312000,28.207319720381356,16.019958,40.160553,21.499808647070584,19.30927318295739,23.6265664160401,20.748370927318295,21.38796992481203,22.347368421052632,-2.2735970587700747,75.29266304347826,20.668538647342995,0.0,0.0,0.0
Indiana,Indianapolis,ssp585,SSP5-8.5,2051-2075,Winter,3247201,2.8910070254939493,-17.856445,22.330597,25.80668950935087,22.507268170426066,29.06315789473684,24.426065162907268,25.86516290726817,26.984461152882204,17.30313413341305,0.0,0.0,78.47503126538825,0.0,0.0
Iowa,Des Moines,ssp585,SSP5-8.5,2051-2075,Fall,3276000,16.436587453533917,-8.243708800208333,35.32144,23.542266448171713,20.268671679197993,27.624060150375943,21.54786967418546,23.466666666666665,25.705263157894738,7.010302037144149,15.10467032967033,2.080982905982906,17.546947496947496,0.0,0.0
Iowa,Des Moines,ssp585,SSP5-8.5,2051-2075,Spring,3312000,13.439224981948179,-12.404083,29.545074,24.056271211543354,21.228070175438596,28.263659147869674,22.347368421052632,23.946365914786966,25.86516290726817,9.346687325197065,4.103985507246377,0.0,26.837167874396133,0.0,0.0
Iowa,Des Moines,ssp585,SSP5-8.5,2051-2075,Summer,3312000,28.473569340070803,16.358856,37.95877,21.45166540097224,19.62907268170426,23.6265664160401,20.58847117794486,21.38796992481203,22.347368421052632,-2.492429995580733,78.51313405797102,22.503230676328503,0.0,0.0,0.0
Iowa,Des Moines,ssp585,SSP5-8.5,2051-2075,Winter,3247201,-0.35835740301250196,-23.250595,19.556122,26.329243669527184,22.986967418546364,29.86265664160401,25.065664160401,26.344862155388473,27.624060150375943,19.678380316032655,0.0,0.0,91.52433126252426,0.0,0.0
Kansas,Topeka,ssp585,SSP5-8.5,2051-2075,Fall,3276000,19.14702671778132,-4.88443,36.33197,23.07959281384169,19.948872180451126,26.984461152882204,21.228070175438596,22.986967418546364,25.065664160401,4.9072400629167685,24.31700244200244,5.3444139194139195,10.209645909645909,0.0,0.0
Kansas,Topeka,ssp585,SSP5-8.5,2051-2075,Spring,3312000,16.478930011321463,-9.649506,31.304606829861108,23.543666844799183,20.90827067669173,27.783959899749373,21.86766917293233,23.466666666666665,25.225563909774436,7.016667476359925,10.436322463768116,0.012862318840579711,14.36105072463768,0.0,0.0
Kansas,Topeka,ssp585,SSP5-8.5,2051-2075,Summer,3312000,30.786747682625737,19.582489,40.051483,21.031082084740827,19.30927318295739,22.986967418546364,20.268671679197993,21.068170426065162,21.86766917293233,-4.404172342087149,92.5544384057971,48.43858695652174,0.0,0.0,0.0
Kansas,Topeka,ssp585,SSP5-8.5,2051-2075,Winter,3247201,3.321587753152765,-18.169296,22.328857,25.73690066674496,22.507268170426066,29.06315789473684,24.426065162907268,25.705263157894738,27.14436090225564,16.985912121567992,0.0,0.0,75.24169276863365,0.0,0.0
Kentucky,Frankfort,ssp585,SSP5-8.5,2051-2075,Fall,3276000,18.58651341838443,-2.219452,37.398773,23.18212823527071,19.788972431077692,26.66466165413534,21.54786967418546,23.146867167919797,24.90576441102757,5.3733101603214095,17.479639804639806,2.4094017094017097,8.34532967032967,0.0,0.0
Kentucky,Frankfort,ssp585,SSP5-8.5,2051-2075,Spring,3312000,15.750117181421231,-9.936798,31.605743,23.670102985119797,20.90827067669173,27.783959899749373,22.027568922305765,23.6265664160401,25.225563909774436,7.591377205089987,7.793810386473429,0.090006038647343,14.180193236714974,0.0,0.0
Kentucky,Frankfort,ssp585,SSP5-8.5,2051-2075,Summer,3312000,28.457600585039565,15.153046,43.20688,21.453620262310366,18.66967418546366,23.786466165413536,20.58847117794486,21.38796992481203,22.347368421052632,-2.483544262225608,77.50211352657004,23.302083333333336,0.0,0.0,0.0
Kentucky,Frankfort,ssp585,SSP5-8.5,2051-2075,Winter,3247201,5.044480243603104,-15.055084,21.687042,25.458496340367397,22.667167919799496,28.58345864661654,24.266165413533837,25.5453634085213,26.66466165413534,15.720437910760895,0.0,0.0,66.98963199383098,0.0,0.0
Louisiana,Baton Rouge,ssp585,SSP5-8.5,2051-2075,Fall,3276000,25.24045246826501,7.7601013,36.88559,22.0247681874099,19.948872180451126,25.065664160401,20.90827067669173,21.86766917293233,23.306766917293235,0.11258267004500379,51.167032967032966,14.408882783882785,0.003693528693528694,0.0,0.0
Louisiana,Baton Rouge,ssp585,SSP5-8.5,2051-2075,Spring,3312000,23.35015128627424,6.117279,32.735626,22.362368340385988,20.748370927318295,25.225563909774436,21.38796992481203,22.187468671679195,23.466666666666665,1.6471288199363086,36.94477657004831,2.254015700483092,0.20123792270531402,0.0,0.0
Louisiana,Baton Rouge,ssp585,SSP5-8.5,2051-2075,Summer,3312000,31.782913107332867,22.846466,36.64575535833333,20.8508880059448,19.948872180451126,22.507268170426066,20.428571428571427,20.90827067669173,21.228070175438596,-5.223236336614547,99.81524758454107,65.44749396135265,0.0,0.0,0.0
Louisiana,Baton Rouge,ssp585,SSP5-8.5,2051-2075,Winter,3247201,15.160586931654764,-4.222534,33.77472,23.779576769242688,20.428571428571427,26.984461152882204,22.667167919799496,23.786466165413536,24.74586466165414,8.08898531473949,1.0485645945538942,0.0271002626569775,5.522325227172571,0.0,0.0
Maine,Augusta,ssp585,SSP5-8.5,2051-2075,Fall,3276000,13.20960458676448,-5.339081,30.911835,24.10090789993911,21.068170426065162,27.14436090225564,22.507268170426066,24.1062656641604,25.705263157894738,9.549581363359588,2.18015873015873,0.0,25.003663003663,0.0,0.0
Maine,Augusta,ssp585,SSP5-8.5,2051-2075,Spring,3312000,9.564795884902724,-10.153168,26.681488,24.71077786737375,21.707769423558894,27.943859649122807,23.146867167919797,24.74586466165414,26.0250626566416,12.32171757897159,0.04670893719806763,0.0,44.41201690821256,0.0,0.0
Maine,Augusta,ssp585,SSP5-8.5,2051-2075,Summer,3312000,23.98866605394784,12.219208,34.599457,22.25387727773541,20.268671679197993,24.266165413533837,21.38796992481203,22.187468671679195,22.986967418546364,1.153987626070041,33.01268115942029,1.196316425120773,0.0,0.0,0.0
Maine,Augusta,ssp585,SSP5-8.5,2051-2075,Winter,3247201,-0.43877732092258487,-16.465271,17.104187,26.34668712545085,23.466666666666665,28.90325814536341,25.5453634085213,26.344862155388473,27.304260651629072,19.757668752049316,0.0,0.0,97.80146039619967,0.0,0.0
Maryland,Annapolis,ssp585,SSP5-8.5,2051-2075,Fall,3276000,19.935388391747914,0.5190735,35.74414,22.949807712504715,20.10877192982456,26.18496240601504,21.38796992481203,22.986967418546364,24.5859649122807,4.317307784112339,22.492460317460317,4.253266178266178,5.608577533577534,0.0,0.0
Maryland,Annapolis,ssp585,SSP5-8.5,2051-2075,Spring,3312000,16.780980914683493,-5.1380005,32.529327,23.495222096908936,20.748370927318295,27.14436090225564,21.86766917293233,23.466666666666665,25.065664160401,6.7964640768588005,10.42572463768116,0.15721618357487924,11.001992753623188,0.0,0.0
Maryland,Annapolis,ssp585,SSP5-8.5,2051-2075,Summer,3312000,29.560881182047787,17.936066,41.0477,21.253742196069883,19.14937343358396,23.306766917293235,20.428571428571427,21.228070175438596,22.187468671679195,-3.3920809269550776,83.84263285024154,37.24196859903381,0.0,0.0,0.0
Maryland,Annapolis,ssp585,SSP5-8.5,2051-2075,Winter,3247201,6.921538984257585,-11.157074,22.527985,25.153214416667634,22.507268170426066,28.103759398496244,23.946365914786966,25.225563909774436,26.18496240601504,14.3327928030347,0.0,0.0,59.17425499684189,0.0,0.0
Massachusetts,Boston,ssp585,SSP5-8.5,2051-2075,Fall,3276000,16.30103310731488,-0.29382324,30.411346,23.57929402703951,21.068170426065162,26.344862155388473,22.187468671679195,23.6265664160401,25.065664160401,7.1786092138159505,5.680769230769231,0.0,11.268772893772894,0.0,0.0
Massachusetts,Boston,ssp585,SSP5-8.5,2051-2075,Spring,3312000,12.452801486168152,-4.742157,26.21524,24.232200041771097,21.86766917293233,26.984461152882204,22.827067669172934,24.266165413533837,25.5453634085213,10.146363826232262,0.09513888888888888,0.0,27.386775362318836,0.0,0.0
Massachusetts,Boston,ssp585,SSP5-8.5,2051-2075,Summer,3312000,25.922306556682823,16.489716,33.331635,21.912065106607088,20.58847117794486,23.6265664160401,21.228070175438596,21.86766917293233,22.507268170426066,-0.399704060876874,54.77518115942029,2.080978260869565,0.0,0.0,0.0
Massachusetts,Boston,ssp585,SSP5-8.5,2051-2075,Winter,3247201,3.3526421975842573,-10.28952,17.77591,25.739193537445008,23.306766917293235,27.943859649122807,24.90576441102757,25.705263157894738,26.504761904761903,16.99633426111367,0.0,0.0,88.95211599158783,0.0,0.0
Michigan,Lansing,ssp585,SSP5-8.5,2051-2075,Fall,3276000,15.514490440355823,-5.9534607,35.17386,23.705139571456108,20.268671679197993,27.14436090225564,21.86766917293233,23.6265664160401,25.705263157894738,7.750634415709583,10.00964590964591,1.4405677655677656,18.14398656898657,0.0,0.0
Michigan,Lansing,ssp585,SSP5-8.5,2051-2075,Spring,3312000,11.864663995259804,-12.795715,33.572906,24.32150390695943,20.58847117794486,28.263659147869674,22.507268170426066,24.266165413533837,26.0250626566416,10.552290486179219,3.0734903381642513,0.14981884057971015,32.3473731884058,0.0,0.0
Michigan,Lansing,ssp585,SSP5-8.5,2051-2075,Summer,3312000,26.38918403887372,12.090942,38.787018,21.8247642851089,19.469172932330824,24.266165413533837,20.90827067669173,21.86766917293233,22.827067669172934,-0.796525976777735,55.94311594202899,13.756642512077294,0.0,0.0,0.0
Michigan,Lansing,ssp585,SSP5-8.5,2051-2075,Winter,3247201,1.2486409257401248,-18.151917,20.329926,26.074695430986708,22.827067669172934,29.06315789473684,25.065664160401,26.0250626566416,27.14436090225564,18.521342868121398,0.0,0.0,90.92125803114745,0.0,0.0
Minnesota,Saint Paul,ssp585,SSP5-8.5,2051-2075,Fall,3276000,14.505507361935013,-11.423889,36.046722,23.86619483568507,20.10877192982456,28.103759398496244,21.707769423558894,23.786466165413536,26.18496240601504,8.482703798568506,12.097619047619048,2.1393467643467643,25.649969474969474,0.0,0.0
Minnesota,Saint Paul,ssp585,SSP5-8.5,2051-2075,Spring,3312000,11.086793323485557,-15.183777,31.62149,24.446818769599105,20.90827067669173,28.58345864661654,22.507268170426066,24.426065162907268,26.344862155388473,11.12190349817775,3.333967391304348,0.03891908212560386,38.17321859903382,0.0,0.0
Minnesota,Saint Paul,ssp585,SSP5-8.5,2051-2075,Summer,3312000,27.299538826642436,13.990509,38.693512,21.661656112503472,19.62907268170426,23.946365914786966,20.748370927318295,21.707769423558894,22.507268170426066,-1.537926761347854,65.48209541062802,16.98046497584541,0.0,0.0,0.0
Minnesota,Saint Paul,ssp585,SSP5-8.5,2051-2075,Winter,3247201,-2.691954923930064,-27.619263,14.687164,26.700612348078618,23.946365914786966,30.502255639097744,25.705263157894738,26.504761904761903,27.943859649122807,21.36641976399372,0.0,0.0,97.97696539265664,0.0,0.0
Mississippi,Jackson,ssp585,SSP5-8.5,2051-2075,Fall,3276000,23.523471340292247,3.1482629004861113,37.343475,22.324297903641895,19.788972431077692,25.705263157894738,20.90827067669173,22.187468671679195,23.946365914786966,1.4740813801904324,42.20634920634921,11.488614163614164,1.147100122100122,0.0,0.0
Mississippi,Jackson,ssp585,SSP5-8.5,2051-2075,Spring,3312000,21.293329162700918,1.3771667,33.871216,22.71957651102395,20.428571428571427,26.0250626566416,21.38796992481203,22.667167919799496,24.1062656641604,3.2708023228361296,24.383031400966185,2.375211352657005,1.1023852657004831,0.0,0.0
Mississippi,Jackson,ssp585,SSP5-8.5,2051-2075,Summer,3312000,31.597425561889175,20.1875,39.091583,20.884787332158897,19.469172932330824,22.986967418546364,20.268671679197993,20.90827067669173,21.38796992481203,-5.069148490186832,98.69794685990338,57.26029589371981,0.0,0.0,0.0
Mississippi,Jackson,ssp585,SSP5-8.5,2051-2075,Winter,3247201,11.955811404139032,-10.552002,26.30655,24.31846333060812,21.86766917293233,27.943859649122807,23.146867167919797,24.266165413533837,25.5453634085213,10.538469684582372,0.01096328807486817,0.0,22.734687504715602,0.0,0.0
Missouri,Jefferson City,ssp585,SSP5-8.5,2051-2075,Fall,3276000,18.8906749849704,-3.28302,35.306976,23.126529930748728,20.268671679197993,26.824561403508774,21.38796992481203,22.986967418546364,24.90576441102757,5.1205905943123975,20.428174603174604,3.6231379731379727,9.422619047619047,0.0,0.0
Missouri,Jefferson City,ssp585,SSP5-8.5,2051-2075,Spring,3312000,16.298912325030297,-7.3899536,31.340424,23.576513980452344,20.90827067669173,27.464160401002506,22.027568922305765,23.466666666666665,25.225563909774436,7.165972638419743,8.585688405797102,0.010960144927536233,14.236443236714976,0.0,0.0
Missouri,Jefferson City,ssp585,SSP5-8.5,2051-2075,Summer,3312000,29.443519442361183,18.25061,39.531708,21.27565435176105,19.469172932330824,23.306766917293235,20.58847117794486,21.228070175438596,22.027568922305765,-3.2924802192679468,85.99344806763285,33.06135265700483,0.0,0.0,0.0
Missouri,Jefferson City,ssp585,SSP5-8.5,2051-2075,Winter,3247201,4.058213778957573,-16.820251,22.470947,25.61819207875978,22.507268170426066,28.90325814536341,24.266165413533837,25.705263157894738,26.824561403508774,16.44632763072627,0.0,0.0,72.0389036588742,0.0,0.0
Montana,Helena,ssp585,SSP5-8.5,2051-2075,Fall,3276000,12.994772997263471,-15.893219,30.24231,24.131548957864744,21.068170426065162,28.743358395989976,22.347368421052632,24.1062656641604,25.705263157894738,9.6888588993852,3.2809218559218563,0.0,32.93211233211233,0.0,0.0
Montana,Helena,ssp585,SSP5-8.5,2051-2075,Spring,3312000,10.301825373520058,-7.543915,26.556183,24.59427125043889,21.86766917293233,27.464160401002506,23.306766917293235,24.74586466165414,25.705263157894738,11.7921420474495,0.10449879227053141,0.0,40.09239130434782,0.0,0.0
Montana,Helena,ssp585,SSP5-8.5,2051-2075,Summer,3312000,25.606803497477465,11.410797,35.199127,21.96368704127469,20.268671679197993,24.426065162907268,21.068170426065162,21.86766917293233,23.146867167919797,-0.16505890329686937,57.64776570048309,5.422493961352657,0.0,0.0,0.0
Montana,Helena,ssp585,SSP5-8.5,2051-2075,Winter,3247201,1.3156121884292264,-21.781128,12.020721,26.06473498754488,24.266165413533837,29.70275689223058,25.225563909774436,25.86516290726817,27.14436090225564,18.476068125204005,0.0,0.0,97.39113778297063,0.0,0.0
Nebraska,Lincoln,ssp585,SSP5-8.5,2051-2075,Fall,3276000,17.033337314506127,-9.069916,35.308105499999996,23.439688269666846,20.268671679197993,27.783959899749373,21.54786967418546,23.306766917293235,25.38546365914787,6.544037589394752,18.29716117216117,2.895909645909646,16.06892551892552,0.0,0.0
Nebraska,Lincoln,ssp585,SSP5-8.5,2051-2075,Spring,3312000,13.94819923393508,-12.755737,30.400330593750002,23.97054244790721,21.068170426065162,28.263659147869674,22.187468671679195,23.946365914786966,25.705263157894738,8.957011126850954,5.849728260869566,0.0,24.804891304347827,0.0,0.0
Nebraska,Lincoln,ssp585,SSP5-8.5,2051-2075,Summer,3312000,29.324247740881102,17.418488,37.981293,21.297846621687068,19.62907268170426,23.466666666666665,20.58847117794486,21.228070175438596,22.187468671679195,-3.191606265058782,85.07234299516908,31.02044082125604,0.0,0.0,0.0
Nebraska,Lincoln,ssp585,SSP5-8.5,2051-2075,Winter,3247201,0.25099600496180197,-22.959686,20.806427,26.23088669110277,22.827067669172934,29.86265664160401,25.065664160401,26.18496240601504,27.624060150375943,19.231303141376234,0.0,0.0,90.98500523989738,0.0,0.0
Nevada,Carson City,ssp585,SSP5-8.5,2051-2075,Fall,3276000,14.05946024587286,-4.770752,26.765015,23.959929913764878,21.707769423558894,26.984461152882204,22.667167919799496,23.786466165413536,25.38546365914787,8.9087723352949,0.17322954822954822,0.0,21.296398046398046,0.0,0.0
Nevada,Carson City,ssp585,SSP5-8.5,2051-2075,Spring,3312000,9.671861712264711,-2.7950134,24.144012,24.700654214491543,22.187468671679195,26.66466165413534,23.466666666666665,24.74586466165414,25.705263157894738,12.275700974961557,0.0,0.0,41.665881642512076,0.0,0.0
Nevada,Carson City,ssp585,SSP5-8.5,2051-2075,Summer,3312000,22.58124646412758,8.256592,32.22751,22.502331748453262,20.748370927318295,24.90576441102757,21.86766917293233,22.507268170426066,23.306766917293235,2.2833261293330085,15.210990338164251,0.06159420289855072,0.0,0.0,0.0
Nevada,Carson City,ssp585,SSP5-8.5,2051-2075,Winter,3247201,3.838005038494996,-10.911896,12.8471985,25.66214489784775,24.1062656641604,27.943859649122807,25.065664160401,25.705263157894738,26.344862155388473,16.646113172035225,0.0,0.0,92.8333355403623,0.0,0.0
New Hampshire,Concord,ssp585,SSP5-8.5,2051-2075,Fall,3276000,14.43355078365935,-3.348053,32.72177,23.892942656855823,20.748370927318295,26.824561403508774,22.187468671679195,23.946365914786966,25.5453634085213,8.604284803890105,5.064896214896215,0.21581196581196582,19.931623931623932,0.0,0.0
New Hampshire,Concord,ssp585,SSP5-8.5,2051-2075,Spring,3312000,11.432406761462559,-6.548828,28.322052,24.39991913993922,21.54786967418546,27.304260651629072,22.827067669172934,24.426065162907268,25.86516290726817,10.908723363360098,0.704981884057971,0.0,35.56349637681159,0.0,0.0
New Hampshire,Concord,ssp585,SSP5-8.5,2051-2075,Summer,3312000,25.242344283701918,13.544952,36.713654,22.031980021460658,19.948872180451126,24.1062656641604,21.228070175438596,22.027568922305765,22.827067669172934,0.145363733912082,45.92880434782609,3.946044685990338,0.0,0.0,0.0
New Hampshire,Concord,ssp585,SSP5-8.5,2051-2075,Winter,3247201,1.5181090302432974,-14.508209,18.623688,26.03397438614107,23.146867167919797,28.58345864661654,25.225563909774436,26.0250626566416,26.984461152882204,18.336247209732147,0.0,0.0,94.99217941852075,0.0,0.0
New Jersey,Trenton,ssp585,SSP5-8.5,2051-2075,Fall,3276000,18.384356098813566,0.055023193,32.990204,23.21958353132526,20.58847117794486,26.344862155388473,21.707769423558894,23.146867167919797,24.74586466165414,5.543561506023907,15.229395604395604,0.9411782661782662,7.302808302808303,0.0,0.0
New Jersey,Trenton,ssp585,SSP5-8.5,2051-2075,Spring,3312000,14.87702229754373,-5.004059,29.317535,23.82055696578404,21.228070175438596,27.14436090225564,22.347368421052632,23.786466165413536,25.225563909774436,8.275258935381997,3.5540458937198065,0.0,16.65474033816425,0.0,0.0
New Jersey,Trenton,ssp585,SSP5-8.5,2051-2075,Summer,3312000,27.970005311034434,18.476532,37.124573,21.543394605475036,19.788972431077692,23.146867167919797,20.90827067669173,21.54786967418546,22.347368421052632,-2.0754790660225617,75.54864130434783,16.23227657004831,0.0,0.0,0.0
New Jersey,Trenton,ssp585,SSP5-8.5,2051-2075,Winter,3247201,5.26294564709316,-10.051727,20.606598,25.42678413089969,22.827067669172934,27.783959899749373,24.426065162907268,25.5453634085213,26.344862155388473,15.576291504089504,0.0,0.0,73.31726616245807,0.0,0.0
New Mexico,Santa Fe,ssp585,SSP5-8.5,2051-2075,Fall,3276000,13.914776132457236,-5.169464,27.08432,23.986699503949136,21.707769423558894,27.14436090225564,22.827067669172934,23.786466165413536,25.38546365914787,9.030452290677893,0.18571428571428572,0.0,20.172466422466425,0.0,0.0
New Mexico,Santa Fe,ssp585,SSP5-8.5,2051-2075,Spring,3312000,11.278587435122285,-5.2710266,26.094574,24.430931001113898,21.86766917293233,27.14436090225564,23.146867167919797,24.426065162907268,25.705263157894738,11.049686368699534,0.02339975845410628,0.0,30.994927536231888,0.0,0.0
New Mexico,Santa Fe,ssp585,SSP5-8.5,2051-2075,Summer,3312000,22.575173880593713,12.55078125,33.63553,22.505294480313097,20.58847117794486,24.266165413533837,21.86766917293233,22.507268170426066,23.146867167919797,2.296793092332259,12.170682367149759,0.33855676328502415,0.0,0.0,0.0
New Mexico,Santa Fe,ssp585,SSP5-8.5,2051-2075,Winter,3247201,2.6556656130255782,-18.452911,15.487213,25.8523775789725,23.786466165413536,29.06315789473684,25.065664160401,25.86516290726817,26.66466165413534,17.51080717714773,0.0,0.0,93.83244215556721,0.0,0.0
New York,Albany,ssp585,SSP5-8.5,2051-2075,Fall,3276000,15.634971132469463,-3.9463806,34.730743,23.68729356847553,20.268671679197993,26.984461152882204,22.027568922305765,23.786466165413536,25.38546365914787,7.6695162203433105,9.516239316239316,0.6726495726495726,16.95866910866911,0.0,0.0
New York,Albany,ssp585,SSP5-8.5,2051-2075,Spring,3312000,12.707844880319515,-7.807556,30.845123,24.183193906717268,21.068170426065162,27.464160401002506,22.507268170426066,24.1062656641604,25.705263157894738,9.923608666896671,3.004951690821256,0.0,31.148882850241545,0.0,0.0
New York,Albany,ssp585,SSP5-8.5,2051-2075,Summer,3312000,26.625374309768684,13.745636,38.830475,21.78364195119442,19.469172932330824,24.1062656641604,20.90827067669173,21.707769423558894,22.667167919799496,-0.9834456763890064,59.12702294685991,12.868327294685992,0.0,0.0,0.0
New York,Albany,ssp585,SSP5-8.5,2051-2075,Winter,3247201,2.2816246067921804,-14.746124,20.917603,25.910318815009003,22.827067669172934,28.58345864661654,25.065664160401,25.86516290726817,26.824561403508774,17.774176431859104,0.0,0.0,92.50650021356854,0.0,0.0
North Carolina,Raleigh,ssp585,SSP5-8.5,2051-2075,Fall,3276000,20.948942831489397,2.2644653,34.08603,22.77463202159855,20.428571428571427,25.86516290726817,21.228070175438596,22.667167919799496,24.426065162907268,3.521054643629769,28.224297924297925,3.3714896214896215,3.5811965811965814,0.0,0.0
North Carolina,Raleigh,ssp585,SSP5-8.5,2051-2075,Spring,3312000,18.611572951389686,-4.2776794,33.550262,23.18130118306032,20.58847117794486,26.984461152882204,21.707769423558894,23.146867167919797,24.74586466165414,5.369550832092364,15.565609903381642,0.7584239130434782,6.054468599033816,0.0,0.0
North Carolina,Raleigh,ssp585,SSP5-8.5,2051-2075,Summer,3312000,29.88705629780602,18.328949,38.558655,21.196407514559347,19.62907268170426,23.306766917293235,20.58847117794486,21.068170426065162,22.027568922305765,-3.652693115639332,89.73197463768116,36.94915458937198,0.0,0.0,0.0
North Carolina,Raleigh,ssp585,SSP5-8.5,2051-2075,Winter,3247201,9.066743437152743,-10.810333,24.494354,24.798734676140377,22.187468671679195,27.943859649122807,23.6265664160401,24.74586466165414,26.0250626566416,12.721521255183532,0.0,0.0,41.73425051298025,0.0,0.0
North Dakota,Bismarck,ssp585,SSP5-8.5,2051-2075,Fall,3276000,12.246851222776316,-17.35141,32.85446,24.24270744673039,20.58847117794486,28.90325814536341,22.027568922305765,24.266165413533837,26.504761904761903,10.194124757865405,9.373626373626372,0.5547619047619048,36.97087912087912,0.0,0.0
North Dakota,Bismarck,ssp585,SSP5-8.5,2051-2075,Spring,3312000,8.75143696736979,-18.638763,30.733612,24.83536193215526,21.068170426065162,29.223057644110277,22.986967418546364,24.90576441102757,26.66466165413534,12.888008782523903,1.2307971014492753,0.0,45.59945652173913,0.0,0.0
North Dakota,Bismarck,ssp585,SSP5-8.5,2051-2075,Summer,3312000,26.90238571901502,13.151581,37.730927,21.731887635756056,19.788972431077692,24.1062656641604,20.748370927318295,21.707769423558894,22.827067669172934,-1.2186925647451992,64.1058574879227,17.640579710144927,0.0,0.0,0.0
North Dakota,Bismarck,ssp585,SSP5-8.5,2051-2075,Winter,3247201,-4.743038464391523,-28.344055,11.923126,27.021266545980183,24.266165413533837,30.662155388471177,25.86516290726817,26.824561403508774,28.58345864661654,22.823938845364466,0.0,0.0,99.35975629472891,0.0,0.0
Ohio,Columbus,ssp585,SSP5-8.5,2051-2075,Fall,3276000,17.31756767462221,-2.9618835,33.98175,23.399510236213242,20.428571428571427,26.824561403508774,21.707769423558894,23.306766917293235,25.225563909774436,6.361410164605647,13.50995115995116,1.4619963369963371,11.467673992673992,0.0,0.0
Ohio,Columbus,ssp585,SSP5-8.5,2051-2075,Spring,3312000,14.320523738404738,-10.92868,31.488739,23.910826167774523,20.90827067669173,27.943859649122807,22.347368421052632,23.946365914786966,25.5453634085213,8.685573489884197,5.174607487922706,0.0740036231884058,20.238013285024152,0.0,0.0
Ohio,Columbus,ssp585,SSP5-8.5,2051-2075,Summer,3312000,27.45834560221233,14.222412,39.983612,21.633950294516485,19.30927318295739,23.946365914786966,20.748370927318295,21.54786967418546,22.507268170426066,-1.663862297652343,67.30824275362319,17.826419082125604,0.0,0.0,0.0
Ohio,Columbus,ssp585,SSP5-8.5,2051-2075,Winter,3247201,3.431217910504171,-17.44307,23.4281,25.72050267476976,22.347368421052632,29.06315789473684,24.426065162907268,25.86516290726817,26.824561403508774,16.911375794408006,0.0,0.0,78.06991313441945,0.0,0.0
Oklahoma,Oklahoma City,ssp585,SSP5-8.5,2051-2075,Fall,3276000,21.936972452488902,-1.1992493,36.692657,22.59864131054131,19.948872180451126,26.504761904761903,20.90827067669173,22.507268170426066,24.426065162907268,2.721096866096867,34.20705128205128,11.237759462759463,3.0477411477411476,0.0,0.0
Oklahoma,Oklahoma City,ssp585,SSP5-8.5,2051-2075,Spring,3312000,19.666279039969712,-6.5344543,33.30682679861111,22.999687414641684,20.58847117794486,27.304260651629072,21.54786967418546,22.986967418546364,24.5859649122807,4.544033702916747,19.9649154589372,0.9768417874396135,3.6009661835748794,0.0,0.0
Oklahoma,Oklahoma City,ssp585,SSP5-8.5,2051-2075,Summer,3312000,32.24476902741371,20.569885,41.1987,20.763197621923165,19.14937343358396,22.827067669172934,20.10877192982456,20.748370927318295,21.54786967418546,-5.621828991258339,97.6199879227053,68.11262077294687,0.0,0.0,0.0
Oklahoma,Oklahoma City,ssp585,SSP5-8.5,2051-2075,Winter,3247201,8.170312355045303,-13.762848,25.441498,24.947443317713244,22.027568922305765,28.423558897243108,23.786466165413536,24.90576441102757,26.18496240601504,13.397469625969292,0.0,0.0,47.66683676187584,0.0,0.0
Oregon,Salem,ssp585,SSP5-8.5,2051-2075,Fall,3276000,17.077987485514768,-4.6232605,29.52951,23.44925667847887,21.228070175438596,26.984461152882204,22.187468671679195,23.466666666666665,24.74586466165414,6.5875303567221435,6.05448717948718,0.0,3.9780830280830277,0.0,0.0
Oregon,Salem,ssp585,SSP5-8.5,2051-2075,Spring,3312000,14.034922441482738,5.436981,30.10373,23.973925833908446,21.228070175438596,25.38546365914787,23.146867167919797,24.1062656641604,24.74586466165414,8.972390154129299,0.5934480676328503,0.0,3.137530193236715,0.0,0.0
Oregon,Salem,ssp585,SSP5-8.5,2051-2075,Summer,3312000,23.158093561695573,10.730133,33.80429,22.401500183126902,20.428571428571427,24.5859649122807,21.707769423558894,22.347368421052632,23.146867167919797,1.8250008323950115,19.94015700483092,0.40422705314009666,0.0,0.0,0.0
Oregon,Salem,ssp585,SSP5-8.5,2051-2075,Winter,3247201,8.837551704298347,-4.22947695,16.558014,24.845556107272927,23.6265664160401,26.984461152882204,24.266165413533837,24.74586466165414,25.38546365914787,12.934345942149667,0.0,0.0,34.16853468571856,0.0,0.0
Pennsylvania,Harrisburg,ssp585,SSP5-8.5,2051-2075,Fall,3276000,17.00630153203493,-2.4631958,34.292633,23.453590810971274,20.428571428571427,26.66466165413534,21.707769423558894,23.466666666666665,25.225563909774436,6.607230958960337,12.899206349206349,1.1341575091575091,12.135164835164836,0.0,0.0
Pennsylvania,Harrisburg,ssp585,SSP5-8.5,2051-2075,Spring,3312000,14.056988463447635,-7.6966553,30.909698,23.956045401698695,21.068170426065162,27.464160401002506,22.347368421052632,23.946365914786966,25.5453634085213,8.891115462266796,4.65606884057971,0.0,21.212862318840582,0.0,0.0
Pennsylvania,Harrisburg,ssp585,SSP5-8.5,2051-2075,Summer,3312000,27.401993927669828,15.065887,37.542633,21.644311527913988,19.788972431077692,23.786466165413536,20.748370927318295,21.54786967418546,22.667167919799496,-1.6167657822091448,66.99405193236714,17.569806763285023,0.0,0.0,0.0
Pennsylvania,Harrisburg,ssp585,SSP5-8.5,2051-2075,Winter,3247201,3.6190439418275777,-14.97821,21.031769,25.69253957948325,22.827067669172934,28.58345864661654,24.5859649122807,25.705263157894738,26.66466165413534,16.78427081583295,0.0,0.0,81.30491460183708,0.0,0.0
Rhode Island,Providence,ssp585,SSP5-8.5,2051-2075,Fall,3276000,16.88232552682274,0.29458618,30.761871,23.48037455589525,21.068170426065162,26.18496240601504,22.187468671679195,23.466666666666665,24.90576441102757,6.728975254069315,6.534493284493284,0.0,8.602777777777778,0.0,0.0
Rhode Island,Providence,ssp585,SSP5-8.5,2051-2075,Spring,3312000,12.55056887438591,-4.738312,25.733002,24.216829678362565,22.027568922305765,26.984461152882204,22.986967418546364,24.266165413533837,25.5453634085213,10.07649853801166,0.0,0.0,25.30570652173913,0.0,0.0
Rhode Island,Providence,ssp585,SSP5-8.5,2051-2075,Summer,3312000,25.928361201963014,17.145905,32.986267,21.91092012398145,20.58847117794486,23.466666666666665,21.228070175438596,21.86766917293233,22.507268170426066,-0.40490852735703764,54.78771135265701,2.0690821256038645,0.0,0.0,0.0
Rhode Island,Providence,ssp585,SSP5-8.5,2051-2075,Winter,3247201,4.053908863845025,-9.045013,17.824432,25.625527413488257,23.306766917293235,27.783959899749373,24.90576441102757,25.5453634085213,26.504761904761903,16.47967006131026,0.0,0.0,85.28012278882645,0.0,0.0
South Carolina,Columbia,ssp585,SSP5-8.5,2051-2075,Fall,3276000,22.491941277212767,4.2686462,33.908173,22.5056454027315,20.428571428571427,25.5453634085213,21.228070175438596,22.347368421052632,24.1062656641604,2.298388194234087,37.121214896214894,4.769749694749695,1.4514652014652014,0.0,0.0
South Carolina,Columbia,ssp585,SSP5-8.5,2051-2075,Spring,3312000,20.501760769375462,0.094940186,34.776215,22.85559480797405,20.268671679197993,26.344862155388473,21.54786967418546,22.827067669172934,24.266165413533837,3.889067308972956,22.01666666666667,1.457759661835749,2.3042270531400963,0.0,0.0
South Carolina,Columbia,ssp585,SSP5-8.5,2051-2075,Summer,3312000,30.805920170550362,17.983368,37.57617,21.02950993032097,19.788972431077692,23.306766917293235,20.58847117794486,21.068170426065162,21.54786967418546,-4.411318498541047,96.58112922705314,48.57152777777778,0.0,0.0,0.0
South Carolina,Columbia,ssp585,SSP5-8.5,2051-2075,Winter,3247201,11.004856992037661,-7.9930725,26.452911,24.476665549074113,21.86766917293233,27.464160401002506,23.306766917293235,24.426065162907268,25.705263157894738,11.257570677609605,0.1100640212909518,0.0,28.42759040786203,0.0,0.0
South Dakota,Pierre,ssp585,SSP5-8.5,2051-2075,Fall,3276000,15.291132192298035,-14.089966,36.725983,23.72849210985339,19.948872180451126,28.423558897243108,21.54786967418546,23.786466165413536,26.0250626566416,7.856782317515415,17.78550061050061,3.8060744810744813,26.1229242979243,0.0,0.0
South Dakota,Pierre,ssp585,SSP5-8.5,2051-2075,Spring,3312000,11.437626677160253,-16.544983,32.44449,24.390482206270512,20.748370927318295,28.90325814536341,22.507268170426066,24.426065162907268,26.18496240601504,10.86582821032051,3.28100845410628,0.07373188405797101,34.129408212560385,0.0,0.0
South Dakota,Pierre,ssp585,SSP5-8.5,2051-2075,Summer,3312000,29.73232682339599,14.925507,39.758636,21.219869423256206,19.30927318295739,23.786466165413536,20.268671679197993,21.068170426065162,22.347368421052632,-3.546048076108154,81.14510869565218,43.54332729468599,0.0,0.0,0.0
South Dakota,Pierre,ssp585,SSP5-8.5,2051-2075,Winter,3247201,-1.4597605080709612,-24.866821,14.98587,26.504465121227575,23.786466165413536,30.022556390977442,25.38546365914787,26.344862155388473,27.943859649122807,20.474841460125344,0.0,0.0,96.15203986448637,0.0,0.0
Tennessee,Nashville,ssp585,SSP5-8.5,2051-2075,Fall,3276000,20.53669149513737,-0.19463522185416668,37.082214,22.845315422714304,19.788972431077692,26.344862155388473,21.228070175438596,22.827067669172934,24.426065162907268,3.842342830519563,26.0724358974359,4.798565323565324,4.3770451770451775,0.0,0.0
Tennessee,Nashville,ssp585,SSP5-8.5,2051-2075,Spring,3312000,18.149535186547894,-4.66745,33.124115,23.261042782529994,20.58847117794486,26.984461152882204,21.707769423558894,23.306766917293235,24.74586466165414,5.732012647863611,14.315911835748793,0.2669082125603865,5.93635265700483,0.0,0.0
Tennessee,Nashville,ssp585,SSP5-8.5,2051-2075,Summer,3312000,30.00997644208445,16.834381,40.36444,21.17389481750874,19.30927318295739,23.466666666666665,20.58847117794486,21.068170426065162,21.86766917293233,-3.7550235567784607,90.23442028985508,38.21026570048309,0.0,0.0,0.0
Tennessee,Nashville,ssp585,SSP5-8.5,2051-2075,Winter,3247201,7.698221046174518,-14.094025,23.48233,25.024655441852413,22.347368421052632,28.423558897243108,23.786466165413536,25.065664160401,26.18496240601504,13.74843382660188,0.0,0.0,50.216940682144404,0.0,0.0
Texas,Austin,ssp585,SSP5-8.5,2051-2075,Fall,3276000,25.371608203179193,5.0744934,37.43036,21.998159473163977,19.788972431077692,25.38546365914787,20.58847117794486,21.86766917293233,23.466666666666665,-0.008366031072833251,50.700915750915755,18.1724358974359,0.10115995115995116,0.0,0.0
Texas,Austin,ssp585,SSP5-8.5,2051-2075,Spring,3312000,23.314094178957497,4.1496887,33.871918,22.366451915416555,20.428571428571427,25.5453634085213,21.228070175438596,22.187468671679195,23.6265664160401,1.665690524620703,38.17062198067633,3.0991545893719805,0.22294685990338164,0.0,0.0
Texas,Austin,ssp585,SSP5-8.5,2051-2075,Summer,3312000,32.75731582966765,24.454926,39.235382,20.670814141634285,19.469172932330824,22.187468671679195,20.268671679197993,20.58847117794486,21.228070175438596,-6.041753901662342,99.96992753623188,77.74882246376812,0.0,0.0,0.0
Texas,Austin,ssp585,SSP5-8.5,2051-2075,Winter,3247201,14.340684391126437,-8.400665,27.79358,23.917631684582986,21.54786967418546,27.624060150375943,22.827067669172934,23.946365914786966,24.90576441102757,8.716507657195391,0.22135987270267532,0.0,9.493037234221104,0.0,0.0
Utah,Salt Lake City,ssp585,SSP5-8.5,2051-2075,Fall,3276000,14.823460955845386,-5.997101,29.3823085,23.82373867008791,21.228070175438596,27.304260651629072,22.187468671679195,23.786466165413536,25.5453634085213,8.289721227672315,3.122954822954823,0.0,22.330555555555556,0.0,0.0
Utah,Salt Lake City,ssp585,SSP5-8.5,2051-2075,Spring,3312000,11.601767569336324,-5.704254,27.103302,24.374973716900946,21.707769423558894,27.14436090225564,22.827067669172934,24.5859649122807,25.5453634085213,10.795335076822484,0.3771135265700483,0.0,33.00908816425121,0.0,0.0
Utah,Salt Lake City,ssp585,SSP5-8.5,2051-2075,Summer,3312000,26.493882114488326,11.410675,34.467804,21.808883951575794,20.428571428571427,24.426065162907268,21.228070175438596,21.707769423558894,22.507268170426066,-0.8687093110191184,68.11491545893719,3.5133152173913045,0.0,0.0,0.0
Utah,Salt Lake City,ssp585,SSP5-8.5,2051-2075,Winter,3247201,2.7394890216592573,-19.87143,16.324677,25.839392917717294,23.6265664160401,29.382957393483707,25.225563909774436,25.705263157894738,26.66466165413534,17.451785989624067,0.0,0.0,95.65564312156839,0.0,0.0
Vermont,Montpelier,ssp585,SSP5-8.5,2051-2075,Fall,3276000,11.776476050022607,-9.786407,31.312592,24.339029425517392,20.90827067669173,27.783959899749373,22.667167919799496,24.426065162907268,26.0250626566416,10.631951934169964,2.3255494505494507,0.014529914529914529,31.528449328449327,0.0,0.0
Vermont,Montpelier,ssp585,SSP5-8.5,2051-2075,Spring,3312000,8.82104323627686,-13.034454,29.028778,24.831027258514656,21.38796992481203,28.263659147869674,23.146867167919797,24.90576441102757,26.344862155388473,12.868305720521162,0.24423309178743963,0.0,48.01757246376812,0.0,0.0
Vermont,Montpelier,ssp585,SSP5-8.5,2051-2075,Summer,3312000,22.913319370913502,9.130585,34.81836,22.44254237405107,20.268671679197993,24.74586466165414,21.54786967418546,22.507268170426066,23.306766917293235,2.0115562456866765,24.936443236714975,1.3953804347826089,0.0,0.0,0.0
Vermont,Montpelier,ssp585,SSP5-8.5,2051-2075,Winter,3247201,-1.5162610397805905,-21.838257,17.097504,26.517614005659635,23.466666666666665,29.70275689223058,25.5453634085213,26.504761904761903,27.464160401002506,20.5346091166347,0.0,0.0,98.55915910348637,0.0,0.0
Virginia,Richmond,ssp585,SSP5-8.5,2051-2075,Fall,3276000,20.52561393342818,0.261261,35.105347,22.847582963207767,20.268671679197993,26.18496240601504,21.228070175438596,22.827067669172934,24.426065162907268,3.852649832762577,24.679029304029303,4.06019536019536,4.142094017094017,0.0,0.0
Virginia,Richmond,ssp585,SSP5-8.5,2051-2075,Spring,3312000,17.756261828505217,-5.856018,32.960052,23.328326057595675,20.58847117794486,27.14436090225564,21.86766917293233,23.306766917293235,24.90576441102757,6.037845716343975,12.194021739130436,0.2997282608695652,7.790851449275363,0.0,0.0
Virginia,Richmond,ssp585,SSP5-8.5,2051-2075,Summer,3312000,29.859783629315825,17.345184,39.953217,21.199952007282697,19.30927318295739,23.466666666666665,20.428571428571427,21.068170426065162,22.027568922305765,-3.636581785078651,87.8866847826087,38.985778985507245,0.0,0.0,0.0
Virginia,Richmond,ssp585,SSP5-8.5,2051-2075,Winter,3247201,8.006723497244858,-10.520905,23.26416,24.974191407702577,22.347368421052632,27.943859649122807,23.786466165413536,24.90576441102757,26.18496240601504,13.519051853193531,0.0,0.0,49.573093873770055,0.0,0.0
Washington,Olympia,ssp585,SSP5-8.5,2051-2075,Fall,3276000,16.506905384042078,-1.4772034,28.670563,23.547174482145522,21.38796992481203,26.504761904761903,22.347368421052632,23.6265664160401,24.74586466165414,7.032611282479645,3.4067155067155066,0.0,5.608089133089133,0.0,0.0
Washington,Olympia,ssp585,SSP5-8.5,2051-2075,Spring,3312000,14.498654162060314,5.6009216,31.893097,23.89502940503433,20.90827067669173,25.38546365914787,23.146867167919797,23.946365914786966,24.5859649122807,8.613770022883314,0.7943236714975845,0.013617149758454107,2.0563405797101453,0.0,0.0
Washington,Olympia,ssp585,SSP5-8.5,2051-2075,Summer,3312000,22.495628154114808,11.29538,35.19345,22.517485967182452,20.268671679197993,24.426065162907268,21.86766917293233,22.507268170426066,23.306766917293235,2.3522089417384184,14.303291062801932,0.4419987922705314,0.0,0.0,0.0
Washington,Olympia,ssp585,SSP5-8.5,2051-2075,Winter,3247201,9.348134476705862,-4.630554,17.76059,24.75789697621047,23.306766917293235,26.984461152882204,24.1062656641604,24.74586466165414,25.5453634085213,12.535895346411232,0.0,0.0,33.2700685913807,0.0,0.0
West Virginia,Charleston,ssp585,SSP5-8.5,2051-2075,Fall,3276000,18.6169437720082,-0.90515137,34.876495,23.178034196449605,20.268671679197993,26.504761904761903,21.54786967418546,23.146867167919797,24.74586466165414,5.354700892952751,17.092399267399266,1.8003663003663004,8.36559829059829,0.0,0.0
West Virginia,Charleston,ssp585,SSP5-8.5,2051-2075,Spring,3312000,16.01602469738813,-10.548737,32.06717,23.625994890305485,20.748370927318295,27.943859649122807,22.027568922305765,23.6265664160401,25.065664160401,7.390885865024931,6.975030193236716,0.04897342995169083,12.427234299516908,0.0,0.0
West Virginia,Charleston,ssp585,SSP5-8.5,2051-2075,Summer,3312000,28.02047212075989,13.545013,38.788055,21.534046167048047,19.469172932330824,24.1062656641604,20.748370927318295,21.38796992481203,22.507268170426066,-2.117971967963425,75.63309178743961,19.205917874396135,0.0,0.0,0.0
West Virginia,Charleston,ssp585,SSP5-8.5,2051-2075,Winter,3247201,5.6696722356922065,-13.388489,24.396362,25.355995176532993,22.187468671679195,28.423558897243108,23.946365914786966,25.38546365914787,26.504761904761903,15.25452352969542,0.0,0.0,66.54860601484171,0.0,0.0
Wisconsin,Madison,ssp585,SSP5-8.5,2051-2075,Fall,3276000,14.520710402368254,-9.246735,35.135956,23.869031445524687,20.268671679197993,27.783959899749373,22.027568922305765,23.786466165413536,26.18496240601504,8.495597479657668,9.349664224664226,1.015964590964591,21.279151404151403,0.0,0.0
Wisconsin,Madison,ssp585,SSP5-8.5,2051-2075,Spring,3312000,11.106944255375861,-11.934723,30.741089,24.44844547918709,21.068170426065162,28.103759398496244,22.667167919799496,24.426065162907268,26.18496240601504,11.129297632668589,1.5996678743961352,0.0,35.53288043478261,0.0,0.0
Wisconsin,Madison,ssp585,SSP5-8.5,2051-2075,Summer,3312000,26.142551443410472,12.879364,38.185394,21.868912885928594,19.62907268170426,24.1062656641604,21.068170426065162,21.86766917293233,22.827067669172934,-0.5958505185063891,55.50455917874396,9.401871980676328,0.0,0.0,0.0
Wisconsin,Madison,ssp585,SSP5-8.5,2051-2075,Winter,3247201,-1.2046872765091954,-23.201859,17.21457,26.46612504161373,23.466666666666665,29.86265664160401,25.5453634085213,26.344862155388473,27.624060150375943,20.300568370971497,0.0,0.0,94.53880434257073,0.0,0.0
Wyoming,Cheyenne,ssp585,SSP5-8.5,2051-2075,Fall,3276000,13.001607978288803,-9.870392,26.649017,24.13324083973671,21.707769423558894,27.783959899749373,22.507268170426066,24.1062656641604,25.705263157894738,9.696549271530506,0.4008547008547009,0.0,30.057264957264955,0.0,0.0
Wyoming,Cheyenne,ssp585,SSP5-8.5,2051-2075,Spring,3312000,9.70718189490415,-9.366608,25.937256,24.689994279478892,21.86766917293233,27.783959899749373,23.306766917293235,24.74586466165414,25.86516290726817,12.227246724904054,0.03297101449275362,0.0,43.47025966183575,0.0,0.0
Wyoming,Cheyenne,ssp585,SSP5-8.5,2051-2075,Summer,3312000,24.13629389564093,11.424774,32.55905,22.22922857687697,20.748370927318295,24.426065162907268,21.54786967418546,22.187468671679195,22.986967418546364,1.0419480767135008,30.30335144927536,0.41862922705314004,0.0,0.0,0.0
Wyoming,Cheyenne,ssp585,SSP5-8.5,2051-2075,Winter,3247201,1.9639898363017185,-18.198486,15.000885,25.962832856677977,23.786466165413536,29.06315789473684,25.065664160401,25.86516290726817,26.824561403508774,18.012876621263533,0.0,0.0,93.18166630276352,0.0,0.0
